name,frequency,mean_age
MARIA,543083,48.3
CARMEN,333187,60.4
LAURA,259183,34.2
ISABEL,237075,60.3
ANA,236862,46.2
MARTA,229080,35.1
CRISTINA,226072,39.9
JOSEFA,225853,71.6
LUCIA,222807,25.9
FRANCISCA,180314,68.6
SARA,179954,28.9
PAULA,179475,24.0
ANTONIA,175294,68.2
ELENA,161702,40.1
DOLORES,159919,70.1
RAQUEL,147129,42.4
MANUELA,132788,60.9
JULIA,129527,37.6
ALBA,126045,21.6
PILAR,123094,66.2
CONCEPCION,123055,69.4
BEATRIZ,122329,43.1
MERCEDES,120557,64.7
SILVIA,120455,42.3
NURIA,118882,43.3
IRENE,118193,30.7
PATRICIA,112460,38.2
ROCIO,110760,34.1
ANDREA,110011,27.7
MONICA,103427,44.1
MONTSERRAT,103244,59.3
ROSARIO,102875,67.3
JUANA,101137,68.9
ALICIA,101069,41.9
TERESA,99940,63.4
SOFIA,99913,19.5
ENCARNACION,99567,67.1
MARINA,99167,35.2
SANDRA,98381,35.9
SONIA,98076,43.9
NATALIA,98075,33.8
SUSANA,95034,48.5
ANGELA,92478,45.7
YOLANDA,91325,49.3
CLAUDIA,90099,20.6
CARLA,87268,17.5
ROSA,86111,67.2
EVA,83289,37.4
MARGARITA,80835,63.9
DANIELA,76272,17.5
INMACULADA,76016,50.5
NOELIA,74409,34.2
VERONICA,72422,39.8
ESTHER,71876,46.5
MARTINA,71107,16.1
CAROLINA,69667,37.7
NEREA,68489,24.3
INES,64874,35.3
MIRIAM,64208,33.2
LORENA,62508,34.8
VICTORIA,60024,43.9
ALEJANDRA,59274,25.8
ANGELES,56113,69.1
FATIMA,54240,40.7
CELIA,53557,34.8
LIDIA,53100,39.3
AINHOA,51853,23.5
VALERIA,50854,12.1
AMPARO,50715,67.6
OLGA,50605,50.5
CLARA,50093,30.6
CATALINA,49790,60.6
ADRIANA,49568,22.4
ANNA,48063,35.3
EMMA,47562,16.1
VANESA,44785,40.4
BLANCA,44550,29.5
GLORIA,44473,57.2
CONSUELO,43289,70.1
VIRGINIA,43146,45.5
AURORA,42269,58.7
LAIA,41365,18.9
EMILIA,41245,66.7
NOA,40682,10.9
ESPERANZA,39959,62.9
VALENTINA,39666,24.9
LOURDES,39275,52.3
LUISA,39170,67.6
ESTEFANIA,38586,37.3
MILAGROS,38509,66.6
JOSEFINA,36842,70.6
GEMA,36343,41.1
BEGOÑA,36293,53.9
AITANA,36021,13.5
ELISA,34778,48.9
PURIFICACION,34656,68.7
ARIADNA,34462,18.0
BELEN,34039,39.0
TAMARA,33862,35.8
CARLOTA,33331,19.4
LARA,33232,18.1
REBECA,31785,36.0
MIREIA,31361,31.1
PALOMA,30944,44.3
GEMMA,30784,43.9
ARACELI,30634,61.0
ALMUDENA,30575,40.4
VANESSA,30544,40.0
MAGDALENA,30167,64.7
NOEMI,30125,35.7
DIANA,30019,31.2
LEIRE,29832,21.0
TANIA,28420,32.9
MATILDE,28108,67.6
CANDELA,28070,13.3
ELVIRA,27897,62.1
REMEDIOS,27537,67.2
SOLEDAD,27508,63.0
AINARA,27446,19.2
LOLA,27191,11.5
ASUNCION,26859,69.5
JESSICA,26643,34.7
TRINIDAD,26150,68.4
JIMENA,25958,11.3
OLIVIA,25934,13.4
NATIVIDAD,25928,67.2
VICENTA,25401,73.9
GABRIELA,24463,28.9
ASCENSION,24106,69.4
MARIANA,23370,45.7
RAFAELA,23251,67.5
ADELA,23159,62.1
NORA,23045,16.4
NIEVES,22970,63.4
AMELIA,22951,58.5
AROA,22536,21.2
ELISABET,22456,41.2
AMALIA,22174,60.1
LETICIA,22171,37.8
ALMA,21802,8.5
VEGA,21739,7.6
BARBARA,21224,43.3
ESTER,21133,43.7
JUDITH,21127,29.7
ALEXANDRA,20902,30.3
BERTA,20618,30.1
FELISA,20590,74.7
HELENA,20589,24.5
JENNIFER,20371,32.8
SHEILA,20114,29.2
LEONOR,20105,59.1
NADIA,19960,30.1
JUDIT,19723,32.6
GUADALUPE,19589,57.0
CECILIA,19467,49.3
ELSA,19408,23.5
VERA,18582,11.9
RUTH,18183,36.8
SORAYA,18167,35.3
RAMONA,18117,71.1
ESTRELLA,18091,50.4
ABRIL,17968,10.1
MAR,17770,17.7
AINA,17672,17.1
ERIKA,17611,24.8
PAOLA,17590,23.0
JULIANA,17504,65.0
JOAQUINA,17451,70.7
NAIARA,17347,21.8
LEYRE,17250,16.2
ROSALIA,16933,61.8
KHADIJA,16812,34.8
AGUSTINA,16465,67.1
MIA,16391,6.0
AFRICA,16381,25.2
MACARENA,16296,32.1
TATIANA,15832,38.3
CHLOE,15490,6.7
AIDA,15485,35.9
PETRA,15421,72.6
AMAIA,15344,32.1
ESTELA,14996,31.9
IRIA,14981,19.2
ADORACION,14972,68.2
YAIZA,14734,23.5
IRIS,14563,20.9
SARAY,14215,24.7
AMANDA,14144,29.0
TRIANA,14130,8.0
ELISABETH,14018,38.8
ANE,12967,20.8
JOANA,12871,37.6
ELIZABETH,12841,40.8
ITZIAR,12803,35.6
EUGENIA,12644,60.9
LUNA,12597,13.4
ARANZAZU,12501,45.7
MAITE,12296,42.0
ZOE,12238,9.7
EULALIA,12174,65.4
SALMA,12012,15.9
VIOLETA,11811,28.6
AYA,11450,13.0
IRINA,11306,33.5
JANA,11254,16.4
MIRIAN,11146,37.0
HERMINIA,11134,70.2
ELIA,11018,28.0
DESIREE,10867,29.8
MERITXELL,10722,38.3
NEUS,10599,35.4
ENRIQUETA,10452,72.5
AMAYA,10368,39.5
PIEDAD,10316,68.6
IRATI,10299,18.1
GALA,10157,8.4
AICHA,10101,43.9
NAYARA,10067,15.8
MARIAM,10065,20.6
RITA,10024,50.8
LYDIA,9982,33.0
LIA,9954,10.3
NAIMA,9873,41.1
FLORENTINA,9867,68.0
MARA,9857,14.8
ESMERALDA,9775,43.6
ALEXIA,9755,16.8
GISELA,9531,26.0
ONA,9463,10.9
SAMIRA,9449,32.9
ISABELLA,9285,13.1
MERCE,9278,58.7
NAIA,9123,12.4
GREGORIA,9112,74.8
AURELIA,9108,70.3
ZAIRA,9061,20.7
CARIDAD,9025,65.0
ROSER,8957,56.9
NAZARET,8816,25.1
NAHIA,8795,13.0
CANDIDA,8772,71.7
YASMINA,8647,26.7
ANABEL,8643,34.2
SAGRARIO,8626,70.4
AGUEDA,8563,57.1
JENIFER,8551,33.8
AMINA,8519,31.4
MALAK,8478,11.1
EDURNE,8235,31.6
CONSOLACION,8139,64.8
LINA,8100,22.6
CAMILA,8002,25.6
CAYETANA,7921,16.7
ESTIBALIZ,7915,41.2
ADELINA,7879,66.7
AZUCENA,7856,51.7
YANIRA,7836,19.6
MARIONA,7833,22.8
AZAHARA,7829,21.5
MARISOL,7717,52.2
FABIOLA,7711,41.6
CORAL,7653,26.0
AMIRA,7643,8.1
MICAELA,7585,51.6
ELOISA,7559,61.7
FATIHA,7539,46.2
YASMIN,7519,14.8
CARME,7446,60.3
JESICA,7427,37.4
CANDELARIA,7417,64.8
ADELAIDA,7401,63.8
FELICIDAD,7372,71.0
MONSERRAT,7329,53.6
JULIETA,7319,16.0
LILIANA,7301,46.3
AINOA,7289,25.5
MALIKA,7257,51.5
DELIA,7211,47.5
INGRID,7188,32.4
MIREYA,7124,28.7
FERNANDA,7110,62.0
TEODORA,7079,70.8
JUNE,7022,15.6
ANGELICA,7013,45.6
ARANTXA,7006,32.4
HORTENSIA,6951,72.4
TOMASA,6852,74.9
REGINA,6821,57.0
BENITA,6744,73.6
NAGORE,6657,28.8
KARIMA,6568,40.7
ANAIS,6517,20.3
FILOMENA,6515,73.4
FLORA,6487,68.5
PAULINA,6486,58.7
RACHIDA,6461,47.5
NICOLE,6420,20.9
FUENSANTA,6387,62.2
LAILA,6378,30.6
HANANE,6350,37.7
IRATXE,6281,35.4
MAIDER,6258,31.2
ANTIA,6239,19.2
IDOIA,6231,44.3
MAIALEN,6138,22.9
ROSANA,6114,42.9
FLORENCIA,6103,63.5
UXUE,6074,17.6
DEBORA,6068,36.5
MARCELINA,6065,74.1
IRYNA,5939,45.4
BOUCHRA,5938,38.9
NAROA,5924,18.6
GEORGINA,5919,38.8
VISITACION,5867,72.9
HAJAR,5809,21.8
IZASKUN,5798,45.7
OLENA,5791,46.7
SAIDA,5783,43.6
ANGELINA,5781,57.9
MARIBEL,5702,51.1
SAMARA,5673,18.0
SABINA,5630,50.9
SALOME,5609,29.9
DELFINA,5581,67.3
LUCIANA,5545,34.6
VIRTUDES,5524,70.2
ALINA,5497,33.1
CLOE,5489,8.7
GENOVEVA,5485,63.6
DAVINIA,5448,34.6
SALVADORA,5409,69.4
UXIA,5353,17.1
MARWA,5347,11.6
ANASTASIA,5333,44.1
AVELINA,5285,73.5
ERICA,5271,32.5
IMANE,5220,26.2
REYES,5214,49.0
SARAI,5166,31.7
SEBASTIANA,5141,70.6
EIDER,5136,24.7
LATIFA,5132,46.2
ARLET,5124,8.5
MYRIAM,5118,40.3
MINERVA,5113,29.3
SOUAD,5090,41.5
AMAL,5059,28.3
FRANCESCA,5056,49.8
NAYRA,4994,18.5
NINA,4948,34.1
INDIA,4944,5.7
NOUR,4925,8.0
URSULA,4915,47.3
SARAH,4906,23.6
MARCELA,4893,48.4
ALFONSA,4874,71.5
MIHAELA,4867,44.2
IKRAM,4866,27.1
DOLORS,4856,71.9
OKSANA,4834,46.0
AUREA,4808,67.6
SABRINA,4753,30.2
ARIANA,4749,19.1
ZAHRA,4749,43.6
DINA,4729,23.7
HAIZEA,4709,17.3
GRACIA,4690,61.8
MELANIA,4652,34.2
DESAMPARADOS,4616,68.7
PATROCINIO,4610,73.4
COVADONGA,4574,41.0
ISIDORA,4571,72.3
EVELYN,4563,26.0
BRUNA,4555,15.7
JUSTA,4555,74.9
LORENZA,4543,71.7
HAFIDA,4538,47.7
ADA,4532,19.2
MAIA,4527,13.1
EVANGELINA,4514,66.5
PALMIRA,4513,69.5
FELIPA,4512,75.6
BIANCA,4480,17.0
THAIS,4467,25.6
CINTIA,4458,30.2
SIHAM,4458,33.0
NAJAT,4430,44.0
MIREN,4429,37.4
IVET,4416,13.8
OBDULIA,4405,72.2
MAITANE,4379,30.4
OLATZ,4378,35.5
BRIGIDA,4365,67.6
MARIIA,4348,33.1
HAYAT,4336,38.1
RUT,4315,35.9
MARYAM,4300,20.5
XENIA,4300,24.1
MAYA,4261,14.6
NAIRA,4215,16.7
SVITLANA,4208,51.3
IZARO,4173,16.1
GRACIELA,4162,47.8
BIENVENIDA,4159,69.7
JESUSA,4145,76.7
MELISSA,4131,24.2
SIRA,4129,24.2
TETIANA,4118,45.7
SAIOA,4117,30.6
JACINTA,4093,72.2
SABELA,4088,19.3
JACQUELINE,4080,48.2
ABIGAIL,4053,22.6
ICIAR,4045,39.8
ANASTASIIA,4015,27.2
HIBA,4007,13.8
LEILA,3995,27.2
KAREN,3994,31.9
ANGUSTIAS,3975,71.5
ANTONELLA,3971,13.8
GERTRUDIS,3963,69.3
OIHANE,3950,25.7
GRETA,3935,12.3
DIONISIA,3933,75.0
JARA,3923,16.9
ZOHRA,3923,53.7
LORETO,3886,40.9
NATALIIA,3881,45.5
MODESTA,3880,74.0
HALIMA,3866,40.4
JAMILA,3856,43.8
ZAIDA,3852,30.6
RUFINA,3819,74.1
OTILIA,3809,71.8
CLOTILDE,3808,72.3
DOMINGA,3801,71.1
GUILLERMINA,3783,64.3
DARIA,3777,32.2
IMAN,3772,20.9
SOCORRO,3765,72.8
IRUNE,3750,26.9
EMILIANA,3729,71.1
SVETLANA,3729,50.8
DAMARIS,3726,31.6
KARINA,3708,34.6
FATNA,3701,54.2
HANAN,3678,37.5
MINA,3672,46.5
OLAYA,3619,25.3
OLHA,3613,46.3
MICHELLE,3610,25.6
BALBINA,3593,72.3
MARIELA,3573,34.6
SAMANTHA,3525,20.7
EKATERINA,3513,36.2
MADDI,3506,15.3
DANIELLA,3491,12.6
NAOMI,3480,19.1
DESIRE,3453,29.0
CYNTHIA,3449,28.4
HENAR,3445,27.4
LUZ,3442,47.8
MELANIE,3437,28.2
FARAH,3426,22.2
DUNIA,3418,26.1
ENARA,3414,16.8
ILUMINADA,3411,69.9
JANIRE,3407,31.0
YESICA,3406,36.6
MELISA,3401,29.7
BIBIANA,3388,49.8
PASTORA,3381,57.4
LOUBNA,3378,34.5
ZINEB,3371,31.5
ALAIA,3357,7.4
PAZ,3346,54.3
CARMELA,3326,43.9
SALUD,3297,65.5
FELICITAS,3285,74.0
ANNE,3267,26.7
BRENDA,3265,29.6
MENCIA,3263,13.0
MIRANDA,3261,15.7
MALENA,3255,17.8
ADARA,3240,6.5
FELICIANA,3240,73.3
PAMELA,3238,39.0
AITZIBER,3230,40.9
HANNA,3218,37.6
GARAZI,3217,23.7
NANCY,3206,50.6
OLIVA,3183,69.5
ELISENDA,3182,46.6
IGNACIA,3178,73.2
KAOUTAR,3178,26.8
NEKANE,3159,34.6
ILHAM,3157,32.3
RAHMA,3137,52.6
AZIZA,3118,41.1
INOCENCIA,3103,73.9
SACRAMENTO,3101,69.1
MARAVILLAS,3099,61.4
OLALLA,3099,34.5
JONE,3097,29.8
KATERYNA,3088,35.4
EUSEBIA,3080,75.9
IRAIA,3073,16.2
ASMAE,3070,29.2
YURENA,3051,36.4
PRESENTACION,3037,72.5
SIMONA,3010,47.8
LUA,3003,11.0
MERIEM,2998,32.3
ENGRACIA,2997,74.0
DAFNE,2992,13.3
NICOLASA,2970,73.3
CASILDA,2967,57.3
FAUSTINA,2961,72.3
GINA,2942,22.1
CELESTE,2938,23.0
SANAE,2936,33.6
OLAIA,2930,24.3
MERYEM,2924,28.4
YOUSRA,2923,19.6
NOURA,2920,34.3
QUERALT,2920,16.8
BELINDA,2919,42.1
AISHA,2917,12.0
VICTORINA,2916,77.3
VIKTORIIA,2914,32.8
NICOLETA,2902,43.4
SERAFINA,2902,72.1
CATERINA,2898,36.8
HABIBA,2897,52.0
INDIRA,2887,15.2
DAYANA,2886,19.3
FERMINA,2883,73.6
CELESTINA,2880,73.4
NATALIYA,2862,51.1
EMILY,2861,12.9
MARIYA,2847,52.7
YASMINE,2843,16.2
RANIA,2837,14.9
ARANCHA,2821,28.0
ALAZNE,2784,27.4
IDAIRA,2782,19.4
SONSOLES,2771,48.4
GIULIA,2769,20.9
YESSICA,2755,34.9
DALIA,2748,22.3
LEA,2709,13.0
SATURNINA,2708,76.9
IOANA,2687,48.9
NELIDA,2685,61.1
HOUDA,2674,28.0
CHAIMAE,2671,24.6
CONCEPCIO,2669,73.2
SOUKAINA,2666,28.1
THALIA,2666,14.6
ARIANNA,2653,19.2
OFELIA,2645,67.7
ARANTZAZU,2641,43.5
YARA,2641,17.3
KATHERINE,2624,32.6
ARANTZA,2604,50.1
KATIA,2594,33.4
SELENE,2585,24.7
SELENA,2583,18.4
MALEN,2576,11.7
PRISCILA,2569,40.7
ROXANA,2568,38.8
YAMINA,2567,51.4
PASCUALA,2551,73.1
JERONIMA,2549,71.2
ELIANA,2546,34.3
ASTRID,2543,24.5
YLENIA,2534,21.9
BENEDICTA,2522,74.2
CELSA,2505,72.7
CLEMENTINA,2504,71.2
HAFSA,2493,16.3
RIM,2485,10.5
SAADIA,2479,52.0
MARIAN,2478,32.3
MAYRA,2478,27.7
ALESSANDRA,2471,30.3
DANA,2469,20.1
LOREA,2467,29.7
MARLENE,2455,48.2
ASSIA,2437,27.3
GLADYS,2431,54.8
MILENA,2426,28.3
ROMINA,2420,33.5
BASILISA,2414,76.0
SAFAE,2407,17.1
RABIA,2406,48.3
YULIIA,2405,35.3
AURA,2400,15.4
ISABELA,2393,17.4
LUCRECIA,2384,63.2
BASMA,2376,12.5
VIVIANA,2373,40.4
KARLA,2372,19.8
LIBERTAD,2372,32.6
CHIARA,2369,24.3
JANNAT,2360,7.7
HIND,2346,28.9
ZURIÑE,2343,35.6
SOUMIA,2342,36.0
FATOUMATA,2336,25.3
HAKIMA,2334,42.1
LAYLA,2328,26.2
BERNARDA,2324,70.6
FLORINDA,2310,72.2
LUCILA,2308,62.7
HALYNA,2304,55.6
GHIZLANE,2300,32.7
KRISTINA,2287,32.8
FOUZIA,2284,43.9
MARTHA,2268,50.7
IRMA,2266,50.9
IVANA,2264,31.8
ELOINA,2253,72.5
JANET,2251,38.6
SOL,2249,17.9
AMARA,2242,19.0
MARISA,2242,48.2
ENCARNACIO,2227,73.9
MILAGROSA,2215,56.7
ITXASO,2212,34.6
ALICE,2207,22.8
CRISTOBALINA,2205,66.7
IBTISSAM,2205,26.9
OUMAIMA,2199,22.4
MIRELLA,2193,30.3
MARIOLA,2191,32.2
ANUNCIACION,2188,75.5
SILVANA,2188,39.1
OLIMPIA,2185,53.3
ZORAIDA,2179,42.8
ANITA,2178,56.5
ALDARA,2166,18.1
FELICIA,2163,61.8
ATENEA,2152,10.7
VICTORIANA,2151,76.1
LENA,2147,14.4
NORMA,2131,50.2
FARIDA,2114,48.7
OIHANA,2112,36.1
DEBORAH,2110,39.0
JUSTINA,2110,69.3
GARA,2106,16.3
NABILA,2105,36.7
MIRYAM,2099,36.1
RENATA,2096,34.4
XIANA,2093,14.2
CARINA,2092,43.3
TETYANA,2087,51.9
ISOLINA,2084,75.2
ARIA,2064,4.9
SOPHIA,2064,13.3
MARYNA,2063,41.0
DOUNIA,2050,25.7
VIORICA,2048,54.7
ANGELITA,2045,72.9
INNA,2043,44.4
KIARA,2036,14.0
ARIANE,2035,21.3
ARYA,2022,5.1
ANGELS,2020,51.1
MAXIMA,2020,72.1
NAOUAL,2018,37.3
VERONIKA,2016,27.4
IMMACULADA,2014,54.5
MARITZA,2013,52.6
EDELMIRA,2005,72.9
NOAH,2005,10.1
MARGALIDA,1998,42.1
BASILIA,1987,69.4
CONSTANZA,1983,49.7
ELBA,1979,27.4
SAMIA,1976,29.2
JAIONE,1967,44.0
MAXIMINA,1967,74.5
INDARA,1966,9.8
ELENE,1965,14.5
PRIMITIVA,1952,75.5
AGNES,1945,38.3
NOOR,1945,11.3
MIGUELA,1939,69.6
TASNIM,1932,6.9
HOURIA,1930,45.7
MANAL,1929,19.9
ELADIA,1924,73.2
FIDELA,1911,76.0
MONIKA,1909,45.0
ALAITZ,1908,27.0
SALIMA,1901,33.2
INAS,1900,9.7
MARGARIDA,1898,61.8
YULIA,1896,35.2
ZULEMA,1892,32.7
APOLONIA,1889,70.1
ASIA,1888,17.1
BERNARDINA,1883,71.7
RODICA,1883,53.8
TOURIA,1876,47.2
CORAIMA,1873,17.0
ZAINAB,1870,16.7
ROSAURA,1869,63.1
STEFANIA,1868,35.4
ISRAE,1864,9.2
SAMANTA,1863,30.1
VALENTYNA,1863,58.8
BELLA,1856,33.0
LIUDMYLA,1852,54.6
ARES,1848,15.1
HASNA,1847,35.4
ZAHIRA,1847,24.2
ASMAA,1844,30.8
XIOMARA,1837,33.2
AMADA,1830,65.8
EDUARDA,1828,68.0
GALINA,1827,56.9
ISIDRA,1823,74.2
ROSALINA,1823,65.5
FATOU,1819,31.4
JOHANNA,1818,35.6
ALEKSANDRA,1816,29.2
JADE,1815,10.9
KAWTAR,1814,15.5
WIAM,1812,13.5
CATHERINE,1810,46.2
OLEKSANDRA,1809,35.2
MARIEM,1801,30.3
YOANA,1794,33.7
ENERITZ,1792,29.5
ASMA,1789,30.8
POLINA,1786,22.8
CATALEYA,1777,3.5
SOPHIE,1773,17.9
DANAE,1772,14.7
AINTZANE,1771,40.4
MELANI,1770,25.0
NARCISA,1770,70.3
ARGENTINA,1768,70.3
IDOYA,1762,48.6
AHLAM,1760,23.2
FADOUA,1758,35.0
GEORGETA,1751,54.0
DOROTEA,1750,72.3
SABAH,1750,37.1
ALANA,1745,7.9
SHEYLA,1745,24.2
SOFIIA,1743,15.6
SUSANNA,1742,47.1
IONELA,1734,40.0
FLAVIA,1731,27.6
LILIA,1726,38.3
MIRELA,1722,43.9
GIOVANNA,1716,36.8
HIDAYA,1716,6.5
NEREIDA,1713,37.6
EDITH,1712,41.5
SANAA,1710,36.1
DORA,1707,57.3
JOANNA,1703,35.1
ELAIA,1699,8.1
PRUDENCIA,1698,74.1
GALLA,1694,11.2
CAMELIA,1693,41.9
ESTEL,1685,22.3
EMERITA,1682,73.0
MARIAMA,1675,26.7
FABIANA,1673,45.4
LEIA,1672,7.7
NADA,1672,18.8
AINHARA,1669,12.4
JOSUNE,1669,43.6
AGATA,1665,29.1
CORINA,1665,42.2
DAMIANA,1650,68.4
ALLA,1649,51.7
ISRAA,1648,7.9
ANDREEA,1646,29.2
KIRA,1644,15.0
RESURRECCION,1643,69.8
ISAURA,1638,63.9
ALEGRIA,1624,33.5
LIUDMILA,1621,56.4
DENISE,1618,38.5
ERNESTINA,1617,70.5
ASHLEY,1614,11.8
AMINATA,1611,25.2
DIGNA,1609,71.1
ALBINA,1607,66.4
LINDA,1605,47.2
FADMA,1600,59.3
TEOFILA,1600,77.5
LIUBOV,1599,54.8
ARRATE,1595,37.3
ANIA,1591,19.7
ILEANA,1581,52.4
ANTONINA,1580,64.8
ANGELINES,1574,69.9
EDUVIGIS,1573,64.8
AINOHA,1563,22.7
DORINDA,1562,75.4
ALESSIA,1559,20.9
MAREN,1557,12.4
BENIGNA,1556,74.4
CINTA,1555,50.7
RITAJ,1555,6.4
GARBIÑE,1554,50.6
YADIRA,1552,28.5
MELANY,1546,18.5
AYLA,1543,10.3
SEGUNDA,1542,77.0
LARISA,1541,49.2
STEPHANIE,1539,35.0
MISERICORDIA,1535,64.8
PETRONILA,1535,70.8
SANTIAGA,1525,73.3
ARIADNE,1524,13.7
IULIIA,1524,38.8
DOUAE,1521,14.8
LUZDIVINA,1521,71.8
NELLY,1520,52.1
YESENIA,1518,30.7
PENELOPE,1506,35.9
SEILA,1502,37.8
VALLE,1498,37.2
YANA,1497,31.6
HILDA,1494,59.0
LIVIA,1491,35.1
CHAYMAE,1487,22.6
CELINA,1482,53.7
MAROUA,1481,15.4
XIMENA,1479,26.0
MARIANELA,1478,47.2
ALISA,1475,16.8
CORNELIA,1473,55.7
DIVINA,1469,70.0
FATMA,1465,48.6
SANA,1465,31.0
PLACIDA,1464,71.7
STELLA,1463,34.7
LIBE,1458,17.6
IRAIDE,1448,24.6
TELMA,1447,15.6
GINESA,1444,67.2
IVETTE,1444,28.7
SAFAA,1443,15.2
ENMA,1438,23.5
SALIHA,1433,42.1
JULITA,1418,73.9
AVRIL,1413,11.4
CHRISTINE,1413,60.4
HASNAE,1413,32.7
ROSALBA,1412,57.8
GRISELDA,1410,52.2
LILIAN,1401,38.9
LLUNA,1379,13.7
GUMERSINDA,1378,75.3
MANAR,1375,17.1
ELNA,1374,8.4
ALIA,1370,25.4
EUFEMIA,1368,75.0
NEZHA,1367,42.9
ARABIA,1366,10.6
FEDERICA,1366,36.2
NADINE,1362,29.2
FE,1358,73.6
NATHALIE,1356,39.8
HANAE,1353,23.3
MAGALI,1352,34.0
NAYELI,1351,12.1
PURA,1351,74.1
GADEA,1350,13.3
AYLEN,1348,8.1
SUSAN,1347,60.6
GAIA,1346,10.9
LUANA,1346,21.8
CONSTANTINA,1343,71.7
GUACIMARA,1343,40.3
IULIANA,1336,46.0
YULIYA,1334,41.0
HILARIA,1330,74.4
SYLVIA,1328,52.0
VALERIANA,1327,75.1
YUMARA,1326,17.8
YANET,1325,36.6
HELEN,1319,38.4
DANIA,1312,21.0
DALILA,1305,37.6
MOUNIA,1305,37.8
CUSTODIA,1303,68.2
LARYSA,1303,57.0
LUCINDA,1300,69.7
NAYLA,1300,9.5
WISSAL,1299,15.2
ALAE,1296,10.2
CORA,1295,19.1
MILA,1295,15.6
DOMITILA,1294,73.6
DUNA,1292,14.5
LYUDMYLA,1291,57.1
MELODY,1291,23.5
NARA,1291,11.0
ENEDINA,1290,74.3
MABEL,1290,40.7
SANTA,1287,63.6
DEVA,1286,10.4
LENUTA,1285,51.7
NAILA,1285,18.5
LAYAN,1284,3.0
ROGELIA,1283,74.1
CASIMIRA,1282,75.1
ALEJANDRINA,1281,67.0
EVELIN,1278,32.2
ELIZABET,1275,39.4
IRANTZU,1275,37.4
NATHALIA,1275,26.3
OLVIDO,1270,70.6
JORDINA,1264,33.2
IVANNA,1263,26.3
NAWAL,1263,31.6
EULOGIA,1261,73.5
BLASA,1254,72.2
CLAUDINA,1250,71.9
NAZIHA,1250,47.7
UDANE,1249,14.0
GENEROSA,1248,75.8
JOVITA,1245,69.9
RKIA,1244,52.3
JOHANA,1242,29.2
RAIMUNDA,1240,75.4
CLEMENCIA,1235,70.0
ALENA,1231,35.8
CINTHIA,1227,28.1
JUANITA,1226,54.1
CANDELAS,1225,70.2
LIBRADA,1225,68.6
SALOUA,1225,35.6
GERALDINE,1223,32.5
JAQUELINE,1220,37.9
SAFIA,1219,36.8
ITSASO,1218,30.2
NADIIA,1215,49.1
SHAILA,1210,20.5
DORIS,1208,55.7
NAZARETH,1208,23.4
ERUNDINA,1205,76.7
FLORICA,1204,55.9
ZAKIA,1201,39.8
KENIA,1200,25.4
ELEONORA,1198,38.8
CIPRIANA,1197,75.1
FANNY,1192,49.8
JENNY,1191,43.5
ROMA,1191,5.3
CRESCENCIA,1189,76.3
CAROLINE,1188,39.2
ADOLFINA,1187,69.4
LISA,1186,28.8
MAYTE,1186,34.6
DOHA,1185,13.6
YAMNA,1182,52.2
DORINA,1180,52.7
MAIRA,1179,28.7
ATIKA,1178,42.5
LEOCADIA,1178,71.0
CASANDRA,1177,30.0
SOUMAYA,1177,33.8
ANAHI,1176,21.7
REBECCA,1176,28.9
ADHARA,1174,6.5
LEYLA,1174,15.4
ROBERTA,1173,43.4
CARMINA,1171,51.2
AMERICA,1170,63.5
AWA,1170,26.1
SEVERINA,1170,76.0
JARE,1169,8.5
VALERIIA,1168,26.3
MARINELA,1167,45.8
AINHIZE,1166,18.0
AMY,1164,19.5
JOSEPA,1161,73.4
MOUNA,1157,34.5
EVELIA,1155,71.8
KEYLA,1155,10.3
TALIA,1149,26.0
MELINA,1148,29.4
ETELVINA,1138,73.9
CHARLOTTE,1136,19.5
WENDY,1136,38.0
ARWA,1135,8.5
VASILICA,1132,51.9
BENILDE,1129,75.3
OUAFAE,1125,37.1
IZAR,1123,13.2
JUNCAL,1123,31.9
MARY,1121,54.0
AMADORA,1119,72.3
NORAH,1119,15.4
HANNAH,1115,16.8
NADIYA,1113,54.4
ELIZAVETA,1108,23.7
YAMILA,1106,34.1
ORIANA,1105,18.4
CAROLA,1101,33.4
NATASHA,1095,22.8
FAIZA,1094,36.1
HERMELINDA,1093,68.0
NIHAD,1092,18.9
AGRIPINA,1090,74.7
CESAREA,1084,78.1
AQUILINA,1083,75.2
ATHENEA,1082,9.8
GISELLE,1082,22.0
KHAOULA,1081,24.0
OMAIMA,1081,18.4
DOMINICA,1079,71.9
MATILDA,1078,11.1
CHAIMAA,1077,23.2
YENIFER,1076,32.8
DOUAA,1072,14.5
SERENA,1068,26.1
AIALA,1066,15.0
FELICITA,1064,71.1
BAHIJA,1061,43.5
RAJAE,1059,34.6
NAHIKARI,1058,24.8
SAFA,1056,12.9
AROHA,1055,20.6
LEANDRA,1053,63.0
VINYET,1053,15.5
LUMINITA,1052,49.2
FLORINA,1050,45.2
CEFERINA,1049,74.6
MAJDA,1049,31.8
PINO,1049,70.9
AIXA,1043,24.5
DEMETRIA,1043,75.0
OXANA,1043,46.3
JANIRA,1041,25.6
ISONA,1037,10.9
GUIOMAR,1036,33.8
CRUZ,1027,64.4
GALYNA,1027,56.9
VILMA,1021,48.4
IARA,1019,16.6
AGURTZANE,1018,51.4
GABRIELLA,1017,27.4
MIMOUNT,1013,59.0
NOUHAILA,1013,21.2
UMA,1013,11.2
HADDA,1012,53.5
NISRINE,1012,25.3
IXONE,1008,26.2
YVONNE,1008,51.7
ALISON,1005,24.5
DANNA,1005,11.8
SILVINA,1004,65.8
NIDIA,1003,42.5
YOUSSRA,998,21.6
CAMINO,993,36.2
DULCENOMBRE,991,66.2
NAJIA,989,46.0
ZARA,989,25.7
AIORA,976,19.2
ANALIA,976,29.3
CAROL,974,38.6
KAROLINA,974,24.9
NASSIRA,974,38.5
PAULE,974,11.7
LLUISA,973,64.8
TAMAR,971,37.5
AISSATOU,970,27.9
MEGAN,970,10.8
AGATHA,967,16.5
CATHAYSA,964,32.4
AMOR,961,55.8
LAIDA,960,21.2
MILOUDA,960,49.3
ELIDA,957,65.5
MIMOUNA,957,52.6
LOIDA,956,39.9
HAWA,955,22.9
JAZMIN,954,24.0
AUXILIADORA,951,55.1
ELEUTERIA,950,76.2
MARIÑA,948,16.2
EVELINA,947,34.1
AYESHA,945,20.4
ALBERTA,944,70.2
REMEI,943,66.4
KSENIIA,942,27.3
ZENAIDA,941,47.7
NAHIARA,940,14.4
FIONA,939,22.3
FUENCISLA,939,68.0
JULIE,937,46.6
JULENE,935,24.7
CHAIMA,934,20.0
RICARDA,934,74.4
EDITA,933,62.8
LYUBOV,931,58.6
MARCIA,931,48.3
OUMAYMA,931,21.2
ARMINDA,930,54.0
KIMBERLY,927,20.6
MONTSE,927,51.4
KENZA,924,30.7
NUR,924,12.4
VIKTORIYA,924,41.1
RABAB,921,22.4
IVONNE,919,39.7
JANNA,918,12.9
LEONARDA,918,68.5
MARCIANA,916,73.8
REGLA,916,65.1
OMAIRA,915,42.9
RIHAB,915,14.4
LAUREANA,910,72.0
ALAA,909,9.3
EPIFANIA,908,70.1
BRIGITTE,907,56.1
DOINA,907,52.9
MARLENY,906,54.0
CHANTAL,904,38.8
NAJOUA,904,32.5
SARAYMA,901,5.3
SOUHAILA,898,26.7
GEORGIANA,897,36.2
TERESITA,897,65.1
YULIANA,896,28.9
LUR,894,11.5
NATACHA,893,34.3
ISIS,891,25.0
MAURA,888,57.6
INSAF,885,14.5
JACOBA,883,69.3
SELMA,883,26.5
MARGARET,882,62.8
JING,879,39.2
NISRIN,879,16.9
AMELIE,876,11.9
JANETH,876,41.7
VALERIE,876,40.7
EIRA,874,8.9
KHADDOUJ,873,58.0
ELVA,872,52.8
ERMITAS,872,76.0
ZIORTZA,872,37.9
HARIDIAN,871,25.9
DARA,868,17.3
SHIRLEY,868,46.5
RUBI,865,15.9
HELGA,863,47.7
RADIA,861,44.9
JACKELINE,860,40.9
VIRA,859,52.1
SHARON,858,35.7
GHITA,857,31.1
HELIODORA,857,76.5
JEZABEL,856,37.9
MARIE,856,44.0
MARILUZ,856,46.5
MILAGRO,856,67.9
VANIA,856,25.8
LILA,855,19.8
ANISSA,854,39.3
NINO,853,40.2
RAZAN,853,5.9
VIVIAN,852,43.2
ALINE,851,34.0
KEILA,851,22.9
EIRE,850,10.4
FRANCINA,847,40.6
YAN,845,41.0
YING,844,40.0
BRIANA,843,5.5
COLOMA,843,62.2
SIMONE,843,45.0
ANISOARA,840,50.8
ZOULIKHA,840,50.6
ECATERINA,839,48.7
NIRA,838,17.4
CELEDONIA,836,73.9
BEATRICE,833,35.7
MARIOARA,833,57.0
MARIETA,832,30.1
ILONA,831,39.2
LLANOS,831,59.1
LOREDANA,831,41.1
MARIANNA,830,36.6
RABHA,830,49.9
RAISA,830,46.0
SUHAILA,829,10.1
LEAH,826,10.8
MAGDA,826,53.2
NOHA,821,11.3
CLARISA,820,63.7
IZARBE,820,14.8
DACIL,819,36.1
ICIA,819,12.5
EUNICE,818,41.1
MARYEM,818,25.1
YAMILE,811,41.6
ANTOLINA,810,73.8
BAYAN,809,6.2
KATERINA,808,28.0
NATALY,808,29.6
MARIANGEL,805,17.6
ELAINE,804,47.5
PEREGRINA,803,74.3
TANIT,802,16.2
RACHEL,801,32.9
LUDIVINA,798,72.9
MARGOT,798,35.5
CONCHA,797,61.6
ALTAGRACIA,796,55.9
PEPA,796,28.2
ZOILA,795,58.0
BONIFACIA,792,77.6
DULCE,791,45.8
HANA,791,23.5
ROSMERY,790,43.3
SALWA,790,22.4
FIORELLA,789,25.6
IRACHE,788,33.9
ZULEIMA,788,24.8
DOSINDA,786,76.3
YANIRE,784,24.2
ANASTASIYA,782,31.4
BADIA,782,45.6
FIRDAOUS,781,12.9
MILANA,781,12.0
ANAMARIA,780,34.9
KELLY,780,32.2
LARRAITZ,779,36.8
IKHLAS,778,9.0
ERIN,777,11.3
KHRYSTYNA,777,30.2
MARICELA,777,46.8
OMAYMA,777,19.0
SIENA,776,6.0
SULAMITA,776,21.3
ROSANNA,775,45.8
ARAN,774,11.9
YAMILETH,774,39.4
EREA,772,11.1
KARMELE,772,54.7
LEONIDES,769,77.9
ARINA,768,18.7
JOY,764,39.2
KARIN,763,59.5
ZOUBIDA,763,51.5
WAFAE,762,29.9
EVARISTA,761,74.9
GANNA,761,50.7
NATALIE,761,32.0
NELA,761,30.5
VIKTORIA,758,29.9
ARIANNE,757,22.4
NADEZHDA,757,46.7
AHINARA,756,15.3
IRAIDA,756,34.6
NEMESIA,756,76.2
IGONE,754,44.6
JASMINA,754,32.8
FULGENCIA,752,73.3
IONE,752,29.4
FLOR,751,51.0
JIHANE,750,25.2
MAHJOUBA,747,52.2
CHRISTINA,746,43.5
MIGUELINA,746,58.3
SHEREZADE,746,24.4
LIANA,744,36.4
PRAXEDES,744,72.4
DAIANA,743,17.0
VALERY,743,13.6
SETEFILLA,742,56.2
ILENIA,740,26.4
PIA,738,21.8
GABINA,736,75.5
LILI,735,37.5
LUDMILA,735,44.5
ADELIA,734,66.2
LAMIAE,731,32.2
TINA,731,36.7
LAMIA,730,31.4
PROVIDENCIA,728,71.2
YELYZAVETA,728,21.2
LAUDELINA,726,76.0
MARAM,726,9.7
SADIA,726,42.3
ANGIE,725,19.9
SAKINA,725,40.5
ARAITZ,722,20.7
WIDAD,718,25.1
MYRIAN,717,43.3
QUITERIA,716,69.6
LILIIA,715,41.4
ELINA,714,32.1
NELIA,714,40.9
DEYANIRA,712,40.3
HIPOLITA,711,75.0
LIDE,710,24.0
NAZHA,709,41.5
MARILYN,708,49.2
TRANSITO,707,71.8
NOR,705,8.1
ALEXA,704,15.7
PEPITA,704,76.2
YOHANA,703,30.9
DAIRA,700,13.3
FADWA,700,27.3
AHINOA,699,22.6
LUCY,698,43.1
JEMAA,697,52.0
STELA,696,45.2
LARISSA,694,32.4
MAGALY,692,50.3
ALONA,691,34.9
ELLA,689,20.4
ZHOR,689,45.3
BRIANNA,688,6.2
XANA,688,16.0
XINYI,687,17.5
MAIMOUNA,686,28.3
NAIALA,686,15.0
RIHAM,686,12.3
KHADY,685,30.4
ELISABETA,684,51.3
MARICEL,682,47.9
ZHANNA,682,49.0
YOSRA,680,18.1
CONSOL,679,69.5
FELICISIMA,679,77.7
HIGINIA,679,75.0
GRACE,678,29.5
IZADI,677,9.6
LI,677,43.8
NICOL,677,16.4
ALTEA,676,16.7
ROMAISA,676,11.7
ROSINA,676,68.9
ASSIL,675,5.0
AYELEN,675,20.3
ELIANE,675,45.8
HAYDEE,675,44.5
HELENE,675,33.0
MARLEN,675,41.2
YANETH,675,44.1
NIKOLE,673,12.9
LLUCIA,670,29.4
SEFORA,670,25.5
BETTY,669,53.7
LAURENTINA,667,77.8
IMELDA,666,61.7
JOAQUIMA,666,76.4
LILIYA,664,48.0
LLARA,663,13.5
MBARKA,663,51.8
CARLOTTA,661,17.0
NATALYA,661,49.3
FIRDAWS,660,8.7
INGA,660,43.9
CIARA,659,17.1
ESCOLASTICA,659,74.6
MIRARI,659,35.2
ROSALINDA,659,50.7
MAIKA,657,25.2
MADALINA,655,34.5
ZAYRA,655,16.9
JULIETTE,653,17.3
AGNIESZKA,652,44.7
IOLANDA,652,48.8
IRANZU,651,31.3
FADILA,649,49.0
OLESIA,649,35.7
ANABELLA,647,38.9
HANAA,647,22.4
LIS,646,14.1
PAQUITA,646,71.7
HERMENEGILDA,645,74.1
NAYA,645,10.7
OUARDA,645,37.4
NICULINA,644,56.0
CELINE,643,26.3
ABRAR,642,6.6
SHAKIRA,640,20.3
FLOAREA,637,59.1
HUMILDAD,636,73.8
KAMILA,636,22.6
FRIDA,635,17.6
LYA,635,6.1
AFNAN,634,6.6
GIORGIA,634,28.5
VARVARA,633,20.3
DIKRA,632,16.6
IULIA,630,37.6
ZAYNAB,629,14.8
ARA,626,13.8
ELIXABETE,625,47.1
KATARZYNA,625,42.6
ROMANA,625,67.0
HONORINA,624,76.5
GUILLERMA,622,73.2
ULIANA,622,25.8
ILDEFONSA,621,73.5
NAJWA,621,20.3
ANI,616,27.6
MARIANNE,616,53.0
ILIANA,615,40.3
JASMIN,615,26.5
EDNA,613,35.0
MELINDA,613,29.1
JANE,610,53.6
MIOARA,606,51.6
TANYA,605,37.5
KHLOE,604,5.5
MERIAM,604,24.5
SABINE,604,55.2
JANAT,602,8.0
KAYLA,602,8.1
ILARGI,600,12.5
NATALI,600,28.9
RHIMOU,600,56.7
LEONCIA,595,77.0
AYLIN,594,14.3
GIULIANA,593,30.7
NIKOL,593,13.1
MURIEL,592,28.3
IONA,589,17.8
LAMYAE,589,27.4
NADEZDA,589,53.8
URBANA,589,75.7
CONCHITA,588,70.6
NAYADE,588,21.5
SABRIN,588,11.5
STEFANY,588,25.6
ASIL,587,4.4
ELODIA,587,67.5
SEVERIANA,586,75.8
SAIRA,584,26.5
CLEMENTA,583,72.2
EILEEN,583,31.0
FINA,583,59.0
CATARINA,582,31.8
ENYA,579,16.0
MEI,578,21.8
SOUKAYNA,578,26.6
BERTHA,575,52.0
HASSNA,573,35.6
ALEX,572,11.8
HASNAA,572,36.6
MARISELA,572,48.7
ALEIDA,571,46.6
EMPAR,571,45.7
GENARA,570,74.1
MAGNOLIA,570,53.0
FIDELINA,568,64.4
ALBERTINA,567,65.9
CLAIRE,567,35.9
KATERINE,567,34.7
AGAPITA,566,78.7
IANA,566,30.2
KEIRA,565,10.9
WILMA,565,50.7
ELDA,564,53.5
LIERNI,564,33.1
MIRTA,564,49.0
AURICA,563,56.7
BALMA,563,17.6
IMMA,563,48.8
LETIZIA,563,22.6
MERY,563,48.0
RAJAA,563,37.1
ANCA,561,42.2
GORETTI,561,37.6
IVANKA,559,50.0
ITZEL,558,12.0
INGE,557,35.8
EFIGENIA,556,72.7
NADYA,556,33.7
RANYA,556,14.1
RUBIELA,556,59.4
SUSANNE,556,57.2
GINEBRA,555,10.1
ADAMA,554,26.5
FERDAOUS,554,15.0
ROSANGELA,554,45.7
TEODOSIA,554,76.5
DANIELLE,553,42.4
EMANUELA,553,37.1
ISLAM,553,14.7
ILARIA,552,35.5
ITAHISA,551,30.5
TABITA,551,24.5
VENANCIA,551,75.7
YEVA,551,12.1
DESEADA,550,43.6
DENISA,548,26.9
LISBETH,548,33.1
MARION,548,54.0
KARINE,546,46.9
AMAGOIA,544,44.1
ANSELMA,543,74.2
LIGIA,543,54.1
DENISSE,542,23.0
ISABELLE,542,43.6
NATHALY,542,26.1
TAMIMOUNT,542,54.3
ANN,541,68.0
AYNARA,541,15.5
IBONE,541,31.6
MELCHORA,541,73.7
SABRINE,541,19.9
DAISY,539,43.4
LLUM,538,13.7
DOAA,537,13.2
JASMINE,537,20.4
DEVORA,536,38.0
CINTHYA,535,26.0
YAZMINA,535,36.3
INTZA,534,15.2
YENNY,534,45.1
AOUATIF,533,38.4
JEANETTE,533,40.6
WAFA,533,32.8
ESTEFANY,532,26.7
LURDES,532,51.4
AMBAR,531,15.7
ARSENIA,530,74.6
OUASSIMA,530,33.4
IRENA,529,44.3
NUBIA,529,51.6
ZHOUR,529,41.5
GENESIS,528,18.2
KHEIRA,526,48.1
JOSEPHINE,525,50.5
VIOLETTA,525,19.6
LAVINIA,524,32.2
YEVHENIIA,524,36.1
ANDREINA,523,37.6
FAOUZIA,523,46.9
LIBIA,522,56.1
SOLANGE,522,47.2
JENIFFER,521,34.0
IRAYA,520,14.5
KSENIA,520,32.1
RAYHANA,519,8.7
ASSUMPCIO,517,69.9
MICHELE,517,50.7
BRAULIA,516,73.6
HEIDI,515,43.4
RAJA,515,34.5
SIGRID,515,33.3
CINDY,514,31.4
MALGORZATA,514,50.1
CONSTANTA,511,56.7
NIHAL,510,16.5
AMAIUR,509,19.6
ANNIA,509,24.8
CIRA,509,41.1
INDHIRA,509,12.9
LUJAN,509,16.1
PAULINE,509,59.1
BINTOU,507,26.9
EUFRASIA,507,74.4
WAFAA,507,36.0
YUSRA,506,17.5
LUIZA,505,35.5
MONIQUE,505,57.8
BERENICE,504,39.4
NAYMA,503,13.4
SECUNDINA,503,77.2
ELMA,502,34.5
MADELEINE,502,35.0
MIKAELA,501,20.1
SIDRA,500,20.2
ROSSANA,499,44.0
YAMILET,498,39.4
YASSMINE,498,14.3
CONSTANCIA,497,73.2
MARILENA,496,49.6
MELODIA,496,32.8
SALADINA,496,74.3
ANDREIA,494,38.5
NASSIMA,494,31.6
PATRIZIA,494,51.7
YOMARA,494,21.6
ANETA,493,48.3
ALLEGRA,492,8.4
TATYANA,492,48.0
JULIET,491,31.2
GLADIS,490,53.0
ASSUMPTA,489,61.3
PERLA,488,37.2
GISELE,486,33.9
XULIA,486,13.2
IANIRE,485,34.1
MICHAELA,485,42.5
ALCIRA,484,62.9
AUDREY,484,33.3
LOUIZA,484,54.4
NIA,484,8.3
DEMELSA,483,41.4
GABRIELE,483,55.8
EUSTAQUIA,482,75.3
JIE,482,40.1
BINTA,480,27.0
DESIDERIA,480,70.6
MELODI,480,29.3
NILDA,480,53.9
GERMANA,479,75.7
INASS,479,13.3
FANTA,478,25.4
SIENNA,478,6.4
FREYA,477,9.1
ZAHIA,477,50.0
KATYA,476,37.4
DAKOTA,475,13.2
HASSANA,475,41.0
BETH,474,12.3
BLESSING,474,34.1
CAPILLA,474,68.2
ILDA,474,62.1
STEPHANY,474,27.7
VENTURA,474,71.5
ADINA,472,40.6
BELARMINA,472,77.9
YASSMIN,471,10.9
YESSENIA,471,24.4
ALLISON,470,16.5
LISANDRA,470,34.5
CAMILLA,469,29.0
HERMINDA,469,75.1
MANOLI,469,61.4
NAJIMA,469,43.0
WARDA,468,24.0
AILEN,467,17.5
JELENA,467,45.2
DAPHNE,466,19.6
MERYAM,465,20.9
HERMOSINDA,464,76.6
YOVANA,463,39.2
AIMARA,462,21.7
FAYNA,462,32.2
JIAYI,462,18.2
LIRIA,462,51.2
OUIAM,462,19.0
ZALOA,462,35.2
ZLATA,462,14.0
LIZETH,461,30.0
NANA,461,41.0
ANZHELA,460,46.5
JOYCE,460,47.2
TARA,460,29.3
MARIEL,459,30.2
KAOUTHAR,458,23.2
MONTEMAYOR,458,58.6
GRANADA,457,58.4
JENNYFER,457,30.9
JOANE,457,17.9
KATALIN,456,29.4
BLAU,455,9.8
INA,455,40.9
JANINA,455,41.4
AYMARA,453,22.8
RIANSARES,453,60.8
CHADIA,452,37.8
ALISSON,451,12.0
SILVERIA,451,69.2
LEONISA,450,77.1
MAHA,450,26.1
MARINE,450,45.3
MICHELA,450,38.9
RAKEL,450,41.9
TIZIANA,450,36.8
ANNIE,449,42.4
MONTAÑA,449,49.6
RABIAA,449,47.5
ZAHARA,449,22.3
ABIR,448,21.0
LLEDO,448,26.9
CRISTIANE,447,45.3
ROSENDA,447,72.0
YANAY,447,8.4
ZULMA,447,46.2
IONICA,445,49.7
QUINTINA,443,69.6
ROEYA,443,8.8
JASONE,441,42.1
OUAFAA,441,40.2
CIRILA,440,73.0
CONXITA,440,72.4
ESPERANÇA,440,55.2
HODA,439,22.8
KATTALIN,439,15.9
YAEL,439,26.3
LILY,438,22.2
ANICETA,437,75.5
ANUNCIA,437,77.3
ARACELY,437,45.1
JAEL,437,28.8
NAJLAE,437,28.6
XIAOYAN,437,43.3
ZELTIA,436,20.0
LACRAMIOARA,435,47.0
ROSEMARY,435,52.9
ANNABEL,434,35.7
SAIMA,433,39.3
GHIZLAN,432,29.6
BALTASARA,431,76.0
YANELI,431,10.1
ASSIYA,430,22.9
GIADA,430,27.2
TIFFANY,430,21.4
VIRGILIA,430,74.0
LIDIIA,429,55.5
ALIZE,427,9.9
BTISSAM,427,33.9
CORONADA,427,59.6
WISAL,427,14.0
ARGELIA,426,72.2
MARGARETA,426,55.7
MARTIRIO,426,72.4
YENNIFER,426,33.1
LOUISE,425,42.5
GADOR,424,53.2
KATRIN,424,40.0
MARHARYTA,424,28.6
DESISLAVA,422,37.5
LUCERO,422,44.0
RUSLANA,422,40.6
STEFANIE,422,42.3
ZULIMA,422,51.1
KAMAR,421,17.3
MARAVILLA,421,57.5
NOHEMI,421,42.6
NAIR,420,34.7
DOAE,419,15.3
LUCICA,419,53.1
NIURKA,419,46.6
RAWAN,419,9.2
FIRDAUS,418,10.5
INMA,418,33.2
REINA,418,46.8
YI,418,31.5
AFRIKA,417,13.2
GEORGIA,417,37.6
HLIMA,417,49.2
MYROSLAVA,417,41.3
OUAFA,417,39.2
YAMILEY,417,15.2
MAUREEN,416,65.9
HALA,415,25.7
IHSSAN,415,32.9
MEL,415,7.2
NOHAILA,415,18.3
VALERICA,415,54.5
VIVIANE,415,45.6
EVGENIIA,413,38.0
GOIZANE,413,28.6
OROSIA,413,74.8
TINGTING,413,31.0
AYSHA,412,12.5
KATARINA,412,38.4
MARICICA,411,52.9
AINET,410,7.1
HADA,410,16.2
SABA,410,30.3
MIRNA,409,42.6
IXEIA,408,7.9
NERMIN,408,10.8
SEYNABOU,408,29.8
AINE,407,9.9
JANICE,407,47.6
ODALYS,407,55.4
PETRONELA,407,43.5
WEI,407,43.2
AMEL,406,36.2
OUMOU,406,25.0
OVIDIA,406,73.4
ROSE,406,39.2
JEAN,405,71.6
EMERENCIANA,404,74.5
ANISA,403,29.5
GIANNA,403,11.8
ITSASNE,403,25.3
GHEORGHITA,402,54.6
LIN,402,34.8
OMAYRA,402,33.4
YARITZA,402,26.7
ANJA,401,46.2
JEANNETTE,401,45.1
SOFIYA,401,29.5
ANZHELIKA,399,41.4
ATTENERI,399,26.1
DEISY,399,46.1
HAMIDA,399,43.8
JAVIERA,399,66.0
MAYELIN,399,43.9
RIMA,399,32.8
DENIA,398,29.2
ZOYA,398,42.3
ARHANE,397,9.6
CLARIBEL,396,48.5
SALSABIL,396,9.7
DOMINIQUE,395,50.8
EYRA,395,5.1
EUNATE,394,30.7
GIMENA,394,21.4
LEONILA,393,74.8
NELI,393,49.6
CRISANTA,392,70.5
AGOSTINA,390,28.1
SINAI,390,14.9
BUSHRA,389,40.9
DIANE,389,57.6
IDURRE,389,42.2
SARE,389,9.3
YAIMA,389,37.5
ELA,388,16.2
JOANNE,388,49.8
PORFIRIA,388,73.5
MARUJA,387,65.9
ORNELLA,387,34.8
TAIS,387,32.6
ARIJ,386,7.6
INOCENTA,386,76.0
NORBERTA,386,73.5
MIRTHA,385,53.8
ELISABETTA,384,44.6
JOAN,384,64.4
LUBNA,384,32.5
SELINA,384,30.4
YU,384,34.7
BALDOMERA,383,76.3
ERMELINDA,383,62.4
PERFECTA,383,76.8
SASKIA,383,33.0
YANINA,382,36.7
YUMALAY,382,11.5
MAURICIA,381,73.6
JIHAN,380,18.7
MIROSLAVA,380,35.1
DAHIANA,379,22.7
EDA,378,9.3
LESYA,377,51.5
MERIDA,377,19.6
VITA,377,42.8
HAFSSA,376,20.1
IQRA,376,25.4
LEONTINA,375,69.7
SOAD,375,45.3
NOELA,374,25.5
PRISCILLA,374,35.0
CARMELINA,373,66.5
CRISTIANA,373,44.1
JINGJING,373,33.0
JOCELYN,373,41.8
MENNANA,373,56.9
NIKA,373,15.4
STEPHANIA,372,28.6
PASION,371,67.0
YAJAIRA,371,38.8
YAQUELIN,371,41.4
COUMBA,370,26.9
ESTIBALITZ,370,46.0
YORDANKA,370,49.9
ALAINE,369,21.2
ENEIDA,369,42.1
IKRAME,369,27.4
SIHAME,369,32.3
TATSIANA,369,46.4
TEREZA,369,43.6
RODAINA,368,9.0
SACRAMENTOS,368,66.9
ZUNILDA,368,48.1
ALODIA,367,43.3
ANABELA,367,44.8
GALIA,367,26.4
GILLIAN,367,62.5
KAWTHAR,367,16.0
PERPETUA,367,76.8
SELVA,367,21.1
ARLETTE,366,28.5
CASSANDRA,366,26.5
HUI,366,38.5
ISAMAR,366,28.2
OLESYA,366,42.2
ETNA,365,13.9
INDIANA,365,9.7
IOSUNE,365,40.3
KATHERIN,365,28.4
MATEA,365,71.6
AMBROSIA,364,75.8
ANGELIKA,364,53.3
GENMA,364,45.0
MAFALDA,364,22.2
SAHAR,364,25.0
BETSABE,363,37.8
DARYA,363,25.7
LEIDY,363,36.1
OUAHIBA,363,35.9
DARYNA,362,21.6
ELIZA,362,31.4
EMELINA,362,66.5
ENIA,361,13.0
SAMAR,361,20.4
WASSIMA,361,24.6
AMETS,360,22.9
GIUSEPPINA,360,56.8
TXELL,360,12.2
NEILA,359,18.6
SASHA,358,16.4
ANNETTE,357,51.1
ANXELA,357,26.6
BET,357,12.1
DRISSIA,357,49.3
ELISABETE,357,50.3
MIRYAN,357,41.7
NICASIA,357,77.1
RUBY,357,43.6
XIN,357,30.8
BERNADETTE,356,55.6
ELIDIA,356,69.9
EMA,356,20.3
KARYNA,356,26.5
WAHIBA,356,30.4
ELLEN,355,42.4
ZINAIDA,355,60.3
CHRISTIANE,354,63.3
EWA,354,47.6
NATIA,354,38.6
VIDA,354,29.3
YAROSLAVA,354,40.4
YAZMIN,354,31.8
ANAYA,353,8.6
LUCIE,353,34.9
HELIA,352,28.2
DORLETA,351,42.9
LUCITA,351,72.8
XANDRA,351,37.6
ALMAS,350,5.2
KATHLEEN,350,59.6
MOIRA,350,28.9
MARILU,349,50.5
ONINTZA,349,34.7
ROBLEDO,349,68.5
BELKIS,348,52.4
NISSRINE,348,25.1
VALERIYA,348,35.9
AMANI,347,12.9
CARMENZA,347,55.6
EDEN,347,18.6
ELISABEL,346,44.9
EUKENE,346,29.4
SHAZIA,346,45.0
VENERANDA,346,74.9
KADIATOU,345,26.2
ORFELINA,345,74.6
FLORENCE,344,47.4
LAZARA,344,67.5
NADIRA,344,32.5
RENATE,344,71.9
ALEYDA,343,46.8
MAYKA,343,22.1
BETTINA,342,51.0
INAYA,342,6.2
SIXTA,342,72.1
AILEEN,341,26.8
ARENE,341,12.7
GIOVANA,341,34.7
IZIAR,341,23.5
KEREN,341,26.0
NILE,341,7.9
SYLVIE,341,54.0
YVETTE,341,40.5
ZUZANA,341,42.1
ALIDA,340,52.1
ELIXABET,340,40.7
ALEXANDRINA,338,49.6
FRANÇOISE,338,67.9
ISRA,338,8.5
JIAQI,338,18.8
SIRIA,338,25.6
YUMALAI,338,12.5
ALANNA,337,5.7
ARIEL,337,11.0
ENOLA,337,12.9
IBTISAM,337,20.4
IDA,337,53.4
KIM,337,40.8
MADIHA,337,33.3
ODETTE,337,38.9
SAMIHA,337,33.8
SINFOROSA,337,74.0
KRYSTYNA,336,45.6
LUZIA,336,28.4
TATJANA,336,51.8
VERENA,336,45.1
EVGENIYA,335,43.9
YUE,335,30.4
YUXIN,335,15.8
JANETTE,334,40.7
KENYA,334,14.6
LIDIYA,334,59.4
NATALLIA,334,46.0
JINAN,333,8.1
JORGINA,333,45.5
LIDYA,333,33.8
PRECIOSA,333,76.4
RODAYNA,333,8.9
YOSELIN,333,32.3
ALIONA,332,40.7
KATHARINA,332,44.1
MARJORIE,332,43.1
RALUCA,332,36.5
DRIFA,331,53.7
LUZMILA,329,57.6
PARASCHIVA,329,57.2
SCARLETT,329,12.3
SIRIN,329,8.7
AINIZE,328,27.4
AMNA,328,22.4
MAY,328,25.9
VENUS,328,21.9
ANHELINA,327,21.1
BEATA,327,48.1
FATUMATA,327,19.9
JANINE,327,45.0
OANA,327,37.8
AMBER,326,12.1
ANAHIT,326,46.9
AYAT,326,10.8
GUAYARMINA,325,42.9
KHADIDJA,325,33.7
YARELI,324,10.6
GISELLA,323,26.3
MIRA,323,31.2
NAZIA,323,43.1
SALHA,323,50.2
ESRAA,322,4.9
JORGELINA,322,46.8
KLARA,322,31.5
DAYRA,321,11.3
EILA,321,22.6
EMILIE,321,26.9
FATIMETU,321,36.0
IHSSANE,321,26.8
TRINITAT,321,73.2
HONG,320,47.0
MANPREET,320,29.1
VALME,320,40.6
XIA,320,36.6
AIARA,319,11.6
FAUSTA,319,74.2
LANA,319,20.6
LOBNA,319,30.3
RANDA,319,27.6
AISSATA,318,28.3
BOUTAINA,318,27.5
DARINA,318,29.3
EUDOSIA,318,77.4
LIZBETH,318,33.0
LLUVIA,318,12.8
SILVIYA,318,46.8
XIAOMEI,318,47.6
YASIRA,318,14.4
MARILIN,317,46.6
NEIVA,317,27.7
VALVANERA,317,54.2
ZOUHRA,317,51.4
ADELE,316,24.3
ARELIS,316,46.8
KAUTAR,316,17.5
XINYU,316,17.5
ARANE,315,7.2
CHAYMAA,315,22.3
KATE,315,33.4
KHALIDA,315,45.2
KHAWLA,315,18.3
LESIA,315,44.0
MAI,315,15.6
NAHIR,315,23.1
ASTOU,314,30.4
BELA,314,13.9
JUANI,314,46.9
ROMAYSA,314,11.3
TARSILA,314,69.8
KASSANDRA,313,22.1
PETRUTA,313,47.9
SAJA,313,5.4
AIDE,312,38.8
AYADA,312,53.2
ILHAME,312,31.0
PETYA,312,43.5
AFAF,311,30.3
BEATRIU,311,49.5
FANG,311,44.8
ALOÑA,310,43.5
ANYA,310,12.7
LILIANE,310,49.8
ROMUALDA,310,70.9
FLORES,309,57.8
ABIDA,308,45.2
AMABLE,308,76.0
ELVIA,308,48.8
MARIAMI,307,21.5
MERCY,307,44.2
OUIDAD,307,30.1
SALKA,307,36.0
SONJA,307,53.3
VITORIA,307,36.7
XELA,307,11.5
KHOLOUD,306,20.2
MAMA,306,43.5
VITTORIA,306,23.4
DAENERYS,305,5.5
MELODIE,305,31.2
TANJA,305,46.9
ZAMARA,305,22.1
AMANDEEP,304,33.7
ESTELLA,304,35.5
KALA,304,6.0
LING,304,41.0
NADEJDA,304,48.7
YESIKA,304,40.8
FAITH,303,36.3
MAJIDA,303,40.7
MARIEN,303,38.8
YANELIS,303,40.3
SAMRA,302,30.6
SIA,302,7.3
VIDALINA,302,70.8
LORE,301,28.9
MAXIMILIANA,301,74.5
CHAYMA,300,19.9
ELISEA,300,63.0
LIDUVINA,300,63.1
OLYMPIA,300,14.7
VOLHA,300,42.6
YOHANNA,300,32.5
DEOLINDA,299,68.7
JENNIFFER,299,35.2
LESLIE,299,32.5
LEXURI,299,22.8
NICANORA,299,75.5
ROMAISSA,299,12.7
YSABEL,299,53.3
JOLANTA,298,52.8
TEA,298,35.3
ISATOU,297,28.6
LAUREN,297,23.4
LUCRETIA,297,55.5
ROSEMARIE,297,61.1
ROSITA,297,58.5
SOMAYA,297,27.5
GERONIMA,296,70.3
IZABELA,296,36.0
NICOLA,296,44.5
EMAN,295,19.4
IHSAN,295,29.2
INTISSAR,295,27.2
NADIN,295,15.1
PAU,295,19.3
ABILIA,294,77.6
SANDA,294,50.2
ANTONELA,293,23.8
MARYANA,293,35.1
CHENOA,292,20.6
NATIVITAT,292,69.1
RINAD,292,6.5
GORANE,291,30.8
KRISTINE,291,39.0
LENKA,291,40.0
LYNN,290,53.3
JALILA,289,39.0
MAICA,289,27.6
NIAMA,289,13.1
BIRGIT,288,60.4
DEYSI,288,46.6
ELORA,288,13.3
MAEVA,288,23.6
ANJANA,287,19.9
ASIYA,287,13.1
DAIDA,287,33.4
ERLINDA,287,57.8
MONA,287,39.1
SAFIRA,287,19.3
TELESFORA,287,77.1
MADDALEN,286,26.5
MARIANGELA,286,39.0
MYA,286,8.2
TAMOU,286,53.2
ZAINEB,286,20.8
AKANE,285,11.5
CHARO,285,37.5
DIAMANTINA,285,70.7
DJAMILA,285,44.6
MAJA,285,34.9
MANOLITA,285,74.3
BOCHRA,284,32.2
CORALIA,284,57.0
ENCARNA,284,36.7
HERMITAS,284,76.0
ITXASNE,284,30.4
ASYA,283,28.1
DUA,283,7.3
LUCINIA,283,78.1
NOUHA,283,18.6
OMARA,283,24.8
SARRA,283,31.3
SERGIA,283,73.5
YASSMINA,283,22.1
AIZA,282,13.8
ANOUK,282,18.5
ELKE,282,61.2
MARIJA,282,39.4
MIN,282,44.1
ROZA,282,51.0
YUDITH,282,35.2
THELMA,281,30.1
DONIA,280,22.8
KHOULOUD,280,24.3
OUISSAL,280,20.1
PING,280,49.0
STELUTA,280,49.7
ARGIÑE,279,39.7
TESSA,279,16.9
ALLENDE,278,25.5
GURUTZE,278,49.1
IVONE,278,47.7
MARGHERITA,278,39.7
AVA,277,9.5
GETA,277,53.7
NDEYE,277,32.1
NESRINE,277,29.2
AURELIANA,276,72.3
CORINNE,276,51.8
EMILIIA,276,13.4
GIA,276,3.6
GLENDA,276,40.2
JULE,276,12.5
LILIT,275,32.6
MACRINA,275,67.4
ROMAISSAE,275,13.1
CYNTIA,274,30.5
KATRINA,274,27.3
KATSIARYNA,274,35.6
LIDON,274,45.0
RIHANNA,274,8.5
SELENIA,274,20.0
CAMILLE,273,23.8
KAUR,273,35.6
AILA,272,12.8
ALSIRA,272,73.8
CLEO,272,7.5
RENEE,272,37.3
RYM,272,10.7
CONCHI,271,50.5
GRECIA,271,24.8
HADHOUM,271,54.7
JULIETH,271,29.4
KATJA,271,45.7
MARTINE,271,61.8
NONA,271,38.2
SUKAINA,271,22.3
ARAIA,270,11.2
ARCADIA,270,71.9
ARGIMIRA,270,78.3
CORONA,270,72.1
MERIEME,270,35.7
XIAO,270,36.1
YUREMA,270,28.9
AILIN,269,21.6
LEIZE,269,7.3
LINGLING,269,40.2
MARIAME,269,30.0
SAMAH,269,26.3
ARACELIS,268,54.0
NURA,268,15.8
SAMYA,268,25.9
WANDA,268,39.4
XIAOLI,268,44.2
ISADORA,267,26.6
LAYA,267,11.0
MARCELLA,267,42.8
NORALBA,267,56.7
ANCUTA,266,41.8
BENJAMINA,266,74.0
EMILIYA,266,47.6
HEGOA,266,12.3
NINFA,266,53.0
SHARA,266,21.7
ANTONIETA,265,61.4
FREDESVINDA,265,75.2
NOUHAYLA,265,21.1
USUE,265,33.7
CHAMS,264,6.2
CHAXIRAXI,264,36.3
HAIYAN,264,44.2
JAMAA,264,53.2
NAJMA,264,37.1
NELLI,264,42.9
OIANE,264,37.7
SUZANNE,264,56.4
VERONIQUE,264,54.4
KHADRA,263,52.3
MIRAL,263,4.2
YINGYING,263,30.0
DAILA,262,7.5
GAYANE,262,45.4
JANAINA,262,38.9
LORRAINE,262,57.1
NAYAT,262,36.1
ROKHAYA,262,32.3
YUANYUAN,262,31.5
BLANDINA,261,75.3
EGUZKIÑE,261,47.6
MAITENA,261,35.6
MARIYANA,261,48.8
RAHIMA,261,35.3
BASSMA,260,13.2
DOMINIKA,260,26.5
EMELY,260,20.0
GINEVRA,260,13.8
JIAXIN,260,18.2
OHIANE,260,29.9
KHADOUJ,259,55.5
SALUSTIANA,259,74.2
XOANA,259,23.7
ZOIA,259,51.8
CALA,258,6.7
DOROTA,258,47.9
FORTUNATA,258,73.0
KANZA,258,38.9
KLAUDIA,258,27.5
NAHID,258,37.1
SALLY,258,43.0
SILKE,258,37.6
DARIIA,257,26.8
EZEQUIELA,257,77.3
KALTOUM,257,42.5
MAYSA,257,11.9
SOUHAYLA,257,25.4
MAIIA,256,25.3
ROMAYSAE,256,10.8
SHARAY,256,23.2
WISSAM,256,19.9
BUENAVENTURA,255,74.0
ELISANGELA,255,45.4
SIERRA,255,68.3
TSVETELINA,255,35.9
UZMA,255,41.2
WEIWEI,255,39.7
YANG,255,36.2
ESTEFANI,254,28.9
FATIMETOU,254,37.4
IRADI,254,11.2
LAMIAA,254,33.4
LIZ,254,18.6
TRACY,254,38.2
YELENA,254,36.6
ARAI,253,11.9
LIANET,253,31.1
SUMAYA,253,24.3
YERALDIN,253,29.5
ANEU,252,9.0
CELTIA,252,14.4
MARILIA,252,35.0
WIAME,252,16.7
XARE,252,6.1
ABBY,251,7.1
ALISHA,251,12.0
ANDERE,251,28.5
BERNABELA,251,69.8
CINZIA,251,51.1
EVGENIA,251,43.1
UBALDINA,251,71.9
WIJDANE,251,20.2
CATIA,250,38.3
ELEONOR,250,30.4
IKERNE,250,37.7
KERSTIN,250,53.1
NAYALA,250,14.4
SAMINA,250,43.8
SHAYLA,250,12.4
SILVESTRA,250,74.0
CLEOFE,249,69.0
KENDRA,249,12.9
LUCELLY,249,54.8
RUMYANA,249,51.0
SIOMARA,249,28.1
SUA,249,8.9
TAISIIA,249,22.1
AMANE,248,16.6
ELODIE,248,30.2
LIHUA,248,50.9
MANDEEP,248,34.7
NARJIS,248,16.1
FATINE,247,28.5
GABRIELLE,247,27.4
HEIDY,247,37.6
HUERTAS,247,70.3
IVA,247,35.8
LEONORA,247,48.3
LUSINE,247,41.4
MARIEME,247,32.5
AMANCIA,246,75.3
ANNALISA,246,42.8
AURIA,246,34.5
FATEMEH,246,44.1
FETTOUMA,246,57.1
JIAHUI,246,19.6
JORDANA,246,28.0
SALIMATA,246,25.2
AIA,245,11.6
AISA,245,20.6
IDALIA,245,50.2
IHSANE,245,29.1
KRASIMIRA,245,48.2
VITALINA,245,47.3
ANICA,244,59.7
DAN,244,40.1
DEMELZA,244,41.1
MARUA,244,14.4
MORENA,244,26.7
ZINA,244,39.4
AZAHAR,243,23.4
BARAA,243,7.6
BRISA,243,20.2
CONRADA,243,74.7
LILIBETH,242,40.2
NAARA,242,26.5
NAJATE,242,44.4
ODALIS,242,50.0
RAMATOULAYE,242,28.5
YISEL,242,31.7
ANQI,241,16.9
GERGANA,241,38.0
YUN,241,38.8
ALYSON,240,11.1
CALIXTA,240,71.0
CORO,240,53.1
ELZBIETA,240,55.4
NASIRA,240,27.8
SAMAY,240,10.0
SHAMIRA,240,14.0
SIRINE,240,12.8
VIKTORIJA,240,34.7
XIAOFEN,240,48.0
AIRA,239,12.1
ITTO,239,49.7
IXEYA,239,11.0
LIPING,239,50.2
NOUZHA,239,51.9
ZULAY,239,36.8
CHOROUK,238,12.2
FARZANA,238,45.3
INARA,238,12.2
LIV,238,10.8
MATXALEN,238,37.2
NICOLLE,238,18.2
RAFIKA,238,41.5
ALOMA,237,19.8
CATUXA,237,25.6
LIDA,237,47.3
VASILISA,237,15.3
AMARANTA,236,33.6
CHAHD,236,10.5
CIRIACA,236,80.6
MAYSAE,236,10.5
NILA,236,46.3
ULRIKE,236,61.7
VIOLA,236,30.5
AURITA,235,75.6
AZUL,235,15.4
DELMIRA,235,70.2
FATTOUMA,235,56.8
KHADIDIATOU,235,26.7
TAHIRA,235,39.4
ALA,234,47.0
FATHIA,234,47.2
GEANINA,234,39.8
SARITA,234,36.8
SOKAINA,234,24.4
ARWEN,233,10.4
MAE,233,12.2
MARLENI,233,48.5
ROSIBEL,233,42.4
SALETA,233,33.9
ADIELA,232,61.1
CHAHRAZAD,232,29.6
ELEN,232,20.0
MERI,232,38.5
NISAMAR,232,37.0
USOA,232,37.3
YUNA,232,11.4
ANDRESA,231,71.0
CAROLE,231,59.4
DANIELE,231,45.6
INSSAF,231,18.3
LALI,231,49.1
LOLI,231,31.3
PAVLINA,231,49.3
XIAOWEI,231,44.7
ANIANA,230,67.5
ASHA,230,26.3
DAGMAR,230,58.1
GRETEL,230,32.8
KEXIN,230,13.3
MANANA,230,55.1
ROSITSA,230,50.6
AMALUR,229,22.9
ELPIDIA,229,75.8
EZTIZEN,229,31.6
FRUCTUOSA,229,78.1
KETEVAN,229,46.1
LUISANA,229,29.9
MARUXA,229,30.0
SHANSHAN,229,29.6
YOSUNE,229,40.9
DAYAMI,228,44.5
IBTISSAME,228,27.7
RUKHSANA,228,49.2
NERE,227,31.7
ONELIA,227,66.4
RAFFAELLA,227,41.7
ROSABEL,227,47.5
LISBET,226,37.4
MARITA,226,48.3
NEYLA,226,13.9
NICOLETTA,226,38.1
OMNIA,226,10.7
PALMA,226,35.5
SOHORA,226,62.1
YANELY,226,19.9
ANNAMARIA,225,45.5
ARLENE,225,40.5
ASELA,225,51.5
DANAY,225,35.4
EVELYNE,225,51.5
IA,225,30.8
LISSETTE,225,36.7
MARIELLA,225,40.3
MELBA,225,53.0
SOFYA,225,25.7
HEBA,224,18.2
HEIKE,224,58.5
ARIAN,223,20.0
IDALINA,223,55.6
LUCINA,223,67.3
MAGHNIA,223,54.8
REEM,223,11.7
SORAIDA,223,45.5
ULYANA,223,38.0
HARPREET,222,32.4
HILARY,222,33.1
IDANIA,222,46.8
LUDOVICA,222,32.4
MARYURI,222,39.1
MEGHAN,222,6.7
MELIDA,222,59.7
REMIGIA,222,73.7
SOLOMIIA,222,13.2
SORINA,222,40.9
CIELO,221,39.9
ESTERA,221,36.1
YRAYA,221,20.7
ALFONSINA,220,42.0
GALYA,220,46.2
JIHAD,220,29.5
LIFEN,220,50.6
LORETA,220,51.6
LYUDMILA,220,55.1
MAYERLY,220,34.5
MIGDALIA,220,59.8
MOULOUDA,220,51.4
NELY,220,45.4
REYNA,220,48.7
SANDEEP,220,34.9
SILYA,220,4.1
ADAYA,219,18.8
AIDEE,219,40.4
ALONDRA,219,18.6
BRIANDA,219,18.5
DONATA,219,68.5
EDUVIGES,219,71.8
LOLITA,219,49.8
OUARDIA,219,48.1
XINYUE,219,14.9
ANELIYA,218,47.1
DALAL,218,24.1
EIMY,218,9.8
EKIÑE,218,17.5
ERNESTA,218,66.3
FLORIANA,218,57.1
FRANCA,218,54.7
GILDA,218,47.1
HAIZENE,218,10.7
MIRHA,218,3.1
ROZALIA,218,56.1
SANDRINE,218,47.8
SERVANDA,218,72.6
TAYRI,218,14.9
XIAOHONG,218,49.1
YANELA,218,23.2
DELICIA,217,57.4
HADIA,217,20.9
HRISTINA,217,43.5
KELTOUM,217,46.7
LUPE,217,28.6
NADINA,217,36.3
OLEGARIA,217,76.2
ORENCIA,217,78.8
SEREZADE,217,31.6
LAMYA,216,29.5
YASHIRA,216,13.5
GISEL,215,17.8
JUNA,215,9.3
KHATUNA,215,48.7
LESLEY,215,59.1
NIRMIN,215,11.4
PETRONA,215,57.4
STEFANI,215,24.4
ADRIANNA,214,18.4
CRISPINA,214,71.8
CRISTAL,214,24.3
CRISTEL,214,31.6
DOLLY,214,53.0
HASSANIA,214,43.2
KATIXA,214,24.0
LEONIDA,214,64.6
LILYA,214,12.1
YULIET,214,39.1
BADIAA,213,42.9
CHRISTELLE,213,40.7
ENRICA,213,62.1
FIDELIA,213,62.2
IVON,213,36.9
LONGINA,213,76.1
MAIER,213,22.7
ONINTZE,213,27.5
REMEDIO,213,69.9
ATANASIA,212,77.9
DENIS,212,32.8
DULCINEA,212,59.5
EMPERATRIZ,212,57.4
EVANGELINE,212,32.9
JULIETTA,212,10.9
LISSET,212,34.5
PAQUI,212,38.6
YOLIMA,212,47.3
CASTORA,211,75.5
DUMITRA,211,56.7
FANICA,211,52.4
MERTXE,211,61.3
QI,211,33.5
SANDY,211,37.8
CARMELITA,210,70.8
ITHAISA,210,24.3
JOSIANE,210,50.4
MAISA,210,18.3
MARIANELLA,210,43.1
SOKHNA,210,32.8
SONA,210,34.6
ELMIRA,209,46.3
ISOLDA,209,28.4
LALA,209,32.0
LINAREJOS,209,55.4
MASSIEL,209,32.0
OLINDA,209,59.5
TATIANE,209,39.9
VANYA,209,44.3
ANYELINA,208,16.1
AQSA,208,27.0
CHRISTEL,208,55.9
DAHLIA,208,9.3
DAURA,208,30.4
EDILMA,208,58.5
GHAZAL,208,9.0
IREA,208,16.5
KAUZAR,208,19.5
MARISABEL,208,42.0
PRADO,208,57.4
REHANA,208,43.4
VAITIARE,208,20.1
XIAOYING,208,45.8
YUDIT,208,34.7
HAYATE,207,40.6
JUNO,207,7.3
LISETTE,207,36.7
NIOBE,207,14.7
NIRVANA,207,11.1
ALDANA,206,25.7
ANTONIETTA,206,55.1
DAYANNA,206,18.9
ESTITXU,206,35.4
HANIA,206,17.3
KIRAN,206,32.0
KYRA,206,17.4
LAMYAA,206,32.1
LEKBIRA,206,52.4
LIZA,206,33.7
ROMAYSSAE,206,14.0
YEDRA,206,29.3
ASEEL,205,5.2
NOARA,205,13.7
SILA,205,31.7
SUMAIRA,205,38.8
TEONA,205,31.5
AILYN,204,22.7
DJENEBA,204,23.0
ENEA,204,13.2
NA,204,37.6
OCTAVIA,204,52.8
SIARA,204,9.0
ZENEIDA,204,49.3
ANTA,203,29.6
AUBA,203,16.4
CHEN,203,36.9
EKATERINE,203,43.4
HASSNAE,203,31.7
KATY,203,36.9
LORNA,203,44.3
NACIRA,203,41.3
PLACERES,203,74.6
QIN,203,42.1
ESTILITA,202,75.8
GOTZONE,202,55.7
LISET,202,35.8
LYNDA,202,52.7
MINIA,202,40.8
NORHAN,202,11.9
PENDA,202,29.6
VLADA,202,24.2
BAHIA,201,35.9
CELERINA,201,79.6
FATIMATA,201,26.9
FAYZA,201,29.9
JANIS,201,27.1
MAIRENA,201,39.4
ZULEYMA,201,16.2
GOIZALDE,200,40.7
JADIYA,200,23.1
BRISEIDA,199,21.9
ELICIA,199,69.5
EROLA,199,19.2
EXPECTACION,199,74.0
IUNE,199,16.5
LAMIS,199,12.4
MARIKA,199,35.2
NAZARIA,199,70.9
POLONIA,199,71.8
SOMIA,199,33.4
SONYA,199,45.2
TING,199,33.9
YACINE,199,30.7
EMILCE,198,45.8
IERA,198,23.5
IHINTZA,198,20.2
INDALECIA,198,73.8
IRAM,198,34.1
JAKELINE,198,40.8
JEANNE,198,48.0
RAHAF,198,9.2
TOURIYA,198,49.5
GONZALA,197,76.0
ILSE,197,47.6
KEYRA,197,10.4
ODILE,197,39.2
RADKA,197,50.3
VICKY,197,33.7
VLADYSLAVA,197,23.6
ALESIA,196,30.2
HALINA,196,58.1
MACARIA,196,75.1
AIZPEA,195,32.1
ANTOANETA,195,48.5
CATTLEYA,195,4.0
DESSIRE,195,27.8
IDARA,195,7.5
JAQUELIN,195,33.3
MAYERLIN,195,36.0
NOURIA,195,39.2
SOBIA,195,38.5
YAQUELINE,195,43.9
YUNE,195,20.4
CRISTETA,194,75.4
EKHIÑE,194,24.5
IVELINA,194,39.1
JILL,194,62.0
MATY,194,28.5
SVETLA,194,52.2
ANUTA,193,53.0
ARMINE,193,42.6
DARIANA,193,18.3
DAYSI,193,48.2
DOINITA,193,52.1
FAMA,193,33.0
GALILEA,193,11.0
GERALDIN,193,28.3
IKHLASS,193,12.9
LIAH,193,6.7
MAILEN,193,23.1
MERYEME,193,31.6
MORAIMA,193,46.4
NOEMY,193,36.0
RABEA,193,50.9
RUPERTA,193,75.6
SAJIDA,193,44.0
SUZANA,193,43.5
ANDRA,192,24.2
AYSEL,192,10.7
ELLIE,192,10.3
FACUNDA,192,74.2
FAMARA,192,17.8
GRAZIELLA,192,53.9
IBALLA,192,29.3
ILAF,192,5.6
OUMNIA,192,17.3
QIAN,192,35.3
SOUMIYA,192,33.5
VICTORITA,192,49.0
XI,192,25.9
XIAOZHEN,192,46.7
ARBIA,191,52.7
ESCARLATA,191,38.0
GRIMANESA,191,42.1
HOURIYA,191,42.4
TORIBIA,191,75.1
TUDORITA,191,53.1
XIAOLING,191,45.5
YUAN,191,35.6
CHAFIA,190,44.5
JIA,190,31.7
SNEZHANA,190,46.7
YOANNA,190,31.9
ALYA,189,13.6
DOUNYA,189,27.6
GIULIETTA,189,11.2
GRISEL,189,43.8
IZABELLA,189,27.3
ROWENA,189,48.0
SANIA,189,25.6
ALDA,188,43.5
ANFAL,188,8.2
HINA,188,30.7
MARLY,188,47.3
NACERA,188,47.1
RAFIA,188,40.2
UMAIMA,188,17.5
ZITA,188,51.5
ALIS,187,15.2
ANJARA,187,26.4
DOUHA,187,16.9
GOIURI,187,28.1
JUAN,187,44.3
KATERIN,187,30.8
SVIATLANA,187,49.8
TAMARI,187,35.6
ZAINA,187,30.0
AFRA,186,25.3
JUSTYNA,186,39.8
RAJWINDER,186,39.3
UTE,186,66.6
YULISA,186,24.6
YUXUAN,186,13.5
AIMEE,185,27.4
CHAHIDA,185,34.3
MIKELE,185,22.1
NARE,185,7.1
PEÑA,185,54.9
SOHAILA,185,25.4
SORKUNDE,185,55.8
SOUNDOUS,185,12.7
ADAIA,184,16.0
BOHDANA,184,35.6
CHANEL,184,12.8
ELENI,184,35.4
HELLEN,184,20.2
HORIA,184,49.8
JAZMINA,184,38.9
KORO,184,55.8
LILITH,184,7.6
MORA,184,20.0
RANIM,184,9.1
SUNDUS,184,9.7
BENEDETTA,183,32.9
CORPUS,183,67.5
EUTIQUIA,183,82.7
GERARDA,183,75.4
KADIDIATOU,183,22.9
KYLIE,183,7.5
MARISSA,183,46.2
RAFAELLA,183,18.8
SAMPEDRO,183,71.8
AGUASANTA,182,57.9
ANDRESSA,182,31.3
ILDIKO,182,49.3
JINANE,182,11.4
LEOPOLDINA,182,72.5
MARICARMEN,182,49.7
STANISLAVA,182,39.5
STEFANA,182,55.2
YAIRA,182,13.6
YAREN,182,3.8
DAINA,181,19.7
DOMNICA,181,56.7
LELA,181,45.8
MARCELIANA,181,77.6
MARISEL,181,49.7
MORGANA,181,20.2
NOREEN,181,41.0
PATIENCE,181,43.7
PENKA,181,58.5
QIANQIAN,181,28.1
SHABANA,181,44.1
THALIANA,181,8.1
ZAHIDA,181,46.3
ALYSSA,180,13.8
ARACELLY,180,55.7
ELISE,180,22.7
ISORA,180,20.9
JULIJA,180,40.3
MUNA,180,26.7
SAINZA,180,19.1
THERESA,180,45.4
TLAITMAS,180,60.8
AUGUSTA,179,64.3
CHAMA,179,43.9
ELI,179,30.7
EVERILDA,179,75.5
HASMIK,179,48.0
LU,179,32.5
NASREEN,179,51.5
SYLWIA,179,41.0
XANTAL,179,25.5
ELEA,178,13.8
HAZEL,178,50.4
JUTTA,178,67.9
LILIAM,178,33.6
LUTGARDA,178,71.7
SAHARA,178,33.1
SCHEREZADE,178,32.9
SEVERA,178,73.0
XINYAN,178,17.2
ASHLY,177,10.8
AWATIF,177,32.2
BATOUL,177,48.2
CINTYA,177,31.0
FAHIMA,177,41.1
FRANCHESCA,177,22.0
GHOFRAN,177,8.6
HILLARY,177,19.1
JIAJIA,177,25.2
JULISSA,177,37.6
MARIETTA,177,32.3
NURI,177,54.7
ONEKA,177,18.9
STEFANNY,177,26.8
TECLA,177,62.3
YANYAN,177,36.4
ALAYA,176,6.6
ANUSKA,176,41.1
CLARISSA,176,31.1
HAJRA,176,19.7
IEVA,176,34.0
KYARA,176,11.4
LAIENE,176,16.5
MAISSA,176,12.6
YUXI,176,11.8
ALBENA,175,47.3
ANABIA,175,5.2
DIEYNABA,175,26.8
GHOFRANE,175,12.6
LEI,175,38.1
MIQUELA,175,50.2
QING,175,40.0
RIMAS,175,5.5
SMAHANE,175,33.7
SUNITA,175,42.7
YAHAIRA,175,31.4
CECILE,174,44.9
DORITA,174,71.0
HUDA,174,23.5
JIANFEN,174,50.0
LAIBA,174,17.7
LIYAN,174,42.8
MADELIN,174,39.0
MANDY,174,45.3
MAYLIN,174,37.4
MONSERRATE,174,63.4
NASTASIA,174,52.0
SUELI,174,54.1
TABATA,174,24.6
ALANIS,173,16.7
ARMANDA,173,68.8
DONNA,173,43.3
ENA,173,29.3
ERKUDEN,173,43.6
ESTIVALIZ,173,39.0
GHERGHINA,173,59.5
HAJIBA,173,41.6
ICHRAK,173,20.1
INDIARA,173,8.1
LIYING,173,49.0
NESRIN,173,22.3
SANTAS,173,78.4
ELZA,172,51.5
EXPIRACION,172,68.1
NOURHAN,172,10.5
RAYHAN,172,7.0
WASSILA,172,27.4
CONCESA,171,77.7
FOIX,171,15.8
GHALIA,171,36.8
JEMIMA,171,37.7
MARGA,171,41.9
MAYSSAE,171,11.8
SEHILA,171,33.8
LAIRA,170,9.4
LAURINDA,170,70.2
MARIANGELES,170,37.1
MYRNA,170,54.4
SHANDRA,170,43.7
XIAOJING,170,39.6
DARIFA,169,52.1
FERDAWS,169,11.0
LAKBIRA,169,52.4
LIQIN,169,47.4
LYNNE,169,66.1
MILICA,169,44.3
NAOMY,169,14.8
RUI,169,31.1
SUSAGNA,169,50.2
YANEISY,169,36.7
YOVANNA,169,39.8
ANNIKA,168,34.1
ARMONIA,168,70.2
DIANDRA,168,29.4
DOROTHY,168,65.0
JERUSALEN,168,45.7
LUCIENE,168,47.5
RAISSA,168,25.7
REBEKA,168,26.4
XUE,168,35.0
YIXUAN,168,14.5
YUHAN,168,15.3
GAROA,167,20.4
IVETA,167,40.7
MONIA,167,38.4
PRISCA,167,55.9
ROAYA,167,6.8
SONDOS,167,8.7
XIAOXIAO,167,35.1
ZINAB,167,36.0
ALOIA,166,14.3
ELIF,166,17.7
GASPARA,166,77.8
GENTZANE,166,39.6
HEURA,166,16.2
JIAYING,166,19.3
JUDY,166,25.9
MARIFE,166,54.7
MILDRED,166,46.4
NIDA,166,32.7
YULIETH,166,35.8
DASHA,165,14.8
DONATELLA,165,42.8
FELICITACION,165,77.2
GRACIANA,165,71.4
MAIDA,165,46.1
MILKA,165,50.9
NAREL,165,6.2
ROKAYA,165,15.2
ANACLETA,164,75.7
ANNY,164,32.0
COLETTE,164,55.4
EDILIA,164,61.9
ELEANOR,164,30.8
ELHAM,164,35.9
KAROL,164,25.7
KRISTEL,164,31.5
MAYARA,164,28.4
RAMIRA,164,76.6
SFIA,164,52.5
TALITA,164,32.1
XEILA,164,24.1
YAISA,164,25.3
ANANDA,163,25.4
AOUICHA,163,56.9
ARELYS,163,40.6
DANUTA,163,59.3
DONATILA,163,77.2
EUTIMIA,163,78.3
FRANCIA,163,52.6
FRANCINE,163,52.9
HEATHER,163,53.4
IVY,163,19.8
IWONA,163,48.8
MADAY,163,22.3
MAHNOOR,163,13.9
MARYAME,163,24.6
MERCHE,163,46.4
MISBAH,163,38.0
RINA,163,45.9
SENDA,163,16.3
STEFKA,163,54.1
VARINIA,163,31.0
YARISA,163,21.6
BERNARDITA,162,51.3
EVANGELISTA,162,63.5
JURGITA,162,44.4
KATIUSKA,162,45.2
KORA,162,8.8
MANJIT,162,48.3
MARICRUZ,162,42.4
MAYSAA,162,9.1
MEHWISH,162,31.4
NOHEMY,162,55.0
TEODOMIRA,162,77.6
YADHIRA,162,16.6
ZULEICA,162,31.6
CHARIFA,161,40.9
LAIS,161,27.0
MAIMUNA,161,21.8
MAKA,161,42.1
MISHEL,161,12.3
NAIHARA,161,18.5
NARINE,161,46.0
SADAF,161,34.3
SANTOS,161,66.7
SOUMYA,161,38.1
AYALA,160,16.2
CORAYMA,160,12.1
DIONICIA,160,54.7
FOZIA,160,41.3
JUN,160,42.8
KESIA,160,31.6
LIJUAN,160,48.3
MIREILLE,160,57.3
NARYIS,160,17.5
NILSA,160,46.4
RAZANE,160,7.9
XUEMEI,160,48.3
YIHAN,160,15.0
ZEINAB,160,30.1
FARNERS,159,22.3
FATEMA,159,34.7
GOHAR,159,46.8
MANON,159,28.4
MIGLENA,159,44.5
XIAOHUA,159,50.5
YOBANA,159,41.2
DAMASA,158,76.2
FLOARE,158,61.2
GOIATZ,158,27.6
HUA,158,49.2
IBTIHAL,158,13.9
IRAITZ,158,30.0
MARLI,158,51.1
MATHILDE,158,29.5
ARAME,157,28.3
CATTALEYA,157,3.1
ESTEBANA,157,67.7
IMENE,157,29.2
KATHRIN,157,45.4
NABIHA,157,34.2
RONG,157,39.6
TIANA,157,10.7
YIXIN,157,16.9
ZARINA,157,35.0
ALESANDRA,156,31.4
BIDANE,156,20.2
DAMARI,156,26.6
DIANELYS,156,38.0
HONORIA,156,76.8
JOELLE,156,48.2
JOSELYN,156,33.2
NAIROBI,156,15.1
ODILIA,156,62.2
YAMILKA,156,42.2
ELISABEHT,155,37.0
GRICELDA,155,43.7
NATALJA,155,49.7
NOGAYE,155,27.8
VIRGINIE,155,46.6
YUMEI,155,51.4
ZORIONE,155,47.3
ADALGISA,154,50.9
BANESA,154,42.4
CHRISTA,154,70.5
KIRENIA,154,41.9
LEONELA,154,30.1
MADINA,154,31.2
MADISON,154,9.5
NEREYDA,154,45.2
NIKOLINA,154,46.1
NOHELIA,154,39.4
RAZIA,154,49.4
RHIZLANE,154,37.3
ROBINA,154,49.9
SAVINA,154,29.2
VALVANUZ,154,37.0
XIAOQIN,154,50.6
YINUO,154,10.0
ZULEIKA,154,35.2
ALVARINA,153,74.5
BARTOLINA,153,69.4
BENICIA,153,70.3
BENILDA,153,65.7
HAJA,153,37.9
JANNETH,153,45.2
KATALINA,153,18.2
MAGUETTE,153,28.5
MARITES,153,49.3
MARLA,153,18.2
OUMY,153,30.0
VESELINA,153,43.2
AIURI,152,7.4
ANNI,152,23.9
CAROLYN,152,50.2
CRISTALINA,152,72.4
FRANZISKA,152,42.6
GURPREET,152,32.5
ISLA,152,9.3
KAROLINE,152,26.9
NEELAM,152,38.3
OLESEA,152,39.9
PRECIOUS,152,28.8
QAMAR,152,13.0
ZIHARA,152,17.9
AYLEEN,151,12.2
EDDA,151,29.9
GAELLE,151,29.3
GOIZEDER,151,29.2
HAYAR,151,19.1
IBANA,151,45.1
JINGYI,151,20.8
LIZHEN,151,49.0
NAJLAA,151,30.9
NIT,151,10.6
ROSSELLA,151,44.1
ZIHAN,151,13.9
AIZEA,150,22.6
AMBRA,150,25.4
AMI,150,22.1
ARGIA,150,27.8
BARBORA,150,35.5
BINETA,150,33.8
CLAUDELINA,150,44.6
CLAUDINE,150,61.2
LIUBA,150,48.1
MARILENE,150,53.2
NATASA,150,45.2
RITAJE,150,8.4
ROMAISAE,150,11.4
SOUFIA,150,29.1
YENY,150,43.9
ACACIA,149,68.3
ANIKA,149,23.4
ARGELINA,149,76.1
DEIENE,149,25.8
DOREEN,149,65.2
ELIONOR,149,48.0
HANNELORE,149,76.4
KAIRA,149,7.7
LAAZIZA,149,50.3
MAREME,149,31.4
NUSRAT,149,45.4
SNIZHANA,149,34.6
XIUQIN,149,52.7
ZAMIRA,149,25.7
CHEYENNE,148,26.0
DARIYA,148,42.9
ETHEL,148,41.6
GAUDENCIA,148,77.4
HERLINDA,148,56.4
IZARNE,148,28.5
KRISZTINA,148,43.4
MARIZA,148,45.9
RAIHANA,148,10.7
ZIXUAN,148,14.0
CRINA,147,40.4
DAIVA,147,49.6
DAMARYS,147,41.0
DAWN,147,60.6
DAYARA,147,14.5
DORALBA,147,55.8
FIDENCIA,147,75.4
INGEBORG,147,72.4
MADELAINE,147,43.3
MONTIEL,147,61.3
ORLANDA,147,68.2
PARVEEN,147,49.0
YURANI,147,33.6
ABLA,146,31.8
AMIE,146,34.5
ANKE,146,54.9
ASSYA,146,27.1
BIANKA,146,20.4
BLASINA,146,64.8
CESARINA,146,60.8
CHOUMICHA,146,48.6
EMILI,146,15.1
ERHIMO,146,65.0
FAVOUR,146,24.7
FERDAUS,146,11.7
ILIA,146,21.4
IZZA,146,42.0
MADELINE,146,37.7
RAMA,146,26.1
ROMY,146,35.8
SABIHA,146,38.9
SHAMARA,146,16.6
WEIFEN,146,46.1
AISSA,145,19.8
AMARILIS,145,49.3
CORINNA,145,42.3
ELIECER,145,70.2
EMETERIA,145,77.4
HONORATA,145,74.6
KULWINDER,145,45.6
RAMATA,145,26.6
ROSELI,145,51.2
SHAIMA,145,18.3
SOKAYNA,145,24.9
TIBISAY,145,42.8
YOHARA,145,15.3
ZORIANA,145,35.1
ACORAIDA,144,33.8
ADONINA,144,78.7
ALEXIS,144,29.2
BEATE,144,59.6
ELIN,144,18.5
ENAR,144,28.3
IDALMIS,144,53.5
ILINCA,144,35.8
JASPREET,144,28.6
LIJUN,144,47.6
MADELYN,144,32.9
MARIOLY,144,41.8
NATALIJA,144,49.2
NOHAYLA,144,17.8
RASA,144,47.0
ROSARIA,144,54.8
XINXIN,144,30.5
ARTEMIA,143,73.5
AURAH,143,3.8
BALJIT,143,42.3
CHAHIRA,143,34.5
DUAA,143,12.8
ESTELITA,143,71.3
FATIN,143,22.2
GISSELA,143,22.2
HERMESINDA,143,78.0
HOORAIN,143,5.1
JOVANA,143,35.1
KINGA,143,34.3
MAYSSA,143,10.1
OHIANA,143,36.4
ROKIA,143,32.2
SERAPIA,143,77.7
THANIA,143,30.2
YURANY,143,36.5
ZENOBIA,143,52.7
ALIX,142,29.8
ANYELA,142,25.5
BETANIA,142,34.3
CHUNYAN,142,45.3
ELGA,142,32.5
HELOISA,142,20.4
JANNATE,142,8.3
KIRSTEN,142,55.3
MARIYAM,142,27.8
MAYAR,142,6.0
MIAOMIAO,142,34.6
SHAHNAZ,142,54.4
TEIA,142,15.0
TIMEA,142,37.1
WEAM,142,12.7
WEN,142,35.3
BAKARNE,141,52.1
BATIRTZE,141,39.5
BERA,141,7.7
CARLINA,141,63.8
HADJER,141,24.1
IMEN,141,26.0
IZEL,141,9.4
MALAIKA,141,17.3
NIMRA,141,22.8
ORETO,141,51.1
OSKIA,141,29.9
SULEIMA,141,23.6
TAMILA,141,43.6
YILIN,141,16.3
AYDEE,140,53.2
BETLEM,140,37.8
GHARIBA,140,40.6
HADIL,140,15.4
INESA,140,38.4
KRISTIN,140,43.5
LESLY,140,27.2
MARILOU,140,50.4
MIAO,140,35.0
NERY,140,54.5
PABLA,140,70.2
SOODIA,140,66.1
TAYYABA,140,31.4
THERESE,140,58.6
TIMOTEA,140,77.6
YINA,140,23.1
YURIMA,140,25.7
ZIYI,140,17.5
AUDELINA,139,75.7
BRITTANY,139,11.0
DAIANE,139,36.3
FERDAOUSS,139,22.1
IVELISSE,139,46.4
JESSIKA,139,35.2
JUSTINE,139,36.2
NAYELY,139,20.2
NYDIA,139,38.9
ONEIDA,139,53.9
RALITSA,139,35.7
SORAIA,139,33.0
SUFEN,139,50.8
XUAN,139,26.3
YUYING,139,48.3
ANGELINE,138,22.7
ANNABELLA,138,32.1
BALWINDER,138,49.6
BERNABEA,138,74.8
CHERIFA,138,49.0
CHRIFA,138,47.0
EMMANUELLE,138,42.9
FAIROUZ,138,36.1
FANY,138,45.4
KASANDRA,138,23.6
MARGOTH,138,53.3
MARYIA,138,32.9
MESSAOUDA,138,55.4
VIKTORYIA,138,34.7
VIOLANT,138,37.3
ARIELA,137,23.7
BARBARE,137,11.0
CHELSEA,137,17.3
EGLE,137,39.7
ELISAVETA,137,44.7
EMMANUELA,137,29.8
EXPEDITA,137,71.7
FENG,137,42.7
INESSA,137,44.1
JIN,137,40.5
JOSELIN,137,35.1
MILENE,137,29.0
OUASSILA,137,35.6
PATRYCJA,137,31.6
POOJA,137,36.5
ROMELIA,137,59.3
SAYOA,137,25.4
SOUAAD,137,39.5
TASNIME,137,8.3
WASIMA,137,20.8
YAREL,137,4.3
ZSUZSANNA,137,48.7
AITHANA,136,10.2
ALICJA,136,39.8
ANAHIS,136,11.4
AZRA,136,48.9
DELIOMA,136,32.0
INDRA,136,26.4
LAETITIA,136,39.4
MANOLA,136,66.2
MEILING,136,39.3
MIAH,136,6.4
NATASCHA,136,41.3
PARAMJIT,136,47.5
PEDRONA,136,69.1
SHAHIDA,136,47.5
SHAMIM,136,50.2
SIRLEY,136,47.7
SOTERA,136,77.0
VIVIEN,136,39.8
YAILIN,136,28.2
YIYI,136,17.6
ZEYNEP,136,23.2
ZHEN,136,41.2
AYDA,135,43.2
ESSAADIA,135,44.4
FAINA,135,36.6
GABY,135,46.2
JULIANE,135,40.3
KAMILLA,135,25.0
LIHONG,135,47.8
MAJDOULINE,135,28.1
MARYURY,135,41.0
MIRACLE,135,48.3
NAYIBE,135,43.3
PABLINA,135,47.7
RUZANNA,135,48.6
SAFIYA,135,18.6
YENI,135,42.0
YULISSA,135,26.4
ANAM,134,26.8
ASSA,134,24.1
CARINE,134,45.9
CLORINDA,134,70.9
EMI,134,24.6
FADUA,134,30.6
FLORENTA,134,50.9
IRIANA,134,25.7
JENICA,134,52.7
LAURENCE,134,54.6
NIKOLA,134,27.3
YURI,134,30.1
APRIL,133,13.2
AROUA,133,10.9
EDINA,133,43.6
EKRAM,133,27.2
GHAZALA,133,46.4
GULNARA,133,52.2
HORTENCIA,133,59.2
JESSENIA,133,26.1
LOVETH,133,40.9
MAXIMIANA,133,76.0
RADA,133,50.1
SELIN,133,17.6
XIAOPING,133,53.1
XIUMEI,133,52.3
YASMEEN,133,39.4
ANDRIANA,132,26.3
ANNABELLE,132,35.5
ARABELLA,132,32.8
CANDY,132,31.6
CHUNMEI,132,51.7
KALINA,132,30.8
KENDALL,132,5.3
LUISINA,132,28.2
MALVA,132,17.0
PUREZA,132,74.5
RIHANA,132,9.9
TANTA,132,54.4
TEXENERY,132,34.4
YUTONG,132,14.1
AIHUA,131,55.4
ANATOLIA,131,72.6
ANTHONELLA,131,6.5
BOZENA,131,56.4
EWELINA,131,39.1
GIANINA,131,42.1
GLORY,131,37.2
KAMELIA,131,22.9
KONTXI,131,64.9
LEONA,131,38.9
LILYANA,131,49.7
NEIDA,131,40.3
NINOSKA,131,42.9
PARIS,131,11.8
SALUA,131,31.6
SHIRA,131,18.6
STELIANA,131,51.6
WIJDAN,131,11.2
ZORYANA,131,42.3
AINITZE,130,27.9
FARA,130,33.4
FATIMATOU,130,31.8
GENEVIEVE,130,59.1
GIFT,130,23.1
JASWINDER,130,45.8
JEKATERINA,130,38.2
KHADJOU,130,47.9
LADA,130,29.7
LIMEI,130,47.8
MADALENA,130,41.9
NAIKE,130,28.4
NARIMAN,130,18.6
SARELA,130,13.1
TRINI,130,45.4
WEILI,130,44.5
XIAOQING,130,38.3
YAMIRA,130,27.0
YISELA,130,20.0
ANASTACIA,129,46.5
AURKENE,129,39.5
AYANA,129,7.8
DELPHINE,129,45.1
JANNET,129,28.0
KOMAL,129,30.5
LEOVIGILDA,129,72.2
LUCREZIA,129,27.4
MICHELL,129,25.4
MIMUNT,129,62.6
NAIDA,129,29.8
ODILA,129,66.7
ROA,129,11.9
SISI,129,30.6
VENERA,129,56.8
XIAOYU,129,36.8
YUTING,129,23.1
ELIZABETE,128,47.3
EMILSE,128,50.6
HERA,128,10.2
JYOTI,128,42.0
LEONIE,128,24.6
NAEVIA,128,7.5
NISSRIN,128,18.7
SARAHI,128,30.0
SAYRA,128,17.3
SINDY,128,29.1
SOUHILA,128,41.7
SURI,128,12.3
ZAYDA,128,32.2
ASINAT,127,5.2
CASTA,127,70.5
CLEOPATRA,127,36.2
DOLÇA,127,25.3
GUIDA,127,20.7
MALIA,127,10.5
MARZIA,127,42.1
MEIYING,127,54.6
NARGIS,127,36.6
PASCALE,127,54.9
RAMIA,127,25.5
ROSMARY,127,46.2
TISCAR,127,43.9
XIXI,127,30.0
YELIZAVETA,127,26.2
YOLIMAR,127,44.2
AIFEN,126,54.4
BETSAIDA,126,33.4
DINARA,126,35.7
ISKRA,126,43.8
IXCHEL,126,15.9
KLOE,126,7.3
KSENIYA,126,32.5
LIYA,126,26.1
LUJAIN,126,6.2
MEDEA,126,32.0
NASIMA,126,27.0
PEPI,126,47.5
RAGHAD,126,9.2
SHORENA,126,45.2
SUCESO,126,73.5
YAKELIN,126,31.3
YANELYS,126,37.3
AMAPOLA,125,48.2
DONGMEI,125,50.2
EDIT,125,45.8
EVELINE,125,47.0
GICA,125,55.7
HANIFA,125,44.3
HUIHUI,125,29.0
IVETT,125,27.4
JAINABA,125,33.0
LEYA,125,8.5
LICINIA,125,74.7
ORIA,125,31.6
RIME,125,16.3
RIMSHA,125,24.1
RUMILDA,125,41.4
UZURI,125,25.9
ADRIA,124,24.7
ANGELIQUE,124,38.0
CHOUROUK,124,18.7
DAYLIN,124,32.6
EDELWEISS,124,27.3
ERENIA,124,54.8
ERMINDA,124,73.0
EZZAHRA,124,42.3
FANGFANG,124,37.1
MELEK,124,10.0
NADJA,124,35.8
OUIAME,124,21.0
PACITA,124,73.0
PURIFICACIO,124,69.4
SCARLET,124,23.7
SOLEA,124,5.3
TOUDA,124,48.9
VASILKA,124,53.8
VASYLYNA,124,41.1
AHLAME,123,28.3
ANTJE,123,56.8
DEOGRACIAS,123,74.9
ESHAAL,123,7.0
EXALTACION,123,75.0
GOYA,123,19.5
GRAZYNA,123,60.6
HAYA,123,15.0
IRAMA,123,29.7
KAMELIYA,123,46.9
KIMBERLEY,123,29.3
MARIAJOSE,123,22.0
MOKHTARIA,123,49.1
MYLENE,123,41.4
NEDA,123,32.7
NOEMIA,123,48.8
QINGQING,123,34.6
RITAL,123,4.0
SIYU,123,19.0
STEFANIIA,123,20.5
YAKOUT,123,8.3
ZELAI,123,22.2
ARABELA,122,38.6
EUSTASIA,122,82.5
GRAZIA,122,52.7
JUGATX,122,28.9
JUSTINIANA,122,76.0
LOUISA,122,39.3
LULU,122,30.4
NAJIHA,122,41.2
NAWEL,122,36.1
NERI,122,56.7
NOEMA,122,41.7
OUISSAM,122,28.8
SINAY,122,10.8
ADELFA,121,64.3
CASIANA,121,67.5
CHENXI,121,13.4
ERICKA,121,34.5
GERDA,121,60.7
GURLEEN,121,12.3
HNIA,121,50.9
KAMILIA,121,27.2
MOLLY,121,30.0
MZIA,121,56.6
NAHLA,121,24.5
NEHA,121,29.1
NELYA,121,43.0
RIZWANA,121,42.5
ROKSOLANA,121,29.1
RUOXI,121,11.8
SAFIATOU,121,26.3
TURIA,121,50.4
VESNA,121,49.6
VLADISLAVA,121,29.9
XIUYING,121,54.7
YE,121,37.3
YUNAIDA,121,26.6
AGORA,120,17.4
ARGEME,120,58.5
BORYANA,120,45.8
CHAFIKA,120,46.0
CRIPTANA,120,70.2
EDELIA,120,69.3
ELSY,120,56.7
FATY,120,31.4
IONELIA,120,45.3
JADIYETU,120,39.3
KHEDIDJA,120,48.8
KUMBA,120,29.2
LIRIOS,120,38.0
LYS,120,15.4
MARIVEL,120,50.8
MOUNYA,120,33.2
NASEEM,120,54.7
NISHA,120,29.8
REPOSO,120,75.3
STANKA,120,58.8
ZOFIA,120,42.1
AGNESE,119,34.3
AREEJ,119,10.5
DOMENICA,119,43.4
JAYNE,119,58.3
JOCELYNE,119,56.4
KADIJATOU,119,25.2
LIKA,119,22.1
MARYORI,119,40.5
MARYSOL,119,47.6
MEREDITH,119,16.7
NAUSICA,119,28.0
RAMANDEEP,119,32.5
RONGRONG,119,34.6
RUBINA,119,45.6
SANDRINA,119,45.6
SIMRAN,119,21.8
SUEVIA,119,20.5
SUKHWINDER,119,44.2
TAINA,119,24.6
TRACEY,119,54.0
UXUA,119,38.1
VIOLANTE,119,65.5
YAIMARA,119,33.5
AFNANE,118,9.9
BAYANE,118,8.2
BIDATZ,118,21.6
ELIGIA,118,64.3
ELINE,118,15.2
GISSELLE,118,26.9
GUDRUN,118,70.4
JIANYING,118,49.2
LARITZA,118,36.3
MAYLEN,118,29.2
PRIYA,118,32.6
TEBA,118,37.1
XENA,118,17.6
YAO,118,30.0
YULI,118,37.5
ANETTE,117,41.3
ANGHARAD,117,35.6
BETINA,117,41.0
BRIDGET,117,45.9
CHERYL,117,48.4
COSMINA,117,37.6
DAHAB,117,13.0
ESZTER,117,37.7
HILDEGARD,117,73.1
HIRA,117,22.0
MARTYNA,117,23.8
NONNA,117,34.6
OUIJDANE,117,24.6
RESTITUTA,117,75.6
SEHRISH,117,31.3
SHAGUFTA,117,47.0
YUYAN,117,33.0
ABENCHARA,116,27.7
ADOSINDA,116,77.0
APARECIDA,116,55.0
CATERINE,116,37.7
EDYTA,116,44.6
HALLEY,116,4.0
HONGMEI,116,50.6
ISHA,116,18.2
JOELMA,116,45.6
MARILO,116,35.6
MELANNY,116,16.4
NARJISS,116,25.9
NOHARA,116,10.4
ANGUSTIA,115,71.2
AURELIE,115,39.8
BINTU,115,18.7
ESTEFANA,115,75.8
FILIPA,115,25.2
HADIYA,115,37.0
INGRIDA,115,47.1
JAMAICA,115,28.0
JIANLI,115,49.3
KAHINA,115,38.2
LAN,115,42.0
LINDSAY,115,29.8
MARIETOU,115,28.0
NAHOMI,115,15.1
NELCY,115,50.7
RIDA,115,23.3
TINATIN,115,40.4
ALEA,114,12.7
ARANZA,114,22.7
ARLETH,114,8.6
CHELO,114,33.0
CONCETTA,114,55.2
CORTES,114,46.9
ELOISE,114,16.9
ESTELLE,114,32.4
FARHAT,114,43.6
KHOUDIA,114,30.5
KINZA,114,29.3
LEONIDAS,114,61.4
MAGALYS,114,57.1
MANEL,114,23.3
NAFISSA,114,36.6
NASHIRA,114,15.5
NASIHA,114,54.0
NATALE,114,19.4
ORFILIA,114,63.3
REINALDA,114,60.1
ROSILENE,114,48.6
SATURIA,114,79.1
SERINE,114,15.3
SHIRIN,114,34.0
SOLANGEL,114,47.5
SORALLA,114,35.2
SULTANA,114,32.0
VELICHKA,114,53.9
WALAE,114,12.4
YANARA,114,27.9
YESSIKA,114,37.9
ZIYAN,114,14.4
ANASTASIJA,113,27.6
AREA,113,12.7
CELINDA,113,54.6
DIMITRINA,113,51.0
ENID,113,27.1
FEDRA,113,40.7
FRANCES,113,61.7
HALEEMA,113,25.5
HIART,113,31.9
IMARA,113,20.3
JOUDIA,113,21.3
LEYDI,113,37.0
MARGIT,113,61.6
MILEIDY,113,42.4
MIRABELA,113,37.4
MOUMNA,113,52.2
RASHIDA,113,46.9
SAHILA,113,38.6
ANAI,112,29.5
ARELY,112,31.2
CAROLIN,112,33.8
IDAYRA,112,16.8
ILAZKI,112,19.1
JEMA,112,55.0
JHOSELIN,112,25.1
KEILY,112,10.9
LEDICIA,112,36.6
LIZI,112,16.3
MARIANE,112,34.4
MARYAMA,112,30.8
MUSKAN,112,16.9
NERINA,112,32.2
NOZHA,112,47.5
RIFFAT,112,46.5
SINDIA,112,26.5
SUE,112,35.8
AIMEI,111,55.7
ALIYA,111,31.4
ANISIA,111,51.4
DABA,111,27.6
DENITSA,111,34.4
ENIKO,111,45.9
FEIFEI,111,31.1
FEN,111,44.3
GILMA,111,61.6
LEDA,111,32.0
LISETH,111,27.7
MEERAB,111,10.5
NATHALI,111,31.1
NELSY,111,51.7
RACHELE,111,33.8
ROSALIE,111,46.7
RUDESINDA,111,76.8
RUTA,111,44.1
SAMAIRA,111,15.0
SITA,111,39.9
SOHAYLA,111,23.7
SOURAYA,111,34.6
VANINA,111,39.1
ZIXIN,111,12.4
ADOLFA,110,75.2
ANAY,110,38.5
DAYANARA,110,19.7
DIDINA,110,58.2
ERMINIA,110,53.3
FABIENNE,110,50.8
IBANE,110,26.3
JANETE,110,50.0
KAILA,110,9.9
KARMEN,110,40.5
KHADIJETOU,110,31.4
LAYAL,110,8.4
MAISSAE,110,13.3
MARIANNY,110,25.4
MELVA,110,56.3
MIIA,110,5.5
MIKA,110,22.8
SODA,110,28.8
SOJOUD,110,4.7
SUSI,110,32.4
THEA,110,19.1
WIKTORIA,110,21.3
XIAOYUN,110,46.5
AGAR,109,38.0
BELKYS,109,52.6
BRITTA,109,54.0
CATHAISA,109,35.7
FANI,109,43.2
GARDENIA,109,49.5
GIANELLA,109,16.3
JACQUELIN,109,40.8
KATTY,109,43.3
LINGLI,109,42.7
LOU,109,14.3
LUCIANE,109,47.0
MARGARYTA,109,38.5
MARLYN,109,43.1
PEGGY,109,54.9
REHAB,109,16.9
SADIO,109,25.8
SAHIRA,109,21.7
SANÇA,109,8.7
SAORI,109,17.4
SHAIRA,109,13.3
SINFORIANA,109,77.2
SUYAPA,109,46.7
TATEVIK,109,35.6
XIUHUA,109,54.3
YANLI,109,46.3
AHITANA,108,12.7
AHLEM,108,33.5
ALIMA,108,26.1
ANGY,108,13.5
ARI,108,8.0
ASTA,108,42.7
ASUNTA,108,51.6
CATRINA,108,39.2
CLARICE,108,38.1
DOMICIANA,108,77.0
FIRDAOUSS,108,18.1
GABI,108,44.1
HAREEM,108,8.5
ISELA,108,38.2
ISMENE,108,33.1
KAY,108,62.6
LIBORIA,108,75.1
PATROCINIA,108,69.4
ROMAYSSA,108,13.4
SAIQA,108,40.6
SALCA,108,40.2
SENA,108,25.3
SYRA,108,24.5
TODORKA,108,57.2
VILLA,108,72.1
ZAKIYA,108,37.1
ASSMA,107,32.3
BETSY,107,38.8
DENIZ,107,27.1
DIOSELINA,107,59.9
DONKA,107,55.5
EMELIA,107,59.9
HERMELINA,107,73.3
LEOPOLDA,107,74.2
LIFANG,107,47.0
NATELA,107,56.6
PIERINA,107,39.2
SALIMATOU,107,27.5
SARABEL,107,35.0
SILIA,107,6.2
SOPIO,107,40.4
SULMA,107,44.6
TIRSA,107,48.3
ULPIANA,107,75.7
YELITZA,107,36.1
YEVHENIYA,107,56.2
YITING,107,20.6
YUQI,107,15.0
ADAMINA,106,71.7
ALLYSON,106,17.7
ANGELY,106,19.2
ARIANNY,106,25.6
ATILANA,106,75.3
BILYANA,106,38.6
ILIYANA,106,42.3
LETITIA,106,54.9
LIRA,106,19.9
MADDALENA,106,40.4
MAGGIE,106,18.6
MONEIBA,106,38.4
NASRIN,106,44.8
NAVNEET,106,25.3
REGINE,106,57.3
SHUANG,106,36.9
SHUMAILA,106,37.0
WENWEN,106,28.8
XIAOXIA,106,43.9
YEIMY,106,30.4
YERA,106,23.5
AIMAN,105,17.5
ANUSH,105,40.8
ARIDIAN,105,20.4
ASTERIA,105,68.5
CORAZON,105,61.0
DUMITRITA,105,36.1
ELIZANGELA,105,43.8
HAIDEE,105,36.4
JEANNINE,105,64.5
JESUS,105,66.3
JUVENTINA,105,74.7
KATHERINA,105,26.2
MARLENA,105,41.2
NGONE,105,30.4
OSANE,105,37.1
SOFIE,105,23.1
STOYANKA,105,56.2
YANDIRA,105,29.3
YARELY,105,16.8
ZEINA,105,25.6
ZUBEROA,105,32.4
AAYA,104,14.9
ABY,104,27.5
ACERINA,104,32.1
ANNICK,104,58.6
DAYANE,104,30.3
FATU,104,27.2
GENOVA,104,29.9
GERVASIA,104,76.0
GINESTA,104,15.1
GUASIMARA,104,40.0
JEANINE,104,54.1
KAORI,104,25.3
KHALISSA,104,42.9
MAYYA,104,46.8
NATO,104,44.1
SANJA,104,44.2
TIARA,104,12.7
YULEMA,104,30.9
ZHORA,104,58.5
ALEVTINA,103,52.1
ANELIA,103,36.6
ANTOINETTE,103,60.2
AROLA,103,28.1
BAKHTA,103,49.3
CIES,103,6.0
HARAM,103,7.5
JANETT,103,39.4
MAHAM,103,16.2
MAMMA,103,64.7
MARILINA,103,45.9
MEIMEI,103,43.5
PRIYANKA,103,29.2
QUEEN,103,36.8
RANA,103,38.3
RHIMO,103,60.0
ROUDAINA,103,12.0
XINRAN,103,12.9
XINYAO,103,11.8
XUNE,103,7.2
YANNAT,103,7.0
ZARAIDA,103,36.4
ZLATKA,103,51.5
ZURIA,103,27.4
ABUNDIA,102,80.1
ALISSA,102,16.8
ANNEMARIE,102,61.0
AROOJ,102,24.2
DEIANE,102,22.6
DILARA,102,18.4
FABIA,102,49.4
FATOUMA,102,41.5
FAYROUZ,102,27.4
FOUZIYA,102,38.5
GAIL,102,61.8
GEOVANNA,102,26.9
GRISELA,102,39.7
IEVGENIIA,102,42.9
LIAN,102,26.7
LIDIANA,102,41.5
MARGARETE,102,64.1
MAYDA,102,51.4
NATI,102,46.4
NIEMA,102,7.6
NIRMINE,102,15.8
RIMMA,102,53.9
RUPINDER,102,34.5
SAYURI,102,21.0
SENIA,102,30.0
VALLIVANA,102,40.0
VERACRUZ,102,44.0
XESCA,102,18.8
AGURNE,101,44.6
AMALE,101,26.9
ANNAIS,101,18.8
DANITZA,101,34.5
ELIANNY,101,20.1
FATIMAEZZAHRA,101,21.3
FEI,101,35.4
FLORALBA,101,56.5
GERMANIA,101,55.5
HASSIBA,101,43.5
HUMBELINA,101,70.5
ITXARO,101,37.1
KEIKO,101,42.9
LORA,101,31.0
MARIALEJANDRA,101,29.7
MARLEY,101,24.9
NITA,101,36.7
SIQI,101,17.3
VANDA,101,50.9
XIAOHUI,101,36.0
YURAIMA,101,26.7
AILI,100,50.0
ALCAZAR,100,66.2
ALMERINDA,100,70.0
ARALE,100,8.9
DORCAS,100,38.9
MARIAMU,100,16.8
NABIA,100,41.1
POLIANA,100,38.7
RACHA,100,23.6
RETAJ,100,5.0
ROMAYSAA,100,11.7
VESELKA,100,45.1
XUEFEN,100,49.9
YANLING,100,41.8
YIRAN,100,13.7
YOMAIRA,100,37.0
ANNELIESE,99,66.5
ARIS,99,16.2
DAHBA,99,26.8
DIARRA,99,27.6
FATME,99,48.6
FATOUMATTA,99,30.3
GERMELINA,99,76.2
IVETH,99,17.3
IVONA,99,36.8
JHOANA,99,29.7
NAVIA,99,10.9
ROSI,99,31.5
SALUT,99,45.3
SEEMA,99,40.8
SHERYL,99,37.4
SUELY,99,52.2
TASSNIM,99,8.2
TOURAYA,99,47.1
TUDORA,99,62.1
UMBELINA,99,72.7
USUA,99,40.8
XUEYING,99,44.6
YUSIMI,99,45.6
BOGDANA,98,38.3
BRIGITTA,98,54.4
DORI,98,36.8
FIKRIA,98,39.3
HUMA,98,29.9
LALLA,98,39.4
MAGATTE,98,36.9
MARBELLA,98,52.1
MELITONA,98,76.0
ONDINA,98,54.6
SHAN,98,33.0
SIHEM,98,38.0
SUAD,98,41.6
WENJING,98,29.5
XIANG,98,36.3
XIAOLAN,98,48.9
XIUJUAN,98,50.2
ALBANIA,97,40.2
ANABELL,97,39.9
ARGI,97,23.9
CLEA,97,20.3
DIANELIS,97,33.4
ELIAN,97,32.9
GIORGIANA,97,38.4
GISELL,97,21.4
ILANA,97,22.7
ILENA,97,19.7
JENARA,97,77.5
JOHANNY,97,38.5
JOSETTE,97,71.7
KEISHA,97,11.1
NANI,97,45.8
NATURA,97,10.8
RAIZA,97,41.3
ROSALVA,97,51.3
SEDA,97,44.1
SUHAYLA,97,10.7
TOÑI,97,30.8
WERONIKA,97,25.8
YEVGENIYA,97,49.1
YISSEL,97,30.6
ADELAIDE,96,45.3
AKSANA,96,44.2
ARELI,96,27.5
AURELINA,96,62.7
BEVERLY,96,41.7
CLARE,96,50.3
COMFORT,96,43.5
DANDAN,96,35.4
DONYA,96,22.3
ERIDANIA,96,43.1
FRANCIS,96,50.1
GHANIA,96,43.0
HAPPY,96,36.1
HERENIA,96,50.4
HERIBERTA,96,70.8
INVENCION,96,77.7
JANY,96,34.7
KAIA,96,7.9
KAMALJIT,96,43.0
KATIE,96,32.1
LEO,96,22.5
LIU,96,39.1
LOJAIN,96,4.9
LUCILENE,96,45.6
MARCA,96,71.8
MARIELENA,96,35.2
MARINELLA,96,48.5
MONEYBA,96,32.7
NIKITA,96,25.5
NOELLE,96,49.9
NUHA,96,17.1
QUEREN,96,30.9
ROXANNE,96,29.9
SAVETA,96,55.8
SEYLA,96,34.2
SHANIA,96,18.5
SULAY,96,38.7
VIOLET,96,25.0
ALVARA,95,73.4
ANAYET,95,9.5
DAOUIA,95,51.6
DUNYA,95,13.5
FADIA,95,38.3
FIAMMA,95,24.8
GINTARE,95,35.7
HAIYING,95,49.9
IRA,95,36.9
KATHRYN,95,53.9
LENNY,95,39.0
MALVINA,95,40.5
MAULE,95,6.1
MIMI,95,42.6
NAVILA,95,40.1
NIKOLETA,95,30.7
PIETAT,95,72.4
RADOSTINA,95,39.7
ROSO,95,41.3
SUKEINA,95,28.6
URSZULA,95,47.0
WALTRAUD,95,76.0
XIUZHEN,95,53.0
YATING,95,19.4
YULEIMA,95,21.7
ADALIA,94,40.3
AICHETOU,94,34.0
ALTHEA,94,15.5
AUSRA,94,45.9
AYRA,94,5.8
BAUDILIA,94,77.3
CHARITY,94,39.6
CLEIDE,94,50.0
EMILLY,94,15.2
ERIS,94,9.9
ESTELVINA,94,51.0
FILOFTEIA,94,58.4
HABANA,94,6.9
IRATZE,94,32.5
IZABEL,94,38.1
LAUDINA,94,76.4
LENY,94,45.9
LILE,94,11.5
MARYA,94,31.4
NAHIANE,94,12.4
NYIMA,94,36.5
ORQUIDEA,94,54.4
PELIGROS,94,69.2
QUERUBINA,94,64.6
SOUJOUD,94,5.6
TREMEDAL,94,73.6
YARYNA,94,24.3
YUQIN,94,49.4
ZARAY,94,26.2
ARGENIS,93,54.9
ATIQA,93,38.0
BEL,93,19.9
BISMA,93,16.2
CHIFAE,93,13.9
DIYANA,93,46.2
ENEKA,93,35.6
FANIDA,93,48.0
FIORDALIZA,93,46.2
HANIYA,93,7.9
HEBE,93,18.8
KATALEYA,93,4.5
LISSETH,93,24.0
LYRA,93,7.9
MAYSAM,93,10.3
MENG,93,31.8
NENE,93,31.1
NEVENA,93,43.2
QIONG,93,41.9
RAZIKA,93,41.1
SARAN,93,19.6
SHABNAM,93,43.1
TABATHA,93,19.9
TASNEEM,93,17.9
XIAOFENG,93,45.2
YILIAN,93,35.6
ADMIRACION,92,71.5
AMARAY,92,8.8
ANKA,92,53.9
ASSMAE,92,30.8
ATHENA,92,15.3
BADRIA,92,39.3
CELMIRA,92,60.9
CHABELI,92,20.7
ERCILIA,92,61.6
EVE,92,33.1
GIANNINA,92,37.0
HUMAIRA,92,30.4
ICO,92,17.3
LEIZURI,92,18.7
LEONILDA,92,67.3
MAVIS,92,52.1
MENANA,92,56.1
MICHEL,92,26.3
MIHAIELA,92,49.8
MILCA,92,42.5
MYRA,92,48.6
PURI,92,57.9
RAYHANE,92,11.1
REGIANE,92,42.2
SHAISTA,92,43.6
SOFIJA,92,21.6
TUNDE,92,46.1
TURA,92,22.6
XIAOJUAN,92,45.1
XUELI,92,46.3
YAQI,92,18.4
YOSSRA,92,18.5
ZEINEB,92,22.3
ZOA,92,32.6
AMARILYS,91,52.7
AYTANA,91,13.1
BALJINDER,91,42.2
CSILLA,91,44.8
ELECTRA,91,39.1
ELIANY,91,27.0
ELIODORA,91,67.3
EVOLET,91,9.5
GINKA,91,51.8
HALIMATOU,91,24.0
INTISAR,91,21.2
ISA,91,22.7
KHIRA,91,45.1
KIANA,91,11.8
LAXMI,91,38.4
MAYERLING,91,40.2
NEAMA,91,14.5
POONAM,91,44.7
QIQI,91,23.5
RQUIA,91,49.0
RUMAISA,91,13.3
SIMONETTA,91,55.3
SUNILDA,91,47.0
SUZHEN,91,50.5
TAHRA,91,54.3
THAYS,91,25.6
TSVETANKA,91,57.1
YONE,91,39.4
ZIQI,91,13.8
CATHERINA,90,33.1
CLELIA,90,46.5
ENCARNI,90,27.1
GLICERIA,90,74.4
IREN,90,33.6
IZANE,90,9.4
JIALI,90,29.6
JURATE,90,49.6
MARBELIS,90,43.4
MARKETA,90,42.3
MARYLUZ,90,44.1
MAYCA,90,24.8
MEHDIA,90,45.6
MEIHUA,90,51.5
MICHELINE,90,68.4
NIGHAT,90,47.6
NURY,90,55.3
PAULETTE,90,49.7
ROFAIDA,90,13.2
SEERAT,90,11.4
TIBURCIA,90,79.7
WALAA,90,18.5
YUCHEN,90,16.4
YUHUA,90,56.0
ALEENA,89,17.0
ANET,89,27.8
ARMENIA,89,69.0
ARSELINA,89,78.6
AUREMBIAIX,89,19.6
AUSENCIA,89,77.4
BIBI,89,41.9
BIMBA,89,7.0
CATI,89,41.1
CHARLENE,89,30.5
DILMA,89,51.9
DRAGANA,89,46.5
EKA,89,42.0
ELKA,89,45.8
EMINE,89,41.5
FIZA,89,21.5
GHISLAINE,89,54.2
GOIZARGI,89,34.6
HAIFEN,89,49.2
HASSNAA,89,36.2
HEIDEMARIE,89,75.6
KAINAT,89,22.5
MANE,89,21.5
MARE,89,11.1
MARZENA,89,48.5
MBENE,89,27.1
MILEY,89,10.8
NAFISA,89,29.5
NANCI,89,49.1
ORIANNA,89,14.9
ROLINDES,89,77.8
SLAVKA,89,52.0
SOFI,89,11.8
ALIAKSANDRA,88,31.1
ARUNA,88,21.3
AYZAL,88,1.9
CHAIBIA,88,52.3
DAYLA,88,8.2
DEBRA,88,52.1
DULCINA,88,74.3
GIUSEPPA,88,66.4
KELTOUMA,88,48.8
LILLY,88,30.5
LORAINE,88,37.6
MANISHA,88,34.9
MELYSSA,88,7.0
MERLY,88,49.6
MIRJANA,88,56.1
MUNIA,88,28.1
NEIDE,88,52.0
RATIBA,88,44.0
ROSIMEIRE,88,47.5
SHUYI,88,20.4
SIBEL,88,29.0
SZILVIA,88,46.4
TELVA,88,20.1
TOUCHA,88,59.6
XU,88,38.9
YANXI,88,9.2
YENIFFER,88,34.5
YUNIA,88,43.5
ZORNITSA,88,38.5
AIZHEN,87,55.0
ALZIRA,87,51.3
AMINETOU,87,32.7
BUENSUCESO,87,63.6
DILIA,87,55.8
EDERLINDA,87,73.2
EDITHA,87,57.7
ELIENE,87,48.0
ELIS,87,17.1
ELSIE,87,51.9
ESNEDA,87,58.3
FRANCY,87,49.2
GALADRIEL,87,16.0
GHADA,87,41.4
KATHIA,87,29.4
KHADDOUJA,87,62.0
LEIXURI,87,24.9
LIZANDRA,87,33.4
LUDIVIA,87,57.4
LYNA,87,15.4
MAMASA,87,28.5
MAXINE,87,42.4
MAYERLI,87,30.6
RAYA,87,25.6
ROBIN,87,13.6
ROSELLA,87,37.7
ROUDAYNA,87,9.6
ROUMAISSA,87,16.1
SMAHAN,87,33.9
TINCUTA,87,52.6
VITALIA,87,54.1
XIAOFANG,87,45.2
XUHARE,87,5.9
YANKA,87,50.9
AALIYAH,86,11.0
ALEGRA,86,9.6
ANALYN,86,43.8
ARUMA,86,26.5
BEAUTY,86,41.0
BOUTAYNA,86,24.0
DANYA,86,10.1
ELISSA,86,20.3
ENCINA,86,48.4
GEOVANA,86,30.1
HEDAYA,86,5.7
HENRIETTE,86,58.5
HOUARIA,86,41.6
IRAILA,86,10.0
JOSEBE,86,54.9
LAMINA,86,30.5
MAHDIA,86,41.5
MARICIELO,86,24.2
MARYORY,86,40.7
MIMONA,86,59.9
MINAHIL,86,11.2
MOUNIRA,86,44.5
NARIMANE,86,24.1
NAYHARA,86,18.5
NYUMA,86,25.8
ORNELA,86,35.3
RAYANE,86,27.4
RQIA,86,51.0
RUSUDAN,86,48.4
SHAMS,86,5.1
SILVANIA,86,46.7
STACY,86,20.4
VIRIDIANA,86,40.1
YENEVA,86,19.1
YINET,86,36.5
ZOLIKHA,86,52.3
ARRIETA,85,15.1
AURINA,85,77.9
CHUNHUA,85,54.1
COSTANZA,85,33.6
DAIA,85,9.2
ESCLAVITUD,85,77.8
EUFROSINA,85,73.1
EYRE,85,11.6
FATTOUCH,85,60.3
GEA,85,17.7
HAYET,85,37.8
ISEL,85,26.1
ISMAHANE,85,30.1
KATIANA,85,35.0
LEANA,85,41.3
LEYNA,85,9.0
LIXIA,85,46.8
LUCIMAR,85,50.1
MANUELLA,85,16.2
MARIYKA,85,65.9
MILDREY,85,46.2
MINODORA,85,52.3
NISA,85,23.7
ROSMERI,85,41.9
SAAIDA,85,43.6
XIARA,85,10.1
YANAI,85,11.2
ZHARA,85,42.4
ADARAY,84,8.1
AGNE,84,35.5
ALAI,84,15.6
ANARBELLA,84,64.8
BADRA,84,41.6
BORISLAVA,84,35.0
CLARISSE,84,29.4
CONVERSION,84,73.7
DONINA,84,79.0
EDEL,84,23.2
EKIA,84,8.5
FIORELA,84,26.9
GVANTSA,84,28.8
HELA,84,13.2
INASSE,84,15.0
KEISY,84,14.1
KETTY,84,50.4
KRISTYNA,84,32.0
LAIMA,84,40.5
LIYUN,84,47.9
LOUJAIN,84,5.3
LUKENE,84,27.8
MAGALIS,84,54.5
MAISAE,84,10.3
MERITA,84,68.2
MILADYS,84,51.3
NADIUSKA,84,40.0
NARINDER,84,46.4
NOURHANE,84,12.1
PILI,84,50.7
RANJIT,84,45.2
RAVINDER,84,40.5
RAYNA,84,48.3
SHIQI,84,16.0
SIMA,84,37.7
TAIDA,84,37.3
UBALDA,84,78.7
XISCA,84,18.7
XUEQIN,84,49.9
YULY,84,41.9
ALIZA,83,14.8
ANDRADA,83,26.3
ANGEL,83,23.5
ANTONETA,83,55.0
CINDIA,83,29.4
DALI,83,50.2
DEA,83,17.8
ENAS,83,12.3
EZZOHRA,83,47.1
FAN,83,36.6
FATIMAZAHRA,83,21.5
FERIEL,83,26.2
FILIBERTA,83,77.4
HOUYAM,83,21.7
IOANNA,83,31.2
JINGWEN,83,22.5
LAURE,83,43.7
LEOCRICIA,83,74.4
LIOBA,83,30.6
MANAHIL,83,13.1
MARIVIC,83,47.2
MARQUINA,83,68.0
NAN,83,36.1
PALOMARES,83,57.3
RAJINDER,83,44.2
SADIKA,83,39.8
SAKURA,83,10.5
XINYING,83,24.1
YAHIZA,83,21.8
YUDELKA,83,41.3
ZEINEBOU,83,32.4
ZONIA,83,50.4
AIQIN,82,54.0
AYAH,82,13.7
BEGONIA,82,45.2
CIRCE,82,18.9
CRISELDA,82,58.7
DARLING,82,38.3
DIARA,82,14.2
ELITA,82,61.6
GIBET,82,17.0
IRIAN,82,24.7
JIAYU,82,19.8
JUDIHT,82,31.4
JULIANNA,82,38.4
LAMAR,82,7.0
LIANNE,82,33.8
LOIS,82,21.9
MAEVE,82,17.9
MALU,82,14.6
MARGAUX,82,24.2
MARJAN,82,41.3
MARYLIN,82,44.8
NALA,82,6.5
PEIPEI,82,34.4
PLACIDIA,82,77.5
RAYSA,82,35.6
ROSELYN,82,33.7
ROSMIRA,82,58.7
SANTINA,82,53.1
SARAIMA,82,11.4
SELA,82,29.2
SULI,82,49.0
VAIANA,82,4.6
YAMILEI,82,10.3
YOKO,82,49.9
YUQING,82,31.7
YUZHEN,82,49.2
ZAYNEB,82,15.6
AIZHU,81,59.5
ALBORADA,81,52.2
ALTAMIRA,81,60.9
ALVINA,81,53.5
AMELIIA,81,8.3
CHAHINAZ,81,18.7
ELEONORE,81,42.7
ENCARNITA,81,64.7
ENGUIA,81,32.4
HALLAR,81,24.6
NAHARA,81,13.2
NAUAL,81,32.0
NAZARENA,81,38.0
NERET,81,6.8
ONESIMA,81,79.0
PLACER,81,77.7
REKA,81,34.7
REME,81,41.1
SAMA,81,16.0
SAMARIA,81,21.2
SAVANNAH,81,11.2
SEGUNDINA,81,65.3
SILVA,81,50.5
STANA,81,59.8
SUQIN,81,53.7
TANZEELA,81,37.0
THAMARA,81,31.1
TORCUATA,81,75.1
VENETA,81,51.9
VILLAR,81,74.5
VINCENZA,81,54.3
VOICHITA,81,54.2
YAILEN,81,31.7
YARIMA,81,32.6
YAXIN,81,17.3
YUKI,81,33.5
ZUNAIRA,81,25.2
ABEEHA,80,6.6
ADASSA,80,24.8
ADELINE,80,31.7
ANARAIDA,80,17.7
BATUL,80,51.2
BEATRIX,80,48.6
CHERKAOUIA,80,47.3
CONSOLACIO,80,74.9
DILCIA,80,51.5
ENITH,80,42.9
ERZSEBET,80,51.0
HOLLY,80,25.1
JASLEEN,80,13.4
KAI,80,18.4
KAREM,80,35.8
KREMENA,80,43.9
LIANE,80,42.9
LUCELY,80,51.7
MADRONA,80,74.1
MARYAN,80,26.8
NAJIBA,80,42.6
PHOEBE,80,20.1
RAVECA,80,56.7
STEFANIYA,80,52.2
SURINDER,80,52.7
TONG,80,27.3
ZHOE,80,9.2
ZIMAL,80,3.9
ZOBIDA,80,49.7
AGUASANTAS,79,58.3
ALIMATOU,79,26.3
ANIKO,79,44.6
ANIRA,79,21.1
ARLEN,79,26.2
ARRITOKIETA,79,48.8
ASSINAT,79,7.4
ASSUNTA,79,57.9
CHADA,79,13.2
DEICY,79,49.4
GEORGETTE,79,61.3
GORETI,79,38.0
HAJIRA,79,26.9
HAMNA,79,13.9
ISSRAE,79,10.3
JITKA,79,48.8
LEANNE,79,35.6
LIANNA,79,25.1
LORETTA,79,45.2
LYN,79,49.5
MACIANA,79,67.8
MANELA,79,57.7
MARGARETH,79,47.2
MOMINA,79,11.6
RAHMOUNA,79,48.5
ROSANGEL,79,37.4
ROSWITHA,79,73.0
SUELEN,79,35.3
TAISIA,79,25.9
XINRU,79,18.9
ZUZANNA,79,27.2
ADILA,78,36.5
ADILIA,78,57.4
ADRIANE,78,40.1
ANEL,78,25.1
ANISHA,78,18.8
BLANKA,78,37.0
DAILYN,78,31.3
DANIEL,78,23.9
DELMA,78,52.0
DENNIS,78,30.7
ERNA,78,57.9
ESHA,78,19.3
EYLA,78,12.3
FABIANE,78,40.9
FADELA,78,50.8
HASSINA,78,40.6
HERMINE,78,51.2
JERONIA,78,50.8
LUZVIMINDA,78,60.2
MARIZOL,78,43.4
NADZEYA,78,40.7
NAJLA,78,29.1
ROSSMERY,78,44.1
RUHT,78,41.8
SANDICA,78,48.6
SUCCESS,78,19.9
TADEA,78,52.9
TAMA,78,61.2
TERESINA,78,71.7
XIAOCHUN,78,50.4
XINRUI,78,14.4
XIULAN,78,56.7
YAXUAN,78,14.0
ZSOFIA,78,33.9
ALEXSANDRA,77,32.7
BEVERLEY,77,58.6
CHRISTIANA,77,41.5
CIRENIA,77,36.5
CLEONICE,77,49.7
CONXA,77,65.0
DARLENE,77,34.3
DEBA,77,5.9
DOUA,77,14.4
ESHAL,77,8.3
EUCARIS,77,56.1
EVALUNA,77,6.1
FAJAR,77,11.1
HAN,77,30.6
HAYLEY,77,32.5
HONGYAN,77,44.6
JASMEEN,77,18.5
JIANMEI,77,51.3
MARIMAR,77,39.8
MARLIES,77,56.4
MELIZA,77,29.9
MILADY,77,47.5
MINETU,77,34.2
NIMIA,77,51.5
PETRICA,77,49.2
SALY,77,22.6
SINA,77,35.1
SOIARTZE,77,34.3
STEFFANY,77,27.9
SUMMER,77,9.8
TIARE,77,12.5
VERANIKA,77,32.5
VEREDAS,77,60.8
VERONA,77,31.4
YANIRIS,77,39.4
YAUMARA,77,45.2
YECENIA,77,39.8
YULAN,77,53.2
ZANETA,77,44.1
AERIS,76,4.9
AMANPREET,76,32.1
ANAID,76,28.4
ANISLEY,76,38.2
AUGUSTINA,76,43.5
AVNEET,76,10.7
BASMALA,76,14.3
BRYANNA,76,7.3
CHAHRAZED,76,35.1
DAILY,76,35.0
ERENA,76,46.8
FARHANA,76,34.4
FIAMA,76,24.3
FREYJA,76,4.1
GENEVA,76,22.1
HIKMAT,76,38.7
IRLANDA,76,41.2
JENY,76,42.6
JIANI,76,18.8
KHATIA,76,34.3
LAYANE,76,8.1
MAHSA,76,34.0
MAIKE,76,41.9
MAILYN,76,34.8
MANA,76,27.1
MARIVI,76,48.9
MAURINA,76,76.4
MEIQIN,76,48.7
RAYISA,76,65.8
SARABI,76,10.6
SHAHEEN,76,50.8
VALDIRENE,76,49.8
YANIA,76,35.7
ZORAYDA,76,48.2
ABIHA,75,7.0
ALEJA,75,71.4
ALIN,75,9.4
ALISIA,75,14.0
ANYELI,75,24.4
BARBEL,75,69.1
BTISAM,75,25.2
CEL,75,13.8
DAHBIA,75,45.7
DONELIA,75,71.3
GERALDINA,75,54.5
GIOIA,75,24.6
GRAZIELA,75,44.3
GRETTA,75,15.3
GUDELIA,75,66.3
INDRE,75,36.3
JESSYCA,75,30.9
JIANHUA,75,53.5
JINFENG,75,51.9
JINYAN,75,28.3
KELY,75,32.8
LINLIN,75,34.8
LISHA,75,20.9
LIZET,75,34.7
OUAFILA,75,43.9
RAHELA,75,24.1
ROYA,75,31.1
SAKIRA,75,20.6
SHIHAN,75,11.7
TEONILA,75,74.2
TXARO,75,60.4
UXUNE,75,22.2
VASILIKI,75,37.6
YANPING,75,46.0
YAOYAO,75,26.4
YASSIRA,75,16.8
ZORAYA,75,44.8
ACHOUCHA,74,62.0
ADEL,74,15.6
AKIRA,74,16.5
ALIANA,74,27.7
ANAEL,74,24.6
ANASTASSIA,74,33.9
ANAYS,74,23.0
APOLLONIA,74,47.9
ARHIMOU,74,57.7
AURISTELA,74,68.6
AYATIMA,74,29.7
BEGONYA,74,47.9
BRUNELLA,74,23.3
CAROLAY,74,29.5
COROMOTO,74,53.3
DANILA,74,38.8
ESRA,74,24.5
FDILA,74,54.0
FLORANGEL,74,49.4
HADJIRA,74,43.2
HIRUNE,74,25.7
ITXIAR,74,33.5
IZARA,74,15.1
KORNELIA,74,48.8
LIDICE,74,41.1
MARIELLE,74,36.4
MARINES,74,40.8
MEENA,74,46.7
MING,74,38.0
MUNTAHA,74,9.0
NAIS,74,23.8
NEYSA,74,25.8
NUNE,74,43.5
NUTA,74,53.8
ONITA,74,51.9
PINGPING,74,40.3
RAHEELA,74,44.1
RAHIL,74,10.5
RENE,74,43.9
SALUDINA,74,79.5
SAMAI,74,22.4
SAMANDA,74,30.4
SAMIYA,74,26.6
SORA,74,32.6
TEODOLINA,74,55.5
THEODORA,74,40.8
TOURYA,74,45.4
VAIDA,74,41.4
XAQUELINE,74,46.7
XIAOJUN,74,44.1
YANI,74,27.9
AFSHAN,73,36.7
AIMA,73,14.6
AISTE,73,35.2
AKILA,73,45.4
ANJU,73,37.7
DAYMARA,73,29.1
DESSIREE,73,31.8
DINORAH,73,53.2
ELITSA,73,36.9
ELIZABEHT,73,39.4
EMILIJA,73,24.0
EVANGELIA,73,42.7
FALA,73,33.0
HAIZE,73,15.0
HINDA,73,36.3
IVANIA,73,35.2
JACKELIN,73,36.4
JANNAH,73,5.0
JUNKAL,73,46.2
JUSSARA,73,47.8
KADIDIA,73,23.0
LIBERATA,73,73.9
LIDIANE,73,40.6
LOINAZ,73,40.0
MAHEEN,73,14.2
MARLENIS,73,52.1
MAYUMI,73,42.0
MIRENTXU,73,47.0
NADIR,73,41.2
NASHLA,73,7.0
NING,73,36.3
PARMINDER,73,39.5
PASCUA,73,76.2
PREDESTINACION,73,77.5
PRINCESS,73,27.6
ROSELIA,73,53.4
SAMAN,73,24.9
SULEMA,73,41.6
SYUZANNA,73,36.2
VIDALA,73,75.3
WEIZHEN,73,45.5
XINHUI,73,20.0
YARELIS,73,31.2
YERAY,73,34.0
YIFAN,73,24.1
ANTIGUA,72,71.0
ARENA,72,20.2
ARMANDINA,72,68.2
ATHINA,72,28.5
BELIA,72,53.0
DAIARA,72,12.5
DAYANIS,72,32.5
DIENABOU,72,26.8
DINORA,72,47.2
DOVILE,72,36.5
EURI,72,10.8
GAROFITA,72,50.2
GWENDOLINE,72,46.6
HOUSNIA,72,43.0
IARE,72,7.0
JINHUA,72,51.8
KATHERYN,72,27.0
KULDEEP,72,43.2
LADY,72,43.0
LAHOUARIA,72,54.8
LICIA,72,43.3
LILLIAN,72,37.2
LOYDA,72,43.9
MARCIALA,72,73.9
MELANIIA,72,11.9
MERÇE,72,56.6
MICOL,72,28.3
MORGANE,72,28.4
NAOUAR,72,28.5
NASRA,72,32.2
NUHAILA,72,17.6
ORYSYA,72,59.3
ROSELY,72,42.3
SABIRA,72,33.1
SEHAM,72,33.6
SENAIDA,72,45.3
TIDA,72,24.0
VESELA,72,43.8
WENCESLAA,72,69.7
XIAODAN,72,40.7
XIAOJIE,72,42.3
YERALDINE,72,27.4
YUDY,72,44.4
YUPING,72,51.3
AIHNOA,71,23.2
AIMAR,71,21.1
ALEYA,71,7.3
ANABELLE,71,37.5
AREEBA,71,16.9
ASUN,71,53.2
CRESENCIA,71,62.2
DIANNE,71,48.2
FLERIDA,71,68.5
GERTRUD,71,77.2
HARDEEP,71,37.7
IRACEMA,71,49.4
IVONETE,71,54.3
JAMILETH,71,42.3
KALSOOM,71,44.5
LEIDA,71,48.2
LEONILDE,71,69.6
MADALEN,71,23.5
MAILA,71,23.4
MEIYUN,71,50.5
MILLERLANDY,71,42.4
NAISHA,71,8.7
NIDAL,71,24.7
NIKOLETTA,71,36.0
NOEMIE,71,29.9
NOSHEEN,71,36.3
ORSOLYA,71,40.6
ROSANE,71,50.1
SHEIMA,71,20.1
SHUANGSHUANG,71,36.4
SUMEI,71,53.6
VICTAR,71,76.9
YENNI,71,43.5
YIWEN,71,27.0
ZANA,71,48.3
ABELINA,70,66.6
ADORACIO,70,68.4
AIKO,70,17.1
AIME,70,29.4
AMMARA,70,30.8
ATANASKA,70,50.3
BLANCANIEVES,70,65.9
BRUNILDA,70,51.5
CIBELES,70,27.9
CLARITA,70,60.1
CONSTANÇA,70,26.1
CRISTELA,70,40.1
DALJIT,70,44.6
DANICA,70,35.8
ELFRIEDE,70,78.8
ELUNEY,70,12.2
ESTANISLA,70,72.9
FULVIA,70,51.2
GALATEA,70,13.9
IKHLASSE,70,14.5
ILKA,70,51.5
ISMA,70,29.2
JASVIR,70,46.4
JINYU,70,35.5
KIRANDEEP,70,28.4
LOREN,70,39.8
MEIZHEN,70,52.0
MERVE,70,31.2
MIYA,70,6.7
MONSALUD,70,67.5
NADKA,70,55.2
NAILAH,70,8.0
NERIDA,70,58.6
OLIVIIA,70,6.3
OULAYA,70,32.1
REJANE,70,47.3
RHITA,70,36.8
ROBUSTIANA,70,77.5
RUXANDRA,70,37.9
SAMREEN,70,27.4
SANDALIA,70,82.1
SHAMSA,70,35.5
SNEZANA,70,52.8
SULAIMA,70,17.2
TINDAYA,70,16.4
UME,70,26.6
UMME,70,21.8
UXURI,70,12.7
WENCESLA,70,74.1
XIYUE,70,7.3
YAKELINE,70,40.7
YALI,70,37.7
YANGYANG,70,29.3
YICHEN,70,14.0
YONGLI,70,46.8
YULEIDY,70,33.4
ZAIMA,70,43.8
AILING,69,50.7
ALISHBA,69,16.3
ALIUSKA,69,43.0
AMALFI,69,53.1
AMINTA,69,50.7
ARIDIA,69,25.2
ARIZONA,69,5.0
BEATRIS,69,24.8
BERONICA,69,42.0
BREZO,69,26.0
CONSTANCE,69,40.5
DIMITRINKA,69,53.5
DIOR,69,31.4
ELIANNE,69,27.2
FENGYING,69,56.6
FRANCELINA,69,59.0
GRACINDA,69,68.1
HAILEY,69,6.3
HAIXIA,69,45.9
IRAIS,69,23.0
KADIJA,69,21.6
KHAIRA,69,34.0
LLURA,69,11.1
MAROA,69,16.2
MISHELL,69,16.5
NAHIDA,69,38.4
NAYAB,69,19.0
NERINGA,69,42.8
NEUSA,69,57.6
OLIWIA,69,17.3
OSIRIS,69,41.0
PRABHJOT,69,25.5
RANI,69,39.8
REHAM,69,12.7
ROMAISAA,69,11.4
SEHAR,69,18.9
SIDNEY,69,27.5
SOADIA,69,59.1
SOPIKO,69,35.2
TAMTA,69,32.9
XINTONG,69,13.6
XIUPING,69,51.2
YENIA,69,39.8
YUKO,69,53.6
ADRIENN,68,40.1
AIKATERINI,68,34.4
AYDE,68,44.7
CATHERIN,68,32.1
CRISTINE,68,41.1
ELOA,68,10.1
ELY,68,34.4
ESTANISLAA,68,68.4
FABRICIANA,68,77.6
HANNAN,68,26.5
HAVANA,68,8.5
HIMO,68,56.6
ISMARAY,68,37.6
IZARE,68,8.0
JIANHONG,68,50.5
JINMEI,68,53.6
KAVITA,68,49.2
LAYRA,68,10.5
LJILJANA,68,60.6
LORELEY,68,38.7
LUPICINIA,68,83.4
MAGINA,68,68.0
MANJEET,68,41.6
MAYI,68,29.8
NAHEED,68,46.8
NAYET,68,12.2
NELVA,68,48.3
ONIA,68,21.8
REENA,68,36.1
RIA,68,32.9
SOLE,68,17.6
STEISY,68,9.8
SUSY,68,44.3
TEODULA,68,81.6
VALIANTSINA,68,60.1
VITALIIA,68,33.7
WIAAM,68,13.0
YONGFEN,68,49.4
YUFEI,68,19.1
ZINAYIDA,68,65.8
BING,67,43.2
CLHOE,67,8.3
CODOU,67,34.9
DIVYA,67,28.6
ESTHELA,67,31.1
GABRIELLY,67,18.9
GENNY,67,47.3
GIEDRE,67,43.0
GISSEL,67,24.5
GITA,67,43.1
GORDANA,67,55.2
GOUNDO,67,27.8
HALIA,67,6.3
HONGLI,67,47.8
HONGYING,67,46.7
IBTISSEM,67,33.1
JANNETTE,67,39.7
KONSTANTINA,67,36.3
LUCELIA,67,46.6
MAMIA,67,31.6
MARGUERITE,67,62.8
NAZARE,67,21.8
ROAA,67,9.7
TALA,67,21.7
VALESKA,67,27.0
VASILENA,67,30.4
VENECIA,67,36.1
VERGINIA,67,55.7
WALDINA,67,71.4
WESSAL,67,16.2
YOANDRA,67,44.0
YUFEN,67,49.7
AMAN,66,25.7
AMARJIT,66,52.0
ARIMA,66,21.7
AZARA,66,20.3
BO,66,41.4
DETELINA,66,48.9
DIAMAR,66,48.1
DIENABA,66,25.3
DOROTHEA,66,59.9
ELARA,66,9.1
GESSICA,66,35.2
ICRAM,66,29.3
IRMINA,66,54.4
JHOANNA,66,31.0
JIAWEN,66,19.7
JINYING,66,52.2
LIJING,66,40.7
LUSCINDA,66,72.8
MAILY,66,13.0
MILENKA,66,31.7
NAAIMA,66,43.2
NABEELA,66,39.3
NAHA,66,30.8
NASSERA,66,41.9
NAVDEEP,66,27.9
NICOMEDES,66,75.8
NIVARIA,66,59.2
PLAMENA,66,31.0
SALVIA,66,44.6
SHAMA,66,38.9
SIDONIA,66,51.6
TIFANY,66,23.7
TITA,66,58.4
VERGINICA,66,52.3
VIDINA,66,38.7
XIUYUN,66,53.0
YANNA,66,23.2
ABEER,65,29.8
ALAHIA,65,2.4
ASSITAN,65,25.9
BELGICA,65,54.1
BERTILA,65,66.3
BILJANA,65,49.8
CONCEIÇAO,65,64.1
EGUSKIÑE,65,50.0
EIZA,65,7.0
GEIDY,65,35.7
GISLAINE,65,42.6
GUADITOCA,65,64.5
HOPE,65,24.9
JESSIE,65,30.7
JORJA,65,72.7
KAILANI,65,5.3
KARLOTA,65,19.3
KAYRA,65,6.4
LEYDA,65,42.3
LUARA,65,20.0
MAELLE,65,15.1
MANJU,65,41.2
MARENE,65,18.9
NEU,65,13.8
NILZA,65,55.2
NOURELHOUDA,65,17.1
PERSIDA,65,51.3
RAIMONDA,65,46.9
REKHA,65,41.9
RHUT,65,45.1
SALOA,65,30.4
SANAM,65,33.7
SAWSAN,65,27.5
TAHMINA,65,33.4
TAISA,65,45.7
TERE,65,54.8
THALITA,65,31.2
VESKA,65,51.9
XIULI,65,48.4
YARINA,65,29.7
YARIZA,65,24.0
YASSAMINE,65,16.7
YIN,65,39.3
YINETH,65,43.5
YULIMAR,65,39.8
YUMI,65,39.5
YUNYUN,65,38.3
YUZHU,65,51.2
AMABEL,64,42.9
ANALI,64,31.5
ANTHEA,64,25.2
ARACELYS,64,48.6
ARTEMIS,64,22.9
CATHARINA,64,52.0
CHAHINEZ,64,27.8
DEBBIE,64,45.2
DIMA,64,30.6
EMAAN,64,11.3
GULSHAN,64,43.1
HADASSA,64,13.5
HADDUCH,64,68.5
ISMARY,64,49.0
IZARRA,64,33.4
JIALE,64,20.3
JUDHIT,64,33.1
KIZKITZA,64,43.6
LEXA,64,5.5
LEYANIS,64,33.4
LIEN,64,37.5
LINET,64,23.2
LIZHU,64,52.0
LLIBERTAT,64,39.4
MARBELYS,64,31.2
MEIFANG,64,49.1
MEIJUAN,64,51.7
MEIYU,64,51.8
MELITA,64,54.4
MITRA,64,47.9
NAAMA,64,33.6
NARAY,64,12.0
NOHORA,64,57.8
OHANA,64,5.9
RENAD,64,5.9
SELLAMIA,64,48.3
SEVDA,64,47.8
SIRE,64,21.3
SOBEIDA,64,54.6
SOBIHA,64,42.5
SOLANYI,64,36.6
STHEFANY,64,25.6
SUMERA,64,41.0
SUZAN,64,41.0
TAHIS,64,36.9
VALYA,64,52.0
WESAL,64,13.8
ZENIA,64,42.0
AFIFA,63,39.4
ALMIRA,63,47.7
BENDICION,63,64.3
CERASELA,63,43.6
CHEIMA,63,19.1
CLARIVEL,63,55.1
DARIN,63,11.9
DIOLINDA,63,62.5
ELORRI,63,15.3
ESTEPHANY,63,28.4
FATEN,63,36.8
FAVIOLA,63,40.9
GRETTEL,63,32.5
HANNE,63,55.1
IVALINA,63,39.0
JADILLA,63,25.5
JADWIGA,63,61.5
JAOUHARA,63,26.8
JAVERIA,63,26.6
KADDY,63,31.4
KANWAL,63,31.0
KAOTAR,63,19.3
KHADYJA,63,36.7
KIMA,63,16.0
KSENIJA,63,33.1
LEYDIS,63,41.1
LINGFEN,63,48.3
LIYU,63,48.5
MARISTELA,63,51.2
MEGI,63,35.1
MIRJAM,63,48.0
MONTEVIRGEN,63,57.9
NICOLL,63,19.7
PARISA,63,35.8
PELAGIA,63,56.2
RASHA,63,32.6
ROSALYN,63,47.0
ROSINDA,63,70.8
ROUMAISSAE,63,15.8
SAFIETOU,63,33.5
SARABJIT,63,44.9
SARBJIT,63,44.5
SARINA,63,30.5
SHUYING,63,47.6
SOUMAIA,63,35.0
SUMAIA,63,31.4
SUMAN,63,40.5
TESS,63,21.5
VIDALIA,63,49.8
VIRGINIJA,63,58.1
XIAOFEI,63,38.8
YANMEI,63,48.0
YUJIE,63,31.5
YUWEI,63,32.2
ABEERA,62,12.0
ALASNE,62,44.1
AMELI,62,11.9
ANJALI,62,30.9
ATENA,62,34.2
BEIBEI,62,34.3
BLASINDA,62,75.5
CONCHIN,62,65.8
DEOGRACIA,62,67.8
DOBRINKA,62,54.8
ELIETE,62,50.5
ESKARNE,62,54.4
FEDOUA,62,37.0
GREISY,62,33.6
GUISELA,62,37.5
HARJINDER,62,46.4
HUAN,62,37.9
HUIMIN,62,36.5
ILLARI,62,9.3
ISABELINA,62,62.4
ITOHAN,62,37.3
JOLANDA,62,54.0
JOURI,62,5.6
KATHY,62,43.0
LOAIRA,62,13.9
MABROUKA,62,50.4
MADONA,62,45.6
MALINA,62,35.4
MENGMENG,62,30.9
NAWAR,62,21.2
NELLA,62,33.6
NIKI,62,30.8
RAKIA,62,51.3
ROCHELLE,62,39.5
ROKSANA,62,31.7
SALEHA,62,28.7
SHIARA,62,10.7
SIBILLA,62,17.3
SUYAN,62,45.9
SUYING,62,53.5
TEMENUZHKA,62,53.8
VALERI,62,22.7
XIAOMIN,62,43.5
XISELA,62,29.6
YA,62,34.0
YANHUA,62,47.9
YENISEY,62,36.6
YUFENG,62,48.3
YULEISY,62,32.5
YUNAISY,62,31.2
YUNEISY,62,33.4
AFIA,61,33.3
AINHITZE,61,27.6
ALDINA,61,62.1
ALEYNA,61,7.7
ALMIKE,61,31.7
AMANDINE,61,36.0
AMBREEN,61,38.0
ANTONIYA,61,40.2
ARFA,61,10.2
ASMAHAN,61,26.3
ATIA,61,21.6
COCO,61,10.9
CORONACION,61,74.8
DALMA,61,30.8
DARAY,61,13.9
DERLY,61,46.8
DILETTA,61,29.0
EMELYN,61,31.8
FELI,61,64.5
FIDAE,61,10.8
HADDOUM,61,51.1
HAILI,61,44.6
HOYAM,61,13.7
IASMINA,61,24.4
INDHARA,61,9.4
KADY,61,28.0
KIMERA,61,16.5
LUCIDIA,61,64.1
MANOELA,61,37.3
MARILDA,61,54.4
MENGTING,61,24.1
NASIM,61,43.3
NASLY,61,29.5
NAVJOT,61,27.7
ODEI,61,29.8
PAVLA,61,42.7
PETRANKA,61,56.2
QUN,61,43.9
RADITA,61,56.7
RADOSLAVA,61,37.8
RENI,61,44.7
ROSALI,61,29.8
ROSANNY,61,37.0
ROSEL,61,29.2
SHANTAL,61,14.3
SHUZHEN,61,47.1
SORANGEL,61,45.4
SVENJA,61,36.2
TACIANA,61,48.9
TANA,61,31.5
VELIA,61,42.1
WEIYAN,61,40.1
WENJIE,61,35.2
XIAOQIU,61,46.9
XIUYAN,61,49.9
XUEZHEN,61,51.9
YANFANG,61,43.9
YANIS,61,26.2
ZHENZHEN,61,34.5
ZIARA,61,15.5
ZINBA,61,47.1
ZOHA,61,13.5
AMETSA,60,17.6
AREVIK,60,39.4
ASMAT,60,50.9
BERNA,60,44.6
DAGMARA,60,40.1
DANIJELA,60,44.9
DEEPA,60,43.6
ETERI,60,50.7
EUDELIA,60,69.1
GUMERCINDA,60,58.8
HELENCA,60,38.6
HEND,60,29.7
HOLANDA,60,66.5
IBETH,60,27.5
IRHA,60,2.5
ISABELLY,60,14.5
IZARGI,60,10.0
KALI,60,14.6
LENI,60,39.6
LIENA,60,30.2
LIZETTE,60,41.0
LOYOLA,60,30.2
MARIATOU,60,25.1
MARINALVA,60,55.7
NALAYA,60,13.7
NEYDA,60,42.1
NINBE,60,14.5
NOUFISSA,60,52.8
OCEANE,60,22.2
PACIENCIA,60,61.7
PALINA,60,25.6
PASCASIA,60,77.2
RENU,60,46.8
RUIXI,60,11.3
SAHILY,60,21.1
SAILA,60,31.1
SALI,60,23.7
SEDRA,60,6.1
SHANNON,60,22.2
SHARMIN,60,32.3
SIRANUSH,60,45.4
SIRATS,60,18.8
SIRLENE,60,48.6
TFARRAH,60,35.2
VANDANA,60,42.1
VANUSA,60,45.1
VICTORIIA,60,31.9
WASILA,60,14.5
XIAOMIAO,60,38.5
XINMIAO,60,25.4
YONGMEI,60,48.7
YULING,60,39.3
ZDENKA,60,52.9
ZHIXUAN,60,12.8
ZOHREH,60,51.1
ADALGIZA,59,55.2
AICHATA,59,19.4
AIPING,59,55.1
AIZAL,59,1.3
ANNUNZIATA,59,59.4
APOLINARIA,59,71.2
ARADIA,59,17.8
ARETHA,59,15.7
ATTENYA,59,15.4
BETHANIA,59,42.1
BIHOTZ,59,29.2
CAREN,59,32.9
CELIDA,59,50.9
CENAIDA,59,53.1
COSIMA,59,26.1
FATIM,59,27.1
FETTOUM,59,62.1
HAGAR,59,27.6
HAJER,59,28.2
HERCILIA,59,63.6
IDALY,59,42.1
ILDUARA,59,37.0
JESENIA,59,28.3
JIALIN,59,22.2
JONALYN,59,37.7
KADIA,59,24.4
KETEVANI,59,36.3
KHAMISSA,59,43.4
KINE,59,24.8
KOUSAR,59,47.1
LIWEI,59,45.0
MADELEYNE,59,36.8
MAREA,59,8.8
MARIELY,59,34.6
MARLEEN,59,44.6
MARYBEL,59,47.2
MATUTINA,59,74.1
MAUD,59,39.0
MINATA,59,26.4
NAHIMA,59,41.1
PARAMJEET,59,43.4
POLA,59,24.8
PRIMA,59,63.6
RAWAA,59,9.9
SHAMAILA,59,39.0
SHIYU,59,14.2
TOMOKO,59,52.6
USUNE,59,20.6
YAWEN,59,23.2
YIFEI,59,19.3
ZOEY,59,8.1
ZORICA,59,57.3
AGUILA,58,63.3
AILANA,58,5.1
AIYING,58,55.6
ALAINA,58,13.8
ALYSSON,58,8.9
AMENA,58,32.5
ANETT,58,36.6
ANITZ,58,12.4
ANUK,58,9.6
ARLINDA,58,51.2
ASIMA,58,38.1
ASSEL,58,17.2
ASSETOU,58,21.5
ASTGHIK,58,41.7
ATALIA,58,29.7
AZALEA,58,18.0
BTISSAME,58,30.8
CATY,58,40.5
CHEILA,58,29.0
CORALIE,58,34.6
CRYSTAL,58,20.4
DAYA,58,23.3
DAYMI,58,40.1
DJENEBOU,58,28.1
DORIANA,58,39.0
DORYS,58,55.4
DUNIXE,58,20.8
ELAYA,58,4.5
ELIZETE,58,51.2
ESTEPHANIA,58,28.2
EUMELIA,58,72.0
FATOMA,58,67.3
GAZMIRA,58,35.4
GNIMA,58,29.8
HASINA,58,33.2
HINDE,58,34.7
IAROSLAVA,58,30.3
IHARA,58,14.1
ISMAHAN,58,28.5
IZEIA,58,11.3
JIANPING,58,51.5
JOSELINE,58,39.4
JURDANA,58,37.3
LAYNA,58,7.4
LEILANI,58,26.7
LELE,58,28.1
MADAI,58,24.8
MAILIN,58,39.9
MAISHA,58,9.6
MAMTA,58,38.0
MANREET,58,8.6
MANSOURA,58,46.2
MEILI,58,41.9
MERIAN,58,31.8
MILEIDYS,58,44.9
MONTSANT,58,20.5
NADJET,58,41.3
NAHOMY,58,14.0
NEIRA,58,24.9
NERMINE,58,15.3
NOURAN,58,11.1
OFIR,58,55.4
ORBELINDA,58,67.3
PARVIN,58,56.4
ROSAMARIA,58,50.7
ROSSEMARY,58,47.2
SAEEDA,58,45.4
SARKA,58,45.7
SAYA,58,12.3
SOFICA,58,51.9
SURYA,58,19.3
TAMAANANT,58,65.3
TEODOCIA,58,58.6
TINCA,58,61.0
TSVETANA,58,57.3
WANG,58,45.3
WENTING,58,29.9
WISAM,58,18.6
YITONG,58,15.7
YRENE,58,52.3
YUDELKIS,58,41.7
YUHONG,58,45.2
YUREIMA,58,12.3
YUSLEIDY,58,39.1
ZEIANE,58,9.9
ABDONA,57,71.4
ALMENDRA,57,18.5
ANDONE,57,52.4
ANFISA,57,27.1
ARIXEN,57,10.6
AYARA,57,11.9
BERNICE,57,34.0
CAIXIA,57,46.6
CARMIÑA,57,48.0
CASSIA,57,37.3
CAYA,57,75.8
CLIO,57,25.3
DI,57,34.5
DIANNA,57,30.9
DICRA,57,16.0
DIVA,57,51.7
DOAAE,57,15.0
DOUAAE,57,15.2
ELAF,57,4.8
ELISO,57,48.3
FARHA,57,31.3
FELINA,57,60.6
HABY,57,27.3
HUIYING,57,39.3
IKBAL,57,28.0
IRINE,57,44.4
IULICA,57,54.7
IUSTINA,57,37.9
JAIR,57,33.5
JAIRA,57,28.3
JHOVANA,57,36.5
JOMANA,57,11.1
JOVANNA,57,37.4
LEIZA,57,14.0
LICETH,57,35.4
MAGELA,57,39.1
MARGRIT,57,77.3
NAFISSATOU,57,27.3
NAOKO,57,44.6
NEIA,57,9.2
NORAN,57,8.5
OLGUTA,57,50.5
RAJNI,57,41.4
ROSIE,57,37.7
SATENIK,57,39.9
SATOU,57,32.0
SENEIDA,57,44.3
SHUANGYAN,57,42.6
SHUPING,57,51.8
SIMRANJEET,57,26.0
TATIA,57,28.3
TEREZIA,57,54.9
TFARAH,57,25.7
THIARA,57,11.3
VICA,57,50.1
VIENA,57,24.8
WEILING,57,47.0
XIAOYI,57,33.9
XIUFEN,57,51.1
YANHONG,57,46.1
YILING,57,26.5
ADDAIA,56,14.7
AICHATOU,56,21.6
AISATU,56,19.6
ANGELE,56,48.1
ARUME,56,24.8
AUICHA,56,66.1
AYNA,56,14.8
AYNOA,56,23.4
BERYL,56,75.6
DADO,56,29.6
DALIDA,56,48.4
DARJA,56,31.1
DIGNORA,56,59.5
DORILA,56,62.9
EDENIA,56,41.5
ENELIDA,56,69.3
FARIA,56,28.5
GIXANE,56,39.8
GLANA,56,22.8
GLAUCIA,56,45.6
HIURMA,56,32.9
HONGXIA,56,50.2
HOSNIA,56,46.3
ILIANE,56,25.2
INARI,56,8.4
INKA,56,28.0
IRMGARD,56,75.1
ISHTAR,56,20.4
JIANWEI,56,47.4
KRISTEN,56,19.6
LARAIB,56,19.4
LELIA,56,49.8
LEYI,56,19.4
LUDMILLA,56,43.0
MAGNA,56,49.9
MAIRELYS,56,35.1
MAISAA,56,13.8
MARCELLE,56,56.8
MARENA,56,24.3
MARLIN,56,38.2
MATI,56,25.5
MAYLA,56,16.0
MEDINA,56,37.0
MEHAK,56,17.7
MELIKA,56,27.2
MISHAL,56,14.1
NAJIYA,56,41.7
NAMI,56,11.7
NEFTALI,56,35.7
NOIVE,56,17.5
OMNIYA,56,8.0
RACHAEL,56,38.1
REHMAT,56,6.3
SARAHY,56,28.8
SAYDA,56,33.6
SHADIA,56,29.7
SIHAN,56,23.7
SILENE,56,34.8
SOUADIA,56,63.1
URSULINA,56,58.1
VALERYIA,56,26.1
WENLI,56,41.2
XINYA,56,14.0
YINING,56,13.4
YNES,56,57.9
YORDANA,56,36.1
YURLEY,56,35.9
AGATHE,55,28.4
AGLAIA,55,34.2
AINES,55,20.5
AISATOU,55,17.3
ARAMATA,55,22.3
ARISHA,55,8.0
AROIA,55,30.0
ARPINE,55,36.5
ATTIA,55,38.9
AYCHA,55,39.4
AYMEE,55,46.7
BRIGITA,55,35.6
CENEIDA,55,56.3
CHERRY,55,46.9
CHUNYING,55,55.6
DANAI,55,19.3
DANERYS,55,8.4
DEVI,55,36.5
DILYANA,55,45.0
DJENABOU,55,25.0
EDICTA,55,70.9
ELIZABETA,55,30.4
ESMA,55,28.9
HILDE,55,58.4
ITZAL,55,23.0
JEANE,55,43.7
JIAO,55,39.2
KALINKA,55,51.4
KNARIK,55,46.7
LIOUDMILA,55,65.5
LOANA,55,23.6
MALEK,55,16.2
MARICRIS,55,41.9
MERLYN,55,46.0
MONALISA,55,38.7
NAHYA,55,8.4
NEDYALKA,55,56.3
NICOLINA,55,50.3
NINEL,55,52.9
NORIS,55,60.7
NOUMIDIA,55,13.0
NURYS,55,52.7
PARASCOVIA,55,53.9
RUTE,55,48.4
SADE,55,22.8
SAULE,55,30.8
SEVERINE,55,46.9
SHUMEI,55,52.6
SOLANA,55,29.7
TAISIYA,55,31.1
TAYRA,55,15.0
TIANTIAN,55,28.1
URGELL,55,17.0
VALQUIRIA,55,45.3
VIANNEY,55,38.7
XINYUAN,55,19.7
YAZARA,55,14.1
YEIMI,55,29.6
YIJING,55,25.5
ZHIYI,55,18.5
ZIYU,55,19.5
ABBIE,54,7.6
AIWEI,54,50.0
ATTENERY,54,21.3
BAHAR,54,27.5
BAYA,54,46.0
BISTRA,54,49.7
BIVIANA,54,52.2
BOJANA,54,42.8
BUCHRA,54,28.4
CAIHONG,54,46.5
CLARITZA,54,43.6
ELIAZAR,54,52.3
FLORITA,54,64.8
HADASA,54,14.3
HARLEEN,54,10.1
HUGO,54,21.4
ILYANA,54,15.9
ITZAYANA,54,8.9
IZANA,54,24.2
JEIMY,54,32.4
JHENNY,54,34.7
JIAN,54,41.7
JIAYUE,54,14.1
JOLITA,54,46.0
KAMILE,54,20.5
KARELIA,54,42.3
KARLE,54,19.3
LANYING,54,58.4
LAZIZA,54,52.1
LEIDIANE,54,36.2
LIBERTA,54,76.8
LIDIJA,54,52.3
LUCCIANA,54,11.2
LUCILIA,54,64.1
MADELEN,54,33.0
MAIARA,54,22.7
MARGRET,54,68.4
MARIATERESA,54,56.8
MARTIRES,54,77.4
MASHA,54,18.8
MASIEL,54,32.8
MAYELA,54,40.8
MIRUNA,54,20.0
MORELIA,54,37.1
NAYUA,54,26.1
NICOLITA,54,56.8
NIRIA,54,34.5
NOELI,54,45.0
PIERA,54,50.6
PRADOS,54,62.1
RHEA,54,33.4
RICARDINA,54,68.4
ROSEMEIRE,54,53.6
SAFINA,54,33.9
SHAKEELA,54,42.5
SHUHUA,54,54.1
SHUQIN,54,50.4
SOLOMIYA,54,23.7
SYLVANA,54,35.0
TIGUIDA,54,20.9
WEIMEI,54,44.7
ZAFIRA,54,21.6
ABSA,53,26.7
ADI,53,32.7
AKIKO,53,54.2
AMAYRA,53,24.0
ANDA,53,41.5
ANDREZA,53,38.3
AOUATEF,53,38.7
ARTEMISA,53,30.3
BOUTHAINA,53,22.7
CHANG,53,30.6
CHOMICHA,53,51.3
DAMARY,53,34.7
DANUTE,53,62.1
DEFNE,53,10.4
DESTINY,53,17.6
DHARA,53,9.4
DIMITRA,53,38.0
DOMNITA,53,52.1
EDILENE,53,47.4
EDUVINA,53,66.5
ELIDE,53,46.7
ERMELINA,53,74.2
ESTRELA,53,28.1
FARWA,53,25.0
FELICITAT,53,68.5
GIFTY,53,37.1
GINETTE,53,62.8
GIORGINA,53,27.1
GULNAZ,53,41.8
HELVIA,53,26.2
HORIYA,53,36.0
HUIZHEN,53,47.1
JAWHARA,53,12.3
JIANZHEN,53,50.4
JIAXUAN,53,14.3
JUDITE,53,54.9
KAUSAR,53,47.4
KERRY,53,46.7
LAURENCIA,53,69.3
LEIDYS,53,41.9
LIIA,53,26.3
LINE,53,36.5
LINGYAN,53,39.6
LISE,53,41.1
LIUVA,53,34.6
LIZAVETA,53,26.5
LOHITZUNE,53,31.5
MANHA,53,6.6
MANNAT,53,8.1
MEHREEN,53,20.7
MENGYAO,53,18.8
MILDA,53,43.6
MIRELYS,53,47.3
MORGAN,53,15.8
NENITA,53,63.0
NOUHAD,53,38.0
NUMIDIA,53,14.2
OUMKALTOUM,53,49.0
SAILY,53,35.5
SAMYRA,53,23.3
SENDY,53,24.0
SHALMA,53,14.6
SIANA,53,12.8
SIMAN,53,7.4
SINEAD,53,29.9
SOURIA,53,42.2
STACEY,53,29.4
SUWEI,53,48.4
TAIRA,53,23.4
TAMIRES,53,31.6
TEODOLINDA,53,62.8
TEREZINHA,53,61.3
USHA,53,44.4
VIRGINICA,53,52.0
VIVIENNE,53,51.0
WILHELMINA,53,68.5
XIUZHU,53,54.4
XUEWEI,53,43.8
YAHIMA,53,40.0
YEKATERINA,53,32.2
YOSELYN,53,29.0
YUNXI,53,11.5
ZENAB,53,23.8
ZENOVIA,53,55.7
ZULMIRA,53,64.6
AIE,52,58.4
AMABILIA,52,72.6
ANELIS,52,30.5
ARKIA,52,61.6
BATOULA,52,61.7
BRITNEY,52,16.9
CARMELIA,52,68.3
CHUNLI,52,47.3
CLEMENTINE,52,33.0
CLEOTILDE,52,64.4
CONFESORA,52,57.6
COSTINA,52,49.1
DANIELLY,52,35.0
DAVINA,52,35.4
ELEAZAR,52,58.2
ESPIRITUSANTO,52,73.2
EUDOCHIA,52,51.4
FRANCHESKA,52,22.0
FRANCIELE,52,35.7
FREDERIQUE,52,56.1
GERLINDE,52,70.8
GRETCHEN,52,34.8
GURMEET,52,48.9
HAIAT,52,39.8
HAIZHEN,52,47.7
HAYDE,52,38.0
HERENA,52,43.4
HOORIA,52,8.5
ICHRAQ,52,19.2
INHA,52,44.2
JAMILE,52,35.1
JENI,52,46.0
JESSY,52,31.8
LOLES,52,27.2
LOLIMAR,52,48.4
LUCAS,52,23.9
MARAGDA,52,36.9
MARAME,52,27.2
MAREY,52,19.5
MARIPAZ,52,28.8
MARITE,52,56.3
MARIUTA,52,52.0
MATHILDA,52,15.7
MEILAN,52,52.2
MEIYAN,52,43.5
MILVIA,52,51.2
MIRENE,52,28.6
NARGES,52,36.8
NARJES,52,17.4
NAZIRA,52,23.3
NEISA,52,47.7
NELSA,52,55.8
NIARA,52,10.8
NINI,52,22.5
NIVIA,52,50.7
NOVA,52,14.6
NUT,52,12.1
ONEYDA,52,45.0
QUIMA,52,25.4
RAIHAN,52,9.6
RAN,52,26.3
RIYA,52,21.5
ROSIANE,52,43.3
ROSILDA,52,56.2
ROUA,52,15.4
SANAH,52,35.6
SERAFIMA,52,23.8
SONAM,52,30.9
VALENTINE,52,28.9
VIRGEN,52,59.5
XIAN,52,34.4
YANAN,52,31.1
YANINE,52,33.0
YIMEI,52,43.6
YORLADY,52,43.0
ZIA,52,7.9
AIRIS,51,18.9
AITXIBER,51,40.2
AIZANE,51,15.4
ALAYNA,51,6.4
ALFREDA,51,69.1
ALOHA,51,26.2
AMMA,51,31.7
ANIELA,51,28.2
ARAIZ,51,36.4
ARLYN,51,33.9
ASSMAA,51,33.0
AYUMI,51,25.1
BASILIDES,51,81.4
BELINA,51,49.3
BIRUTE,51,57.2
CHAMAIDA,51,36.1
CLEMENCE,51,32.8
DEIMANTE,51,29.9
DIONE,51,38.7
ELUSKA,51,37.0
FANNI,51,30.3
FELLA,51,44.7
FLORINELA,51,47.0
GABIJA,51,23.1
GOIURIA,51,43.3
HARRIET,51,33.9
HUIFANG,51,50.6
HURIA,51,32.5
JOSSELYN,51,25.7
JUNLI,51,42.2
JUNQUERA,51,49.6
KAILY,51,5.8
LEIRA,51,15.0
LILING,51,42.6
LISSETT,51,37.0
LYUBKA,51,51.9
MAHYUBA,51,36.8
MAIANE,51,15.2
MARGIE,51,44.7
MEIHONG,51,51.0
MEIZHU,51,53.2
MELIBEA,51,30.6
MELITINA,51,72.0
NADJIA,51,50.3
NAIKARI,51,30.3
NALLELY,51,22.5
NANSI,51,32.0
NAZANIN,51,36.1
NAZLY,51,33.3
NUBE,51,17.7
ONDITZ,51,36.9
PATRIA,51,57.2
PREETI,51,33.5
RAWDA,51,13.3
REDENCION,51,69.5
RHODA,51,41.8
RIO,51,14.0
ROXANNA,51,34.0
SANEM,51,3.4
SARATA,51,26.7
SHAHD,51,10.1
SHELLEY,51,40.0
SHUFANG,51,50.3
SOLEDAT,51,59.5
SUELLEN,51,36.5
TALIANA,51,11.7
TESLEM,51,37.6
THAYNARA,51,25.9
TIAN,51,30.8
XIAOLEI,51,39.1
YELINA,51,23.5
YINDARA,51,8.0
YRMA,51,53.5
YUEHUA,51,54.9
ZHENG,51,43.0
ADELHEID,50,72.8
AIRI,50,16.4
AITANE,50,15.5
ALEKSANDRINA,50,32.6
ALESSA,50,11.8
ALIZIA,50,29.1
ALVA,50,24.6
ANELEY,50,7.4
ANGHELINA,50,42.0
ANNETT,50,46.1
ANSA,50,34.7
ANYI,50,24.3
ARLETE,50,54.4
BACILIA,50,55.0
BARTOLA,50,62.1
BERNADETA,50,56.9
BERNARDETTE,50,54.5
CASTILLO,50,65.4
CLAUDETTE,50,60.9
CRISPULA,50,76.6
DALIANA,50,23.1
DAYLEN,50,27.7
DEBLA,50,30.4
DEIRDRE,50,52.7
DENNISE,50,29.3
DIENEBA,50,26.7
DUNE,50,15.5
EIMI,50,13.4
ELISANDRA,50,38.3
EMELITA,50,60.1
FILIPPA,50,17.4
GAGANDEEP,50,32.8
GHOUFRANE,50,14.2
HLALIA,50,55.3
IVIS,50,46.3
IYANA,50,16.6
JIAJING,50,24.2
JINGXUAN,50,15.6
JOUD,50,10.1
KE,50,30.6
KOROTOUMOU,50,27.3
KRISTIANA,50,25.7
LITA,50,54.0
LOVELY,50,33.8
LUANNA,50,18.1
LUCI,50,42.1
LUCYNA,50,54.5
MAELYS,50,16.7
MARCILENE,50,46.4
MARCOLINA,50,70.8
MARIANGELICA,50,34.3
MEGARA,50,10.4
MEGUMI,50,41.9
MERYAME,50,26.2
NEFERTARI,50,21.6
NIKOLINKA,50,54.2
NIRMALA,50,47.7
NORIKO,50,51.3
NURIS,50,54.5
ODETE,50,57.3
OUMKELTOUM,50,48.7
PEI,50,39.3
RAMOS,50,75.5
ROSALBINA,50,64.1
ROSELINE,50,44.7
RUDAINA,50,11.7
SALINA,50,33.4
SANTUSA,50,52.3
SHARMILA,50,36.6
SHIVANI,50,25.3
SHIYI,50,20.0
SIMINA,50,44.8
SONATA,50,47.4
SULEYMA,50,20.3
TANISHA,50,11.6
TAYLOR,50,11.8
ULLA,50,50.9
URWA,50,9.4
VIOLETTE,50,26.3
WAHIDA,50,37.6
WEIHONG,50,49.0
WEIYING,50,47.8
WENXIN,50,19.9
XUEYAN,50,43.5
YARETZI,50,11.4
YOHANNY,50,40.1
YONAIDA,50,31.7
ZHANA,50,44.8
ZHENYA,50,47.8
ZIYUE,50,14.1
ABI,49,15.8
ACHOURA,49,49.9
ADAH,49,14.1
ADELFINA,49,72.9
AIJUAN,49,51.6
AILAN,49,56.8
ALIYAH,49,8.7
ANHAR,49,5.1
AREESHA,49,10.0
ARLETT,49,20.6
ASIFA,49,38.3
AZUZENA,49,50.9
CAIYUN,49,46.0
CHAIA,49,34.4
CLARIZA,49,44.6
DALMIRA,49,72.6
DARLIN,49,32.3
DELCY,49,50.8
DORALICE,49,57.0
ELSE,49,57.3
ELVINA,49,48.5
EMINA,49,35.1
EMY,49,26.4
ESTHEFANY,49,26.5
EUDOXIA,49,72.5
EURIDICE,49,38.6
FAWZIA,49,46.2
GEETA,49,45.5
GERMAINE,49,57.2
GIZANE,49,39.5
HE,49,37.7
HIEDRA,49,35.1
HIMILCE,49,22.3
HOUNAIDA,49,30.2
HUMILDE,49,75.5
IZA,49,33.8
JAQUELINA,49,42.8
JESIKA,49,36.3
JHENIFER,49,27.6
JILLIAN,49,46.4
JOSELINA,49,50.5
JOUMANA,49,17.6
JUDI,49,20.5
KALTOUMA,49,47.7
KEYSHA,49,8.4
KHADIJATOU,49,25.7
KHALEESI,49,7.1
KIRSTY,49,45.2
LEEN,49,16.6
LEENA,49,41.0
LEISY,49,37.5
LIJIE,49,41.2
LUMA,49,16.0
LUOYI,49,5.3
LUXI,49,16.9
LYDIE,49,51.2
MAIXA,49,18.5
MARIELYS,49,34.5
MILEYDIS,49,42.4
MINHA,49,4.5
MIRENA,49,33.4
MIRIELA,49,48.0
NAFEESA,49,29.8
NAZLI,49,17.9
NEUZA,49,55.3
NIAMH,49,29.9
OIANA,49,41.5
OMAIDA,49,57.2
OUISAL,49,19.4
PAT,49,44.1
PETRI,49,65.8
RAPHAELA,49,28.4
RAYAN,49,20.5
RIHAN,49,10.7
ROSIO,49,42.9
ROSMARIE,49,71.8
ROUMAYSSAE,49,13.0
SACHA,49,23.9
SANNE,49,31.8
SIBILA,49,27.3
SIOBHAN,49,37.4
SOLVEIG,49,58.6
SUYUN,49,53.6
TINIXARA,49,33.6
WANTING,49,18.8
XIAOLIN,49,38.2
XIUFANG,49,50.7
YACQUELINE,49,49.1
YANISLEIDY,49,36.6
ZDRAVKA,49,53.0
ZHARICK,49,13.6
ADAN,48,12.4
AGATE,48,39.7
AHLALIA,48,61.0
AISLING,48,26.7
ALETH,48,23.6
ALIZEE,48,15.6
ALTAIR,48,32.5
ALVARD,48,53.0
ANILA,48,37.3
ARMIDA,48,54.4
AURORE,48,39.2
AZZURRA,48,24.5
CALIOPE,48,10.3
CATHY,48,46.5
CONCORDIA,48,76.6
DAILIN,48,32.6
DIODORA,48,79.6
DIVINE,48,15.0
DOROTHEE,48,56.8
DORY,48,48.7
EILEN,48,15.3
ELENKA,48,59.9
ELISKA,48,25.2
ELVITA,48,66.5
EMILSEN,48,50.6
ERSILIA,48,69.3
FARZANEH,48,49.2
FLORIDALMA,48,40.8
FLORIPES,48,80.9
FROILANA,48,79.9
GIZEM,48,33.5
HOURYA,48,42.3
HUILIN,48,22.6
IDOLINA,48,71.2
ILMA,48,47.5
IREM,48,26.8
ISAMARA,48,26.5
ISHRAT,48,38.1
ITHAYSA,48,17.1
IVANILDA,48,46.9
JANNATUL,48,27.1
KANEEZ,48,51.2
KATI,48,44.3
LASTENIA,48,61.6
LE,48,32.5
LILIANNE,48,42.8
LUAR,48,11.2
LYNETTE,48,36.0
M'BARKA,48,53.6
MALENI,48,15.2
MANNANA,48,59.1
MARAH,48,17.1
MARIAPAZ,48,13.9
MASOUMEH,48,50.6
MINKA,48,55.8
MONINA,48,35.8
NAMIBIA,48,23.3
NEKAL,48,15.9
NEONILA,48,55.6
NEVA,48,26.6
NIMRAT,48,5.8
PANDORA,48,19.8
PUERTO,48,47.3
RADMILA,48,46.2
REDA,48,43.3
RENETA,48,47.1
RIHAME,48,13.0
SHEENA,48,48.9
SIGITA,48,46.6
SITAN,48,22.8
SIYI,48,21.9
SUNDAS,48,29.1
TAMANNA,48,27.7
VALERIJA,48,35.0
VIVINA,48,69.1
YARET,48,13.5
YUKA,48,40.9
YULIANNA,48,27.8
ZELIA,48,53.0
ZHIYAN,48,19.5
ZORAIMA,48,37.6
ADDA,47,21.3
ADIBA,47,28.7
AHINOAM,47,30.5
AIYANA,47,13.8
ALANNAH,47,13.4
ANALIZA,47,45.2
ANANO,47,17.0
ANIE,47,18.3
ARYNA,47,23.4
ASMITA,47,27.4
AZZA,47,35.3
BERNADETT,47,42.7
BRINDUSA,47,49.0
BRITT,47,51.0
CATIANA,47,31.4
CHARITO,47,52.9
CHENCHEN,47,23.2
CHUNLING,47,48.8
CORDULA,47,71.2
DAMIA,47,40.0
DANNY,47,45.9
DARINKA,47,46.3
DELINA,47,45.1
EDDY,47,56.1
ERINA,47,31.7
EVENCIA,47,79.5
FARIBA,47,52.3
FATIME,47,38.9
GAEL,47,30.0
GILA,47,69.1
GITANA,47,51.6
GLAFIRA,47,57.9
GRETHEL,47,36.1
GYONGYI,47,48.8
HAIZHU,47,52.5
HARJIT,47,43.1
HASBIA,47,55.5
IFFAT,47,40.7
IMMACOLATA,47,47.5
ISMENIA,47,54.1
JAYONE,47,48.3
JIANING,47,19.5
JINLING,47,41.7
JINZHU,47,52.1
JULY,47,40.1
KALPANA,47,37.5
KANDELA,47,12.3
KARA,47,12.2
KAROLA,47,38.4
KELTSE,47,28.5
LEILEI,47,36.3
LIBERIA,47,69.9
LIMIN,47,45.1
LINDSEY,47,34.8
LISBEL,47,38.5
LISETT,47,40.5
LYUBOMYRA,47,59.6
MAHNAZ,47,51.7
MARELYS,47,47.3
MARGO,47,36.7
MARIANN,47,40.1
MARICAR,47,38.3
MILEYDI,47,40.4
NASERA,47,33.9
NEFER,47,32.9
NIHAN,47,16.1
NISMA,47,16.8
NUNA,47,12.3
ORLINDA,47,67.9
OUASIMA,47,37.1
RAFFAELA,47,48.3
RAHILA,47,44.1
RAOUIA,47,25.2
RAWANE,47,10.8
REGHINA,47,55.9
SASHKA,47,49.5
SHELLY,47,32.4
SIBYLLE,47,50.6
SILVIANA,47,53.5
SOLEMNIDAD,47,78.1
SOUKEINA,47,33.7
TAINARA,47,25.3
TIFA,47,53.6
TIJANA,47,36.4
URSICINA,47,78.1
WENCESLADA,47,75.8
WINNIE,47,38.6
XIAOZHU,47,51.6
XING,47,38.3
YANETT,47,39.9
YAQIN,47,32.5
YENISLEIDY,47,37.8
YILI,47,36.0
YUMA,47,23.1
ZAMFIRA,47,56.8
ZEINABOU,47,24.2
ZHI,47,40.9
ZHIYING,47,37.8
ZIVILE,47,41.5
ZOSIMA,47,77.5
ZUBAIDA,47,52.6
AILIAN,46,57.7
AIYUN,46,54.7
AIZENE,46,11.5
ALCORA,46,26.2
ALDONA,46,57.1
ALFIYA,46,54.5
ALHENA,46,12.3
AMAGOYA,46,50.1
ANARA,46,26.5
ANTOLIANA,46,66.2
ARAYA,46,19.2
ARIELLE,46,20.2
ARMENUHI,46,49.5
AZHAR,46,20.8
BALVINA,46,61.8
BETZABE,46,42.5
BEZZA,46,50.8
BIN,46,46.7
BISERKA,46,48.3
BRITANY,46,15.6
CAETANA,46,14.6
CHAKIRA,46,27.5
CHUNHONG,46,49.5
CONNIE,46,50.2
CORIN,46,36.6
CRISTABEL,46,33.1
DANELE,46,14.4
DANIRA,46,13.9
DARIELA,46,17.2
DATIVA,46,81.3
DAYLI,46,38.7
DORICA,46,57.8
EBA,46,40.0
EIRINI,46,35.6
EMANUELLY,46,12.6
EMMY,46,26.8
ENNA,46,21.4
ESTANISLADA,46,77.5
EVITA,46,34.1
EZZOUHRA,46,46.1
FARIHA,46,25.5
GIOCONDA,46,51.6
GUZEL,46,46.7
HAIDE,46,38.8
HEIDE,46,66.1
IOAR,46,25.8
IPEK,46,29.7
IRENIA,46,33.5
JIAYAO,46,16.1
KAMALA,46,38.1
KHITAM,46,24.3
KRYSTEL,46,30.9
LAMA,46,36.7
LENE,46,49.7
LINETH,46,28.2
LIZARA,46,10.5
LOUHOU,46,48.5
MAH,46,26.5
MAIGUALIDA,46,54.1
MANJINDER,46,38.0
MARIELLY,46,46.0
MARIFLOR,46,60.7
MEIFEN,46,51.4
MEKKA,46,46.7
MELINE,46,32.7
MERIAME,46,35.8
MIDIALA,46,52.8
MITA,46,52.6
NASSIBA,46,34.8
NASTIA,46,22.3
NAYELIS,46,20.0
NAYOMI,46,23.4
NICOLETTE,46,35.2
ORBELINA,46,51.5
PARWINDER,46,37.9
QIAO,46,35.0
QIAOLING,46,43.5
ROFAYDA,46,10.2
RUYI,46,22.5
SALAMA,46,42.5
SHAYMA,46,15.0
SHIVA,46,36.8
SHU,46,35.0
SHUANGLI,46,43.3
SIMRANJIT,46,23.7
SOUBIHA,46,45.2
STEPHANNY,46,26.2
SUHUA,46,55.6
SUMIA,46,28.1
SUNAMITA,46,32.9
TASLEEM,46,47.4
THAISA,46,25.9
TULIA,46,51.2
UXOA,46,32.8
VALERA,46,74.7
VICTORY,46,17.3
VITORINA,46,78.9
WENYING,46,48.4
XIYA,46,15.5
YANITZA,46,38.3
YANYUN,46,44.7
YASEMIN,46,29.4
YENIS,46,43.2
YIHUI,46,27.8
YISENIA,46,24.0
YOKASTA,46,41.3
YOLA,46,51.1
YUEYING,46,44.3
YUSHAN,46,23.0
ZHIVKA,46,53.0
ZOBIA,46,34.2
AI,45,38.2
AIYU,45,54.2
ALIENA,45,16.4
AMANDINA,45,76.7
AMANECER,45,33.1
ANAISA,45,35.9
ANASTASSIYA,45,33.5
ANICUTA,45,54.6
ASCENSIO,45,68.4
AURELIJA,45,41.6
AYANE,45,10.8
AYEZA,45,8.6
BEA,45,13.3
BONOSA,45,71.6
BURCU,45,36.7
CAHORA,45,30.7
CANTIA,45,20.6
CHOROK,45,13.6
DANELLY,45,48.3
DAYANI,45,30.3
DENA,45,21.3
EBRU,45,36.2
EIDA,45,25.6
ELCIRA,45,66.9
ELSIRA,45,69.7
EMESE,45,42.3
ESTEBANIA,45,61.3
ESTERVINA,45,60.5
EXUPERANCIA,45,78.6
FARIZA,45,45.6
FENGMEI,45,53.5
FLAVIANA,45,48.6
FLORIDA,45,58.7
GHLANA,45,34.7
GHYZLANE,45,32.6
GUENDALINA,45,39.8
HINIESTA,45,39.3
HRA,45,52.7
HRIPSIME,45,39.6
HUSNA,45,21.0
INESS,45,14.6
IRAIMA,45,33.7
IRINEA,45,26.0
JAKELIN,45,39.4
JANDIRA,45,48.8
JIANLING,45,46.7
JINXUAN,45,11.6
JOVINA,45,66.6
JUNKO,45,56.6
KAJAL,45,30.9
KORAIMA,45,19.5
KULWANT,45,52.5
LEINA,45,15.3
LLARINA,45,29.6
LUBICA,45,48.7
LUCILLE,45,36.1
MADELEIN,45,24.8
MANINDER,45,35.1
MARAY,45,27.9
MARGARETHA,45,69.9
MARIS,45,39.3
MELECIA,45,71.7
MERAL,45,15.6
MOUFIDA,45,36.3
NARJISSE,45,28.1
NDOUMBE,45,32.9
NELL,45,15.9
NIKOLETT,45,35.9
NUNZIA,45,50.1
NUSAIBA,45,9.7
OUMAMA,45,29.3
PINAR,45,46.7
RAJWANT,45,44.3
RESHMA,45,37.1
ROSSY,45,39.0
ROSY,45,44.7
RYMMA,45,49.1
SALAS,45,24.3
SELOUA,45,40.1
SILMARA,45,42.8
SIMEONA,45,64.9
STEPHANI,45,29.6
SULEICA,45,35.1
SUPING,45,52.3
TEKLA,45,18.6
TOMASINA,45,59.0
TONINA,45,15.7
VIANCA,45,23.5
VICENTINA,45,74.3
WAHBA,45,18.9
WALKIRIA,45,45.5
WANESSA,45,35.4
WEIJING,45,38.7
WENDI,45,23.1
WENYAN,45,38.1
XIAOXUE,45,37.7
XIUHONG,45,55.4
YAJING,45,27.8
YANETSY,45,43.3
YINAN,45,17.5
YIRU,45,18.3
ZELDA,45,9.7
ZURI,45,12.2
ABIBATOU,44,30.3
AIGUL,44,44.6
ALZBETA,44,43.4
AMARAL,44,16.4
AMINATOU,44,23.8
ANALIS,44,23.2
ANTELA,44,16.7
ANUNCIACIO,44,80.1
ASEES,44,3.3
CELENE,44,37.5
CELENIA,44,38.5
CESCA,44,16.2
CRUCITA,44,62.4
DAREJAN,44,57.2
EDERNE,44,32.0
ESRAE,44,6.6
FAUZIA,44,42.8
FLORICICA,44,48.9
GANKA,44,53.5
GUIYING,44,58.2
HALLOUMA,44,53.8
HARGUN,44,7.1
HERMINA,44,61.4
ILHEM,44,37.1
IMAAN,44,9.0
IRIDE,44,22.3
IRSA,44,20.2
ISABELL,44,37.0
JARMILA,44,53.3
JEMMA,44,48.8
JOICE,44,35.9
JOSIE,44,47.9
JULISA,44,27.4
KAMALIA,44,39.3
KAMALJEET,44,35.4
KATIUSCA,44,44.6
KOMALPREET,44,22.0
LADISLAA,44,76.1
LIEZEL,44,38.0
LILIBET,44,35.5
MARIÑE,44,33.0
MELIS,44,23.0
MENGQI,44,17.8
MERLINA,44,25.3
MINE,44,46.6
MISHELLE,44,14.3
MUSARRAT,44,48.3
MYLA,44,27.5
NAELA,44,16.0
NAJAH,44,39.7
NANULI,44,64.1
NASTASSIA,44,37.3
NAZISH,44,33.4
NEGAR,44,35.4
NENA,44,46.0
NIDAE,44,13.3
NIJOLE,44,60.1
NUANE,44,9.8
NUO,44,15.9
NUVIA,44,50.0
OCEANIA,44,34.4
RADYA,44,36.4
RAMUNE,44,47.0
SHAIMAA,44,21.6
SHAINA,44,16.9
SHANA,44,17.5
SIBISSE,44,25.6
SNEZHANKA,44,61.9
SOUMICHA,44,51.3
SUCAINA,44,28.3
SUGEY,44,43.3
SUGHRA,44,49.6
SUMAIYA,44,20.3
TACOREMI,44,34.0
THIANE,44,26.1
XULI,44,45.2
YANISLEY,44,38.8
YAUHENIYA,44,37.6
YIWEI,44,36.8
ZALINA,44,44.0
ALISIIA,43,10.5
ANAYARA,43,20.6
ANIUSKA,43,43.3
ASLI,43,31.7
AYSHE,43,46.7
BESMA,43,19.2
BINGBING,43,29.8
BOUSSO,43,35.7
CALINA,43,49.0
CARMINIA,43,47.3
CHENG,43,36.1
CHIQUINQUIRA,43,34.7
CHRISTY,43,36.5
CHUNFEN,43,50.8
CLAUDE,43,72.4
DARINE,43,20.0
DUHA,43,14.5
ELAYNE,43,31.0
ELCY,43,53.4
ELENICE,43,50.5
ELIEZER,43,52.9
ELONA,43,35.4
EMBARKA,43,47.1
ENELIA,43,66.0
ESMELDA,43,46.5
FANIA,43,42.0
FORTUNA,43,71.4
GRABIELA,43,45.2
GRAZINA,43,56.0
GURUZNE,43,45.1
HAIHONG,43,47.3
HAIMEI,43,50.1
HANIN,43,15.1
IBIS,43,49.4
IJLAL,43,34.2
JASBIR,43,47.9
JENAN,43,9.9
JENYFER,43,31.3
JOURY,43,5.4
KAMLA,43,53.2
KASHAF,43,14.0
KATIUSCIA,43,46.8
KHLIFIA,43,51.7
LAKHWINDER,43,44.7
LALIA,43,36.6
LENNA,43,11.5
LIRONG,43,49.4
LORELAY,43,26.8
LUCENA,43,55.2
MAIRI,43,17.6
MALI,43,22.1
MALICA,43,54.0
MARICA,43,43.1
MARIZABEL,43,39.4
MARYSE,43,65.6
MASSIRA,43,48.1
MBAYANG,43,32.4
MELANNIE,43,22.5
MIKELA,43,14.3
MIRIA,43,45.0
NADEGE,43,38.5
NADJAT,43,44.0
NELDA,43,54.2
NI,43,34.2
NOSHABA,43,38.8
OLIVERA,43,47.1
PRESLAVA,43,23.3
RAYSSA,43,23.2
RENATTA,43,14.6
ROBYN,43,19.5
ROMAREY,43,36.4
ROXANE,43,30.9
SABAHAT,43,28.6
SAHRA,43,29.6
SERIN,43,9.8
SHAM,43,10.9
SHUYAN,43,33.5
SINTIA,43,34.9
SULAMI,43,19.0
SURIA,43,24.6
SYDNEY,43,22.2
TACKO,43,29.6
TAIMI,43,44.5
TAOUS,43,45.6
TOUTOU,43,30.0
TULA,43,36.3
WENXI,43,17.2
YENEY,43,38.1
YIXI,43,15.1
YIYING,43,29.8
YOCASTA,43,46.1
YUJIA,43,21.8
YUKIKO,43,49.5
ZEIDA,43,57.0
ZHANG,43,48.7
ZUHARA,43,14.4
ZULAICA,43,35.9
AGNETA,42,59.7
AICHATU,42,36.2
AIHONG,42,55.2
AITIANA,42,23.7
ALEIA,42,6.9
ALIZ,42,24.1
AMAR,42,17.0
AN,42,31.7
ANAHITA,42,35.0
ANALY,42,33.5
ANATALIA,42,52.8
ARATZ,42,29.6
ARLENY,42,28.1
ASLY,42,10.5
ASSIATOU,42,25.2
AVRORA,42,10.6
AYSE,42,39.0
AZA,42,41.6
BANA,42,29.8
BEILEI,42,38.9
BENTE,42,67.7
BERNARDETA,42,63.7
CAIPING,42,49.4
CHUNLAN,42,56.7
CILIA,42,32.7
CODRUTA,42,41.9
CRIS,42,26.8
DAFINA,42,44.8
DAIMY,42,37.4
DAIREN,42,23.7
DARLA,42,11.1
DIAMELA,42,40.3
DIEGUINA,42,65.9
DILENIA,42,40.7
ENORA,42,15.2
EZGI,42,32.4
FAISURY,42,39.6
FLORDELIZA,42,55.5
FLORI,42,43.8
GEORGICA,42,52.2
GERARDINA,42,59.9
GHULAM,42,49.9
GILBERTA,42,70.9
GRACIELLA,42,46.7
GURNOOR,42,7.9
HANANA,42,42.3
HEDDA,42,41.4
HELOISE,42,21.7
HEYDI,42,33.5
HUILING,42,38.3
IRAIDES,42,41.1
IZOLDA,42,59.2
JAMA,42,55.8
JENNIE,42,47.9
JULI,42,51.9
JUMANA,42,12.3
LIANNY,42,25.7
LIBANA,42,7.0
LINGZHEN,42,49.3
MARITXU,42,60.6
MARYEME,42,25.9
MAVI,42,27.4
MEMOONA,42,25.9
MEY,42,14.3
MEYLIN,42,33.1
MIRELIS,42,44.2
NAILYA,42,52.2
NAYDA,42,37.3
NAYDELIN,42,10.7
NEISY,42,47.3
NESSRINE,42,28.4
NORAIDA,42,53.5
NUTSA,42,13.3
ORREAGA,42,38.6
OZLEM,42,38.4
QINGHUA,42,47.4
RACHELLE,42,30.9
RAMEEN,42,10.5
RAVNEET,42,19.4
RENA,42,45.8
RIZA,42,41.0
RKIYA,42,57.4
SABRIA,42,39.7
SAHIDA,42,42.7
SAM,42,18.8
SHUANGWEI,42,41.8
SICILIA,42,64.0
STEFFI,42,42.4
SUHONG,42,52.7
TERESE,42,31.3
VALKIRIA,42,11.5
VERIDIANA,42,55.4
WANIA,42,20.0
WEIQIN,42,44.8
WIOLETTA,42,49.3
XIAOLIAN,42,51.9
XIAOTONG,42,25.9
XIUYU,42,50.9
XUEHUA,42,52.4
XUFEN,42,49.1
YAJIE,42,26.9
YANFEN,42,46.5
YANQIN,42,44.3
YENISEL,42,36.9
YRIA,42,16.4
ZEINABU,42,28.5
ZULAIMA,42,22.4
ABENAURA,41,27.5
ADITA,41,66.8
AFAFE,41,32.3
AIRIN,41,18.0
AITZPEA,41,47.4
ALEVTYNA,41,43.9
AMALIIA,41,13.6
ANNEGRET,41,68.4
ANNELIES,41,50.8
ANRAN,41,10.1
ARCELIA,41,66.1
AURI,41,13.6
BHARTI,41,43.5
BINETOU,41,35.3
CAMILIA,41,15.3
CEREN,41,31.8
CHENGCHENG,41,28.5
DAMARA,41,20.6
DAVID,41,39.2
DIANET,41,34.9
DISNEY,41,47.2
DULCEMARIA,41,15.0
DUNJA,41,32.7
EDESIA,41,77.4
EDITE,41,54.0
ENDURANCE,41,32.8
ERIA,41,10.5
ESSADIA,41,51.7
HIFZA,41,20.6
HONGYU,41,41.9
HOUSNA,41,37.1
HUIFEN,41,52.5
IBOLYA,41,51.5
IRELA,41,30.7
ITACA,41,8.4
IVIE,41,31.6
JHOSELYN,41,24.2
JIALING,41,25.3
JINHONG,41,47.2
JUNYI,41,22.6
KADDIJATOU,41,21.5
KAWTHER,41,18.9
KAYLEE,41,8.8
KHARDIATA,41,33.7
KOUMBA,41,19.6
LIMA,41,20.1
LOUJAINE,41,7.7
LUCA,41,24.5
MANSATA,41,31.4
MARIAGRAZIA,41,48.7
MARILENNY,41,36.8
MARYSABEL,41,39.9
MAYDELIN,41,44.0
MAYRELIS,41,39.5
MEIMUNA,41,29.3
MERITXEL,41,32.3
METU,41,28.0
MILLA,41,13.9
MISLEIDY,41,46.0
NAJET,41,36.3
NAROBA,41,13.5
NASMA,41,16.6
NEGIN,41,32.3
NEHAD,41,24.1
NEIBA,41,30.1
NELEA,41,48.5
NHOA,41,10.5
OLAITZ,41,18.2
OMKALTOUM,41,45.2
PETRANA,41,53.3
PIERRETTE,41,73.5
PUY,41,40.1
QIUHUA,41,51.7
ROMILDA,41,54.5
ROSAIDA,41,48.5
SALAM,41,31.7
SHANNA,41,23.8
SHANTI,41,31.3
SHANZA,41,26.0
SHERIN,41,30.4
SHILA,41,40.1
SNEJANA,41,41.1
TASMIA,41,25.8
TRINA,41,63.3
TSIRA,41,47.3
VARDUHI,41,47.1
WALESKA,41,34.9
WENHUI,41,23.2
XIAOYUE,41,40.5
XINLEI,41,20.4
XIU,41,42.7
XIUFENG,41,53.3
YANAIRA,41,11.5
YANEISI,41,30.3
YANIN,41,34.6
YENEBA,41,21.2
ZARAH,41,18.6
ZENDAYA,41,4.2
ZENEB,41,32.3
ABRISH,40,7.3
ADEELA,40,35.3
ADESUWA,40,40.7
AKEMI,40,25.7
ALEIXANDRA,40,37.8
ALYONA,40,32.3
AMRA,40,39.8
ANALUCIA,40,19.1
ANEELA,40,37.3
ARETA,40,21.8
AROOSH,40,6.3
ASENSIA,40,72.0
AYAKO,40,49.2
BEGUM,40,47.6
BIOTZA,40,48.8
BOTAINA,40,17.8
CARMINDA,40,55.7
CESIA,40,22.2
CORALI,40,34.1
DALCY,40,49.7
DANKA,40,44.9
DARIANNA,40,20.0
DONA,40,31.9
ELAH,40,9.3
ELEKTRA,40,12.3
ELIANNA,40,17.1
ESOHE,40,36.6
ESTHEFANIA,40,27.6
FARYAL,40,19.6
FATIMATU,40,24.8
GESSAMI,40,28.1
GHEORGHINA,40,55.0
GINNA,40,18.2
GUOYING,40,57.6
HADILLA,40,45.8
HAIQIN,40,48.6
HAIZEDER,40,12.9
HALEY,40,12.4
HAYAM,40,23.6
HUIQIN,40,48.1
ITCIAR,40,34.0
ITZEA,40,13.0
IVANCA,40,38.8
IZASKUM,40,37.1
JATINDER,40,38.2
JIAMEI,40,32.6
JIANQIN,40,52.7
JIAYAN,40,20.1
JOCABED,40,31.4
JOVELYN,40,41.4
JULUD,40,17.5
KAIRI,40,14.4
KANCHAN,40,45.0
KEYING,40,19.4
KHADIJAH,40,10.2
LAIAN,40,5.3
LAVINA,40,45.8
LENIA,40,36.0
LIFENG,40,51.4
LINETTE,40,23.3
LIQING,40,44.9
LIUBOVI,40,53.4
LUCILE,40,42.8
LUCINEIA,40,49.0
MAEBA,40,33.2
MAITEDER,40,45.3
MANNA,40,29.0
MARARIA,40,14.9
MASA,40,26.2
MAYAN,40,8.9
MEIKE,40,50.5
MERYAMA,40,42.0
MFEDLA,40,62.7
MICHAL,40,42.5
MIKI,40,40.0
MILLARAY,40,15.9
NAGINA,40,37.2
NAIADE,40,15.8
NARELLA,40,15.2
NATALINA,40,61.1
NERISSA,40,41.9
NOEL,40,38.0
NOUARA,40,46.7
ODA,40,24.3
OLAIZ,40,36.4
OLIVE,40,45.1
ORTENSIA,40,71.0
QUIRINA,40,76.9
RBIHA,40,51.1
RUFA,40,78.5
RUS,40,30.8
RYMA,40,30.6
SAUSAN,40,32.3
SAWERA,40,20.1
SHUSHANIK,40,48.6
SHUTING,40,23.2
SILVICA,40,54.0
SINDA,40,60.5
SIRLEI,40,51.9
SONNIA,40,56.0
SURJIT,40,57.6
SUSEL,40,38.3
TEOLINDA,40,65.5
TIFANI,40,26.4
TIJANIA,40,53.1
USWA,40,12.1
UTA,40,61.5
VALIA,40,41.2
VERANIA,40,54.0
VIANA,40,20.8
VIRGELINA,40,62.4
XIAOWEN,40,38.0
YANE,40,36.3
YANEL,40,23.8
YANYU,40,39.6
YAPING,40,44.4
YAXI,40,15.0
YAZIRA,40,15.4
YETTO,40,43.4
YGUANIRA,40,25.6
YIKE,40,12.0
YLIANA,40,36.0
YOANIA,40,43.6
YOANKA,40,47.0
YULIZA,40,28.2
YUXIA,40,50.2
ZEENAT,40,29.6
ZHAO,40,38.8
ZILIA,40,23.6
ZINNIA,40,26.5
ZIXI,40,12.0
ZULLY,40,49.5
ADELAYDA,39,50.0
ADJOU,39,48.4
AFINA,39,9.9
AIANE,39,10.3
AIDARA,39,14.1
ALESYA,39,33.3
ANAIR,39,35.7
ARINAS,39,4.0
ASMAHANE,39,31.3
AWILDA,39,40.8
AYNUR,39,28.9
BAKARTXO,39,48.6
BELISA,39,33.6
BENEDICTE,39,44.5
BENEDITA,39,45.7
BINA,39,46.3
BOUTHAYNA,39,23.7
CHAFIAA,39,39.6
CHRISTIN,39,38.2
DIYAE,39,10.9
EDELINA,39,62.2
ELISABHET,39,36.8
EMANUELLE,39,22.8
EMBARCA,39,51.6
EMMANUELLA,39,17.6
EYLEEN,39,14.2
FABRICIA,39,39.6
FABRIZIA,39,40.5
FENGQIN,39,50.7
GAUDIOSA,39,72.5
GIUSY,39,32.4
GRETER,39,35.1
GRETTER,39,36.7
HANADI,39,37.3
HAO,39,31.9
HEBREA,39,8.8
HENDA,39,32.5
HONGFEN,39,48.9
ITALIA,39,45.8
JANELLE,39,15.2
JAZMINE,39,20.1
JI,39,34.6
KARIME,39,29.2
KETI,39,31.4
KOSTADINKA,39,52.0
LAISA,39,27.1
LEXI,39,11.2
LIANG,39,35.6
LICET,39,43.1
LOHIZUNE,39,19.9
LUCIANNA,39,12.2
LUCIENNE,39,59.0
MALINKA,39,52.3
MARAYA,39,18.0
MARIELIS,39,32.6
MAYALEN,39,32.0
MELVY,39,48.4
MILUDA,39,56.1
MIRIANA,39,34.5
MYLANA,39,12.1
NAOUEL,39,43.3
NAVIDAD,39,67.9
NAYANA,39,23.6
NELE,39,29.2
NEMESIS,39,26.7
NEVENKA,39,42.7
NORIMAN,39,18.5
PALWINDER,39,38.1
PARNEET,39,13.0
PRESENTINA,39,73.2
QIUPING,39,47.0
QUEILA,39,35.6
RAIDA,39,47.7
ROBERTINA,39,60.6
SHAOFEN,39,51.4
SHASHA,39,31.4
SHIMA,39,38.8
SKYE,39,13.5
SOLOMIA,39,25.8
SORAYDA,39,42.2
SOUNIA,39,32.5
SU,39,34.0
SUADU,39,33.3
TAO,39,37.7
UNA,39,36.0
URTZA,39,41.5
VIERA,39,46.0
VIVIANNE,39,37.5
VLADIMIRA,39,40.5
XIAORONG,39,47.5
XUEHONG,39,50.3
YAKIRA,39,25.0
YALILE,39,43.0
YANZHEN,39,44.6
YEVANHELINA,39,10.8
YILENA,39,24.0
YISELL,39,34.8
YUNET,39,35.8
YUNYING,39,49.1
ZEYNAB,39,19.2
ZHIHAN,39,15.5
ZHIXIN,39,15.6
ZHOU,39,41.5
ADONAYA,38,19.2
AIDEN,38,21.6
ALISEDA,38,33.5
AMERA,38,11.4
ANGELI,38,34.6
ANMOL,38,18.0
ANNET,38,27.1
ARUA,38,10.6
AVLEEN,38,5.7
BANNA,38,26.7
BETY,38,48.4
BRITHANY,38,11.7
CERES,38,31.7
CHUNWEI,38,48.1
CLAUDETE,38,53.4
CLAUDINEIA,38,45.5
CUIYING,38,55.6
DAYNA,38,14.7
DEEPIKA,38,31.2
DEMI,38,23.7
DESPOINA,38,33.4
DHARMA,38,15.4
DIANELA,38,28.7
DIDA,38,43.7
DOLTZA,38,37.4
DORKA,38,42.2
EBONY,38,18.1
EDELTRAUD,38,76.7
EILYN,38,21.2
ELIANI,38,27.9
ELIANIS,38,26.4
ELINOR,38,35.5
ELUR,38,18.1
FAKHRA,38,40.6
FEIYAN,38,42.5
FERESHTEH,38,57.2
GHINA,38,20.6
GHZALA,38,42.9
HAJARE,38,25.3
HANG,38,36.7
HANNY,38,20.2
HIDAIA,38,6.5
HIROMI,38,47.0
HORACIA,38,74.6
HUANHUAN,38,32.6
IANINA,38,40.3
IDALI,38,46.5
ILINA,38,30.6
ILUNE,38,16.4
IMPERIO,38,70.9
IURDANA,38,42.0
JANKA,38,37.2
JASMEET,38,17.9
JENNA,38,30.4
JINGHAN,38,15.4
JINLIAN,38,51.4
KEBIRA,38,61.3
KHIARA,38,8.6
KIMIA,38,25.5
KIOWA,38,24.4
LAURENTIA,38,51.6
LAURIE,38,39.8
LIESELOTTE,38,73.4
LILLA,38,33.5
LILOU,38,14.1
LISSY,38,43.3
LUDOVINA,38,67.9
LYLIA,38,16.4
MAGALIE,38,41.2
MAGDALENE,38,47.0
MAIMONA,38,50.7
MAMERTA,38,72.6
MAMMAT,38,68.1
MANALE,38,25.8
MARAL,38,29.7
MARIJKE,38,63.5
MIGLE,38,29.5
MILEDYS,38,56.7
MIMA,38,42.6
MINERVINA,38,77.1
MIYUKI,38,48.4
MOANA,38,10.5
MOUNINA,38,37.1
NADIFA,38,41.6
NAZMA,38,42.1
NICAURY,38,30.7
NORKA,38,49.7
ODET,38,18.7
ORYSIA,38,48.6
PETRINA,38,50.6
PETRONELLA,38,68.9
PEÑARROYA,38,61.3
POLICARPA,38,80.7
RABABE,38,26.7
RAFAELINA,38,45.9
RAFILA,38,57.3
RAHEL,38,28.9
RAINA,38,17.3
RATIL,38,6.3
REHINA,38,26.7
ROLA,38,40.3
RONALYN,38,37.7
ROSIMAR,38,45.6
SANAZ,38,38.9
SANGITA,38,36.3
SETTI,38,52.4
SHAKILA,38,40.9
SIAN,38,44.2
SIWAR,38,17.6
SOMAYEH,38,42.3
SOROUR,38,12.4
SULEIKA,38,32.3
SUSANN,38,48.4
SYBILLE,38,62.6
TAHIMI,38,36.9
TEHREEM,38,18.4
THAYNA,38,25.8
TLEITMAS,38,70.9
VARSHA,38,38.3
VERISIMA,38,72.5
WALQUIRIA,38,53.5
WARDIA,38,32.9
WIESLAWA,38,60.8
XINGYU,38,20.3
XUEPING,38,48.1
YACKELINE,38,41.9
YANQING,38,40.5
YIJUN,38,32.1
YOSHIKO,38,60.0
YUDI,38,40.2
YUEMEI,38,54.6
YUSMILA,38,40.8
ZANE,38,37.2
ZENEYDA,38,38.8
ZHU,38,44.7
ZORKA,38,50.7
ADRIENNE,37,48.4
AISSATU,37,26.1
ALSU,37,38.9
ANAIDA,37,40.2
ANGELIKI,37,37.4
ANTEA,37,25.4
ANTHONIA,37,41.3
ANUM,37,28.1
ANYELY,37,31.4
ARIDANE,37,21.5
AUDRONE,37,57.2
BEREZI,37,27.9
BINBIN,37,35.5
BOZHENA,37,24.9
CELENA,37,26.2
CILINIA,37,78.4
CLAVELINA,37,74.1
CYRA,37,26.0
DAHYANA,37,23.5
DAIMARA,37,26.5
DALJEET,37,37.7
DALVA,37,47.7
DAYANNE,37,24.1
DERYA,37,37.2
DUYGU,37,36.2
ELIETTE,37,14.2
ELOAH,37,3.8
EMIGDIA,37,66.3
ESENIIA,37,10.8
GAYNOR,37,64.5
GIULIANNA,37,22.2
HAJNALKA,37,44.1
HENRIETTA,37,39.7
HILDELISA,37,67.9
HIROKO,37,59.7
HURAIN,37,4.2
IDRISSIA,37,44.7
INCA,37,25.4
IO,37,14.8
ISSRAA,37,9.6
ITAMAR,37,32.7
JANNY,37,42.6
JEANETH,37,46.2
JIAMIN,37,23.0
JIAYIN,37,25.6
JOUNAIDA,37,25.3
JUNIA,37,24.7
JUNYAN,37,37.3
KAITLYN,37,10.0
KARI,37,62.6
KARISHMA,37,35.8
KEILYN,37,15.0
KHADI,37,19.6
KISHWAR,37,49.1
KLAVDIIA,37,61.7
KYOKO,37,50.3
LAMIRA,37,24.3
LILYAN,37,12.1
LISELOTTE,37,64.8
LIWEN,37,39.4
LORELLA,37,51.3
MAHIRA,37,16.1
MARIBETH,37,46.5
MARICELY,37,43.4
MARIKO,37,51.3
MARIUCA,37,49.3
MEILIN,37,24.4
MEIRONG,37,54.9
MERARI,37,33.0
MERLIN,37,36.0
MINAL,37,12.3
MUQADDAS,37,26.6
NARDA,37,47.0
NAYIRA,37,15.4
NDIEME,37,30.3
NEHAL,37,15.0
NICOLLY,37,15.0
NOUSSAIBA,37,16.4
OZGE,37,34.3
PARASCA,37,47.4
PIEDRASANTA,37,67.6
QIAOQIAO,37,33.6
RAMLA,37,14.0
REKIA,37,38.6
RICA,37,48.4
RITU,37,35.8
RUOHAN,37,13.4
SAMAYRA,37,8.1
SARBJEET,37,37.8
SELIA,37,18.3
SETOU,37,29.3
SHANAYA,37,10.3
SHUJUAN,37,51.1
SILVIE,37,45.6
SIRENA,37,32.7
SOLTANA,37,32.3
SOUADOU,37,27.8
SOUNDOS,37,10.1
SUJUAN,37,49.6
TAVITA,37,22.0
VENERABLE,37,79.7
VLADLENA,37,34.6
XIAOMING,37,46.8
XIAOTING,37,28.6
XIULING,37,50.8
XUWEI,37,44.7
YAIMI,37,40.6
YEMINA,37,43.1
YESMIN,37,33.9
YONGQIN,37,49.0
YURONG,37,43.7
ZENA,37,33.9
ZIQING,37,15.0
ZOI,37,26.5
AIDANA,36,23.3
AIJU,36,56.9
ANAKARINA,36,31.9
ANFEL,36,13.0
ANGELLY,36,28.3
ANNELIE,36,45.6
ANU,36,36.4
ANYELINE,36,21.3
ARANXA,36,31.5
ARIJE,36,8.0
ARLEEN,36,23.1
ARLETY,36,36.4
ASAL,36,23.1
AZALIA,36,31.3
BACHIRA,36,52.3
BEI,36,42.1
BERKIS,36,52.1
BILMA,36,40.2
BITA,36,43.7
BLASIDA,36,50.2
BOGLARKA,36,29.3
CELMA,36,45.5
CRECENCIA,36,68.0
CRESCENCIANA,36,83.7
DAILEN,36,29.8
DAMLA,36,24.6
DARIANNY,36,21.7
DEISE,36,45.5
DOMINGAS,36,52.3
DULCELINA,36,66.2
EBTISAM,36,23.8
ESTEPHANIE,36,30.1
EYLO,36,14.1
FADHILA,36,46.6
FALAK,36,17.5
FARIDE,36,48.7
FAYE,36,43.3
FEDORA,36,54.8
FELISINDA,36,72.6
FIRDAOUSSE,36,16.3
FIRDOUS,36,23.8
GENICA,36,52.2
GLENYS,36,57.3
GRACILIANA,36,75.6
HAIFA,36,32.3
HAMAMA,36,55.5
HEIDRUN,36,71.9
HENDRIKA,36,72.0
HENEDINA,36,64.0
HUAYING,36,54.0
HUIJUAN,36,46.0
IFRA,36,20.7
ISMELDA,36,51.4
JAROSLAVA,36,50.1
JASNA,36,48.2
JINGYU,36,28.7
JIREH,36,5.6
JUNFEN,36,47.2
KAIXIN,36,19.1
KATHYA,36,30.4
KHALDIA,36,43.7
LEYDY,36,42.2
LINNA,36,20.8
LORIEN,36,18.4
LOVEPREET,36,25.6
LUCIMARA,36,46.5
LULA,36,21.6
LUOXI,36,5.9
LUYAO,36,26.6
LYANNA,36,5.3
MAHMUDA,36,32.0
MAIRELIS,36,36.8
MALAKE,36,18.0
MAMOU,36,29.0
MARGARIT,36,53.4
MARILZA,36,55.7
MARIT,36,51.5
MEIXIANG,36,52.5
METTE,36,57.8
MICHELINA,36,64.6
MIRKA,36,40.3
MOMNA,36,20.8
MONTAÑAS,36,50.3
MUBEEN,36,31.3
MUNIBA,36,30.3
NAIMARA,36,13.7
NAROHA,36,10.3
NAZIK,36,46.3
NILVA,36,48.3
NISRI,36,29.1
OHARA,36,19.2
OLA,36,35.5
OONA,36,20.3
ORYNA,36,24.6
OULIMATA,36,33.1
PARMJIT,36,45.5
PAWANDEEP,36,30.1
POLYA,36,45.6
POMPILIA,36,65.7
PRICILA,36,43.8
RADHA,36,32.9
RAMATOU,36,25.8
RIANA,36,14.4
ROMI,36,35.8
RONA,36,47.3
ROSELINA,36,52.3
ROSEMERY,36,48.9
ROUGUIATOU,36,29.4
RUIYING,36,47.5
SAADIYA,36,47.9
SABITA,36,34.9
SAVITA,36,46.4
SCARLETH,36,18.9
SHAHRZAD,36,42.4
SHAOHUA,36,55.1
SIYING,36,21.6
SLAVICA,36,53.9
SOPHIO,36,43.1
STANCA,36,58.7
TORIA,36,51.3
TSVETOMIRA,36,35.4
UROOJ,36,24.0
VANNESA,36,37.9
VITALIJA,36,45.3
VYARA,36,41.3
WENJUAN,36,43.5
WILLMA,36,46.3
XIAOXI,36,27.8
XUYAN,36,37.5
YAILYN,36,31.8
YARISSA,36,21.6
YARITSA,36,22.6
YIQI,36,19.8
YONGZHEN,36,47.5
ZHIQI,36,19.3
AFSANA,35,28.4
AITA,35,27.0
ALISEA,35,19.4
ANAIT,35,45.4
ARAMITA,35,74.3
ARISA,35,23.9
ATIFA,35,38.5
AXELLE,35,26.3
BALJEET,35,37.9
BASELISA,35,75.3
BERIT,35,60.9
CHUN,35,45.3
COVA,35,5.8
CYLIA,35,6.6
DELICIAS,35,58.0
DENICE,35,41.8
DESPINA,35,58.2
DIABOU,35,36.6
EDUINA,35,45.6
EKHIA,35,7.7
ELAHEH,35,42.8
ELEODORA,35,67.4
EMILENE,35,42.7
EMNA,35,26.6
ENARE,35,8.9
ERASMA,35,67.9
ERI,35,29.8
ERMITA,35,71.7
ESTEFANNY,35,27.6
FATI,35,34.3
GAL,35,22.4
GIORDANA,35,30.4
GISLENE,35,46.6
GRICEL,35,50.4
GUISLA,35,11.9
GURJIT,35,39.9
HAIPING,35,48.0
HARMANPREET,35,20.8
HUAMEI,35,53.0
HUIPING,35,47.4
ILSA,35,34.1
IOULIA,35,48.2
IOVANA,35,38.4
IRACI,35,56.8
IRTA,35,10.4
JAHEL,35,28.7
JAZLYN,35,7.3
JIARUI,35,15.8
JOAR,35,13.3
KANA,35,33.1
KEKE,35,30.5
KITTI,35,31.6
LINGZHI,35,43.4
LOTTE,35,42.8
LUDY,35,52.0
MAHASSINE,35,33.8
MAN,35,39.7
MAREIKE,35,39.1
MARIAH,35,16.4
MARIEA,35,68.5
MARILY,35,36.2
MARLENNY,35,41.4
MARZIEH,35,45.6
MAUREN,35,39.0
MERCED,35,47.3
MERIYEM,35,40.1
MONTE,35,65.8
NADAYA,35,16.1
NADRA,35,41.2
NAIANE,35,21.4
NARAI,35,12.6
NEIMA,35,18.2
NELUTA,35,52.9
NESMA,35,24.1
NOLA,35,24.8
NUZHAT,35,39.0
NYAH,35,11.0
OUMNIYA,35,12.3
PARDEEP,35,35.5
PERGENTINA,35,74.0
PIKRIA,35,43.4
PUSHPA,35,57.0
QINQIN,35,34.5
RACHELL,35,13.9
RADHIKA,35,27.8
RAJ,35,46.0
REFUGIO,35,69.6
REGULA,35,77.8
RILMA,35,40.7
RONDA,35,24.5
ROSALY,35,27.3
ROSELIN,35,34.6
ROZINA,35,44.0
SALSABILA,35,14.6
SANYA,35,26.8
SAULA,35,50.8
SELEN,35,25.8
SHAYNA,35,12.7
SHUANGFENG,35,45.1
SHUFEN,35,55.5
SHUHAN,35,19.8
SLAMA,35,52.8
SONDOUS,35,10.1
STEPANIYA,35,64.7
SULAIKA,35,28.3
SUSHMA,35,40.9
TRIFONIA,35,50.7
TUTU,35,26.4
VANJA,35,38.2
VEENA,35,56.0
VENERADA,35,74.6
VIANEY,35,42.3
WEIHUA,35,49.2
XIAOE,35,57.0
XIAOYA,35,30.6
XUEFANG,35,46.6
YAHAN,35,14.0
YANJUN,35,42.1
YANXIA,35,45.0
YLDA,35,61.5
YLENA,35,15.5
YNGRID,35,44.7
YOU,35,19.2
YUFANG,35,50.8
ZAHYA,35,50.5
ZANDRA,35,48.4
ZHUYING,35,58.3
ZIYING,35,25.7
ZOUBAIDA,35,53.8
ZULAIKA,35,36.2
AMA,34,35.6
AMANY,34,23.8
AMARIS,34,17.1
AMELY,34,19.9
ANAIRA,34,11.9
ANAYANSI,34,36.4
ANGHARA,34,32.5
ARAMI,34,16.7
ARYANA,34,10.3
ASEL,34,23.2
ASENET,34,35.7
AWATEF,34,32.2
AZADEH,34,44.2
BAHIYA,34,40.8
BELISARIA,34,80.0
BETZAIDA,34,44.9
BOYKA,34,48.9
CAIFEN,34,46.4
CARLITA,34,53.9
CHELSY,34,15.1
CHOROUQ,34,15.8
CIDALIA,34,52.6
CLARENA,34,47.6
CLARIS,34,16.7
CORI,34,40.4
CUIHUA,34,57.7
CUIMEI,34,54.3
DAJANA,34,35.0
DARLYN,34,31.8
DIAE,34,13.4
DIOMAR,34,52.3
ELICENIA,34,53.9
ELIZABEL,34,41.7
ELLINA,34,34.8
FAY,34,53.9
GAVINA,34,60.1
GERTRUDE,34,57.7
GLENNY,34,44.6
HASANA,34,35.6
HATOUMATA,34,26.6
HERMILA,34,69.4
HERMOGENES,34,82.4
IBERIA,34,69.1
IELYZAVETA,34,30.8
ILDARA,34,38.1
IMARAY,34,4.2
INAAYA,34,5.9
IVANETE,34,53.9
JANATE,34,11.3
JAYA,34,39.5
JINGYAN,34,25.1
JINLI,34,43.9
JUREMA,34,44.6
KABIRA,34,40.1
KATA,34,38.1
KEITY,34,14.1
KIMBERLYN,34,24.2
LARYSSA,34,25.6
LESBIA,34,58.7
LISSA,34,25.4
LIXIN,34,44.3
LIZBET,34,37.8
LJUBICA,34,54.7
LORELEI,34,31.9
LOUNA,34,20.1
LUISANNA,34,25.2
MAAZOUZA,34,49.4
MADHU,34,45.2
MAFIA,34,32.8
MAIDELYS,34,40.9
MALIHA,34,20.8
MARILEN,34,39.5
MAYERLINE,34,39.4
MAYURI,34,40.8
MEHVISH,34,32.3
MEIFENG,34,49.5
MENDIA,34,31.4
MICHELLY,34,32.8
MICHIKO,34,59.3
MILUSKA,34,35.7
MUSKILDA,34,40.8
MYLENA,34,24.5
NAUSICAA,34,15.2
NAYSA,34,8.9
NEETU,34,39.4
NERYS,34,52.3
NEYVA,34,23.8
NICA,34,20.4
NUNU,34,49.3
ORESTA,34,64.7
ORQUIDIA,34,51.9
PERSEVERANDA,34,70.9
QIANYU,34,10.6
RADHIA,34,41.7
RAJBIR,34,36.0
RAUDA,34,12.9
RAWYA,34,15.2
ROSETTA,34,57.7
ROSHNI,34,30.1
RU,34,35.1
SAADA,34,45.7
SABRA,34,31.9
SAMERA,34,35.2
SIJIA,34,22.5
SOMIYA,34,29.6
SORAIMA,34,27.5
SOUNDOUSS,34,24.8
SUKAYNA,34,22.7
SUZHU,34,56.7
TABASSUM,34,38.4
TEHMINA,34,38.7
TESSY,34,33.7
VISITA,34,74.6
VITALIYA,34,39.9
WENQI,34,20.8
XIANMEI,34,52.3
XIAOSHUANG,34,42.7
XINLI,34,39.8
XIUWEI,34,51.1
XUANXUAN,34,17.9
XUMEI,34,46.6
YANED,34,49.6
YANIBEL,34,29.4
YARELYS,34,33.5
YARIBEL,34,28.8
YASMIRA,34,34.4
YENISLEY,34,38.0
YESMINA,34,33.8
ZANIB,34,18.6
ZHENNI,34,27.1
ZILIN,34,14.3
ACHUCHA,33,64.6
ADELITA,33,62.7
AFRAE,33,21.8
AGLAE,33,46.4
AINTZA,33,25.0
ALBANA,33,42.1
ALEEZA,33,16.1
ALEIXA,33,18.0
ALEJANDRO,33,21.7
AMRITA,33,29.7
ANAHY,33,30.7
ANNELI,33,51.1
ANTHIA,33,17.3
ARAIS,33,40.0
ARSILIA,33,74.2
ARUSYAK,33,43.6
ASMARA,33,28.7
ATASARA,33,29.0
AYESA,33,36.3
BANESSA,33,40.3
BARAE,33,9.4
BEDA,33,42.0
BIGUE,33,31.1
BIYING,33,44.8
BONNIE,33,28.3
BRANKA,33,55.7
CAIHUA,33,53.3
CAIQIN,33,45.6
CANDI,33,28.7
CHRISTABEL,33,17.5
CILENE,33,47.5
CLAUDIANA,33,50.2
COLUMBA,33,67.0
CONG,33,40.3
CONSEJO,33,73.0
CORINE,33,49.3
CRISTA,33,47.1
DALYA,33,13.9
DAYHANA,33,24.1
DEKRA,33,19.7
DELLANIRA,33,53.4
DENKA,33,52.4
DITA,33,48.5
DOMNINA,33,75.3
DORADIA,33,78.3
EDILBERTA,33,73.4
EIDEN,33,14.3
ENILDA,33,61.7
ENZA,33,45.9
ETEL,33,42.0
EVIE,33,12.8
FARJANA,33,32.1
FENNA,33,29.2
FERDAOUSSE,33,23.7
FRIEDA,33,50.9
GELEN,33,32.2
GHIZLENE,33,33.5
GIGLIOLA,33,49.1
GLENIS,33,50.1
GUOFEN,33,49.2
GURWINDER,33,36.6
GWENDOLYN,33,40.7
HRISTINKA,33,53.3
IFIGENIA,33,60.2
ILZE,33,37.6
IVANI,33,44.6
IZAGA,33,24.1
JIANYAN,33,45.0
JINGYAO,33,13.9
JINJIN,33,32.7
JOITA,33,55.3
JOSEANE,33,41.8
KAILI,33,19.5
KANY,33,23.7
KRISHNA,33,39.3
KUBRA,33,41.3
LEALDINA,33,78.0
LEYANET,33,30.3
LIDAN,33,40.6
LINDAURA,33,59.7
LUCINEIDE,33,48.5
LYUBA,33,51.1
MAHDJOUBA,33,46.4
MAIDELIN,33,42.2
MARIAFERNANDA,33,25.1
MASSILIA,33,6.9
MAX,33,19.1
MELIA,33,23.4
MILLICENT,33,36.7
MUQADAS,33,22.1
NAIROBY,33,28.8
NAIYARA,33,17.4
NALIA,33,22.3
NAVEEDA,33,46.7
NAYARE,33,22.0
NEJMA,33,35.7
NURAY,33,18.4
OMAMA,33,24.2
ORIETTA,33,53.2
ORISTELA,33,59.8
PAMELLA,33,32.0
PANAGIOTA,33,41.5
PHILOMENA,33,55.7
PLACENTINA,33,78.0
RADWA,33,14.8
REIKO,33,53.0
ROKAIA,33,20.5
ROZALINA,33,41.4
RUOYI,33,10.0
SAIDIA,33,46.5
SANELA,33,36.9
SANGEETA,33,45.9
SAPNA,33,41.3
SAYEN,33,12.5
SAYMA,33,18.7
SEPIDEH,33,41.7
SHADI,33,38.4
SHAHLA,33,58.6
SHAOMEI,33,53.5
SHEELA,33,49.4
SHERLYN,33,22.1
SHUANGFEN,33,44.1
SIMONETA,33,29.1
SIYANA,33,18.6
SNEHA,33,26.7
SORNE,33,54.0
SUGHRAN,33,56.2
SUSMITA,33,29.0
SUZETTE,33,42.6
TAKWA,33,11.5
TANZILA,33,37.9
TARCILA,33,59.5
TATA,33,28.1
TIFFANI,33,25.0
VALERIN,33,19.7
VETA,33,56.8
VOICA,33,63.9
WENJUN,33,42.2
XIRA,33,22.4
XIULIAN,33,57.0
XIYAN,33,18.8
XIYAO,33,11.7
XUELING,33,43.2
YUJUAN,33,42.8
YULIYANA,33,44.6
YUMAIRA,33,16.5
YUMNA,33,10.1
YURIDIA,33,31.2
YURY,33,37.4
ZANNA,33,49.7
ZHIHUI,33,30.1
ZITONG,33,12.5
ADERITA,32,77.5
ADITI,32,19.1
AGLAYA,32,31.3
AINTZIRA,32,20.6
ALYS,32,13.9
AMNERIS,32,28.7
ANBAR,32,11.7
ANNELISE,32,37.9
ARIDAY,32,24.4
AUIXA,32,59.6
AYEISA,32,33.8
AYNHOA,32,17.9
AYTHANA,32,10.5
AÑES,32,20.8
BAHAREH,32,40.6
BECKY,32,38.8
BETZABETH,32,37.3
CANSU,32,32.7
CARIMA,32,33.7
CHABELY,32,24.9
CHARAFA,32,44.7
CHARLINE,32,30.3
CUIHONG,32,52.9
DAFINKA,32,56.3
DAYAN,32,23.5
DIARIATOU,32,26.0
DIMPLE,32,40.5
EDELFINA,32,73.4
EDMUNDA,32,80.8
EHARI,32,20.7
ELIZANDRA,32,38.4
ELYA,32,14.2
EMELDA,32,55.3
EMELI,32,21.8
EVELING,32,35.5
FARNAZ,32,42.7
FEBE,32,36.6
FELICITY,32,26.8
FEMKE,32,40.5
GISSELL,32,26.3
HADASSAH,32,7.1
HAIWEI,32,45.4
HAIYUN,32,45.6
HANAH,32,25.5
HEMA,32,42.3
HERMERINDA,32,72.2
IANIRA,32,14.3
ILLA,32,18.1
INDERJIT,32,42.3
INEZ,32,40.0
INOA,32,26.4
IRANIA,32,28.4
IRIMIA,32,23.1
IXIAR,32,36.7
JAHAIRA,32,32.9
JEANETT,32,42.5
JHULIANA,32,25.0
JIANG,32,40.0
JIAOJIAO,32,32.5
JINYI,32,15.4
JOSILENE,32,43.9
JOUDI,32,9.2
KAROLIN,32,29.3
KEYLIN,32,16.1
KUN,32,39.1
LAINA,32,22.9
LIAM,32,22.2
LIQUN,32,43.9
LISSANDRA,32,27.0
LIXIAO,32,41.2
LUDIVINE,32,38.7
LUIGIA,32,59.9
LUKE,32,22.1
LUZINETE,32,54.4
LYDA,32,51.8
MAAIKE,32,42.9
MADLEN,32,32.2
MADLENA,32,49.8
MAMEN,32,36.8
MANSIRAT,32,8.0
MAVIE,32,5.1
MAWA,32,22.0
MEIXIA,32,46.8
MERLITA,32,60.8
MILVA,32,44.5
MINGYUE,32,26.5
MONIKE,32,41.7
NATASCIA,32,40.3
NESSRIN,32,18.6
NICOLY,32,17.0
NIYIRETH,32,35.0
ORENTINA,32,78.7
PAOLINA,32,44.3
PEACE,32,35.1
QIU,32,43.6
RAHAMA,32,64.3
RAOUAN,32,10.0
REYNALDA,32,60.3
RIE,32,48.6
ROSEANE,32,44.0
ROUFAIDA,32,17.9
RUBENIA,32,51.8
RUIQI,32,16.4
SANNA,32,25.8
SCHEHEREZADE,32,36.8
SHANI,32,34.2
SHIYA,32,12.8
SHIYAO,32,18.5
SHUYU,32,29.0
SI,32,36.0
SIEGLINDE,32,73.8
SILVIJA,32,40.6
SIMIN,32,40.9
SIYUAN,32,19.5
SODIA,32,61.1
SOUMEYA,32,36.9
STELICA,32,58.5
SYEDA,32,37.0
SYLVIANE,32,63.9
TAMUNA,32,32.1
TAUFA,32,31.8
TENIN,32,24.7
THAMAR,32,34.3
TIA,32,25.8
TINATINI,32,37.4
TONI,32,46.2
UGNE,32,25.1
VIOLINA,32,42.2
WEIXIAO,32,39.8
XIMEI,32,49.3
XUEJING,32,37.7
YAIME,32,40.2
YALING,32,36.5
YAMA,32,29.8
YAMILEX,32,30.2
YAMIRKA,32,46.4
YANERIS,32,33.0
YANNETH,32,47.7
YIPING,32,44.0
YOLAINE,32,47.2
YOLANDE,32,63.6
YRIS,32,50.3
YUI,32,25.5
YULIAN,32,55.7
YUQIAN,32,20.4
ZAILA,32,26.2
ZHANETA,32,48.8
ZHIQING,32,17.5
ZUNAISHA,32,2.1
ABICHA,31,53.5
ADIRANE,31,27.2
AIFANG,31,47.6
AINUR,31,26.6
AJWA,31,7.9
AKARI,31,19.9
AMANCAY,31,27.6
ANABEIBA,31,63.8
ANATILDE,31,60.1
ANUNCIADA,31,66.8
ARUCA,31,23.4
ASCENETH,31,59.1
BAIA,31,8.0
BEHNAZ,31,46.6
BELQUIS,31,53.5
BIBIAN,31,38.7
BIHOTZA,31,24.8
BOGUSLAWA,31,54.7
BOSE,31,44.3
CARLIXTA,31,57.2
CAROLAIN,31,25.4
CEILA,31,35.7
CESARIA,31,69.4
CEZARINA,31,45.0
CHARLIE,31,17.1
CHARLIZE,31,13.6
CHIFAA,31,15.7
CLEUSA,31,56.5
DANDARA,31,20.4
DEVORAH,31,35.0
DHALIA,31,11.1
DIE,31,33.6
DORCA,31,46.4
DORIA,31,36.1
EDILSA,31,47.7
EDY,31,55.6
ELDY,31,52.6
ENSAF,31,12.8
EVDOCHIA,31,58.2
EVI,31,33.7
FENGYUN,31,55.3
GEANE,31,42.4
GILMARA,31,42.4
GRISELLA,31,39.7
GURJEET,31,38.1
GWEN,31,28.0
HABIBATOU,31,25.6
HAILING,31,44.1
HANENE,31,35.0
HARA,31,17.3
HELEIA,31,18.8
HELIANA,31,31.2
HIMAR,31,11.8
ILONKA,31,52.2
INAAM,31,30.8
INETA,31,41.1
ISOBEL,31,48.8
IVANOVA,31,38.1
IZORTZE,31,32.1
JANELY,31,17.0
JHANETH,31,36.2
JIAYUAN,31,20.8
JINXIA,31,43.1
JOKIÑE,31,50.2
KAMLESH,31,54.2
KAOUTHER,31,26.7
KHATIMA,31,42.0
KORAL,31,17.2
KORINA,31,23.1
KULJIT,31,38.9
LANI,31,44.3
LEJLA,31,36.5
LILLIAM,31,51.3
LINGZHU,31,55.1
LIRIAM,31,18.3
LIYUAN,31,34.6
LOLY,31,42.6
LOTTA,31,18.4
LUDIBIA,31,57.7
MAHE,31,19.8
MAKVALA,31,59.7
MARIEKE,31,46.5
MARITZABEL,31,42.7
MARLIS,31,51.7
MAUI,31,12.4
MEIRE,31,46.6
MELANYA,31,41.6
MELVI,31,43.8
MILADA,31,37.7
MILAGRITOS,31,47.2
MILEDY,31,50.2
MIRAI,31,8.5
MOUNIYA,31,38.0
NAHILA,31,21.8
NATZARET,31,27.5
NDIAYE,31,33.0
NONIA,31,23.7
NYA,31,7.6
OMKELTOUM,31,52.3
ORFA,31,54.0
OUIZA,31,46.3
OUMIE,31,23.0
PHILIPPA,31,35.3
PUJA,31,34.1
QIANYI,31,19.0
RAMANPREET,31,28.0
RASHMI,31,36.7
ROKIATOU,31,28.4
ROMAISSAA,31,13.5
ROMANE,31,25.2
ROSALIND,31,61.2
RUBAB,31,24.8
RUBIA,31,39.0
RUNA,31,25.5
SALVACION,31,61.5
SHALINI,31,39.4
SHAYRA,31,12.9
SHIFA,31,16.3
SHIREL,31,14.8
SHUHUI,31,33.0
SHUYAO,31,8.6
SMARANDA,31,49.1
SOUKINA,31,32.8
TAMIA,31,22.4
TASLIM,31,15.6
THAINA,31,27.5
THERESIA,31,64.0
THIORO,31,28.3
TOVE,31,70.1
TUBA,31,24.4
UMAMA,31,12.0
URBELINA,31,73.7
VEDA,31,14.3
WEIYI,31,24.1
WU,31,39.0
XELO,31,38.7
XIAOQUN,31,45.2
XIUXIU,31,34.0
YAMILED,31,48.1
YASMIM,31,20.7
YOHANDRA,31,45.0
YUDELKYS,31,44.6
YUNUO,31,9.8
YVELISSE,31,51.9
ZAYA,31,7.1
ZITOUNIA,31,50.0
ZOHARTZE,31,35.5
AABIR,30,14.8
AAYAT,30,4.3
ABIBA,30,29.5
ADALA,30,29.4
ADIS,30,53.0
ADUNA,30,27.1
AINDARA,30,11.0
AKHTAR,30,53.5
ALIKA,30,16.0
AMAIRA,30,17.2
AMANAY,30,19.7
AMANTINA,30,61.7
AMREEN,30,30.0
ANARI,30,10.5
ANZELIKA,30,47.4
ARABEL,30,36.4
ARAM,30,21.8
ASHKHEN,30,42.6
AYME,30,39.4
AYTEN,30,40.7
BELLANIRA,30,38.6
BELMIRA,30,68.1
BINDU,30,41.2
BIRTE,30,57.7
CARMENCITA,30,54.7
CEESAY,30,36.8
COANER,30,11.6
CORSINA,30,73.4
COURA,30,25.7
CRISEIDA,30,46.9
CRISTY,30,38.3
DANNI,30,29.1
DARLY,30,40.2
DENEB,30,24.5
DIOCELINA,30,59.9
DIYA,30,20.5
DOA,30,17.2
DOBRITA,30,59.9
DOCHIA,30,56.7
DORALIZA,30,50.0
DOUSSOU,30,23.4
ECE,30,28.5
EDELWEIS,30,31.0
EDISA,30,45.9
ELIANYS,30,27.0
ELISABED,30,20.0
ELODY,30,22.9
ENOA,30,13.7
ERYKA,30,22.2
EUSTOQUIA,30,75.6
EVELLYN,30,20.5
EYLEN,30,14.9
FAZIA,30,47.9
FENGZHU,30,58.4
FERIAL,30,35.5
FRAUKE,30,60.4
FRIEDERIKE,30,54.8
GENI,30,50.8
GERALDA,30,56.9
GERMINA,30,63.1
GLEICE,30,41.2
GRATIELA,30,44.7
GRETE,30,59.7
GRISELL,30,43.2
HAIHUA,30,49.4
HAROA,30,39.4
HASNIA,30,48.3
HATOU,30,39.6
HEDWIG,30,71.1
HONEY,30,28.8
HOSNA,30,27.4
HOSSNIA,30,43.8
HUIXIN,30,18.6
HUNAIDA,30,25.7
IRAULTZA,30,27.1
IRUÑA,30,25.0
ISELLA,30,12.4
ISOKEN,30,39.5
ITOITZ,30,21.9
IZAMAR,30,30.9
JACKELYN,30,31.4
JACQUELYN,30,44.6
JAINA,30,9.5
JANNETT,30,48.5
JEMINA,30,38.8
JIALU,30,20.9
JIANFENG,30,47.6
JIAQIAN,30,20.7
JIAXI,30,18.7
JINCHAI,30,53.0
JINXI,30,8.8
JUCILENE,30,44.6
JULIENNE,30,40.0
KETY,30,38.4
KEYI,30,15.6
KHADIZA,30,22.6
KLAVDIYA,30,60.6
LACRIMIOARA,30,46.2
LARIMAR,30,12.3
LEYAN,30,23.0
LIJIAO,30,51.5
LINGXIAO,30,34.6
LINGYU,30,31.6
LINGYUN,30,41.6
LISMARY,30,30.1
LIZAR,30,12.5
LONE,30,64.4
LYUBOMIRA,30,35.8
MAELA,30,19.1
MAGDALINA,30,44.2
MAIRE,30,26.7
MAKI,30,49.5
MANMEET,30,16.9
MAREMA,30,33.3
MARILI,30,42.8
MARIYEM,30,29.1
MARJOLEIN,30,47.1
MAUDILIA,30,80.9
MAYBEL,30,32.7
MEENAKSHI,30,39.8
MEINA,30,33.9
MELCA,30,40.8
MENGYI,30,25.4
MI,30,32.6
MIDORI,30,41.2
MILADIS,30,53.4
MINSA,30,7.3
MIRAB,30,11.4
MOBEEN,30,29.3
MUNAZZA,30,41.5
MUNEEBA,30,27.0
MURIELLE,30,50.5
MUSARAT,30,48.1
NAHED,30,46.5
NAVPREET,30,27.4
NAZIR,30,57.9
NIEVE,30,43.5
NIKKI,30,30.5
NINIVE,30,36.8
OLFA,30,42.0
REBEKKA,30,32.1
RIMAN,30,7.1
ROCA,30,58.7
RODINA,30,11.3
RUSKA,30,56.7
RUXANDA,30,57.4
SAFAH,30,20.0
SALAMATA,30,30.7
SALOBRAR,30,50.2
SASA,30,32.2
SATWINDER,30,45.7
SATYA,30,27.0
SEHAJPREET,30,9.5
SELICA,30,52.1
SEPHORA,30,14.3
SERINA,30,25.3
SHAIDA,30,32.5
SHAMILA,30,33.7
SHIYING,30,33.9
SHUSHAN,30,33.7
SIRAT,30,8.8
SIRENIA,30,19.6
SITONG,30,16.2
SIYA,30,17.8
STHEFANIA,30,26.8
TANVEER,30,34.2
TAREIXA,30,28.3
TESNIM,30,9.3
TINKA,30,48.6
TLAITMASS,30,59.7
TLAYTMASS,30,64.1
TONA,30,36.4
TORAHI,30,36.0
VANEZA,30,35.6
VANILDA,30,49.0
VERUSKA,30,42.6
VESTA,30,29.7
VIRTUOSA,30,82.3
XIANGMEI,30,54.3
XIAOLE,30,36.4
XINGXING,30,32.2
XINTING,30,21.2
XIURONG,30,54.5
YALINA,30,36.5
YARU,30,24.3
YERAIMA,30,6.2
YIMO,30,5.8
YNOCENCIA,30,60.4
YUEE,30,56.1
YUEHONG,30,53.7
YUEXI,30,11.8
YUNEIDA,30,26.0
YUNEISI,30,33.8
YUNXIA,30,46.4
YUSIMY,30,46.2
ZEYNEB,30,25.5
ZILDA,30,58.4
ZINTIA,30,23.9
ZOICA,30,58.0
ZULEIDY,30,34.4
ZULEYKA,30,28.4
ADANAY,29,18.4
ADORA,29,43.1
AISLINN,29,16.7
ALIAA,29,23.1
AMIA,29,22.7
ANDLEEB,29,31.6
ANDZELIKA,29,33.4
ANH,29,20.9
ANNEKE,29,46.9
ARIFA,29,27.9
ARTURA,29,76.7
AXEL,29,22.8
AYNOHA,29,19.7
BALQEES,29,46.0
BATOOL,29,36.8
BERTILDA,29,62.6
BETHANY,29,21.2
BHUPINDER,29,40.0
BIXIA,29,44.0
BOGUMILA,29,60.7
BRUNHILDE,29,80.4
CAIFENG,29,43.8
CAITLIN,29,26.0
CASTORINA,29,57.0
CENOBIA,29,74.3
CHAVELA,29,21.1
CHENXIN,29,13.5
CHENYI,29,19.0
CHUNE,29,58.3
CHUNLIAN,29,53.0
CRUCES,29,72.1
CUIPING,29,50.1
DEISI,29,42.4
DOLY,29,50.2
DURGA,29,35.7
EDILEUZA,29,52.1
EDWIGE,29,49.3
EGIDIA,29,66.5
ELENITA,29,53.2
ELETTRA,29,18.7
ELSI,29,52.0
ESSALHA,29,48.3
EUDOCIA,29,59.7
EUGENIE,29,43.9
EVANGELICA,29,58.5
EVGHENIA,29,52.3
EVILIA,29,64.2
FAHMIDA,29,35.0
FANKA,29,51.0
FANUTA,29,48.5
FIRUTA,29,55.6
GAETANA,29,53.8
GALENA,29,14.5
GHAITA,29,45.1
GHOUFRAN,29,10.2
GUIFEN,29,55.9
GUIHUA,29,55.2
HADJAR,29,20.6
HAIXIAO,29,44.6
HANNANE,29,36.1
HARMONY,29,14.4
HELLA,29,40.3
HELLE,29,61.4
HERCULINA,29,78.3
HODEI,29,34.0
HONORINDA,29,76.8
HUILI,29,45.7
HUIYAN,29,29.0
IFARA,29,36.1
IJLAS,29,11.1
ILA,29,12.9
ILLARE,29,9.9
INESE,29,45.2
IRASEMA,29,46.8
IRENEA,29,67.4
ISBEL,29,51.2
ISMAELA,29,68.4
IVETE,29,54.8
IZADORA,29,18.2
JACIRA,29,54.9
JAINABOU,29,26.2
JANIN,29,31.3
JEIDY,29,33.9
JHENNIFER,29,28.8
JINGHUA,29,53.4
JINYUN,29,44.1
JMIAA,29,53.4
JOHARA,29,17.8
JOUHAINA,29,18.8
KAROLAY,29,26.2
KATIBA,29,41.9
KAUTHAR,29,15.6
KEZIA,29,27.3
KIOVA,29,21.3
KUMIKO,29,52.1
LAHBIBA,29,41.8
LAIE,29,32.8
LAKSHMI,29,28.6
LUSIA,29,23.5
MADJIGUENE,29,32.7
MAIDELIS,29,38.0
MAMOONA,29,36.1
MANASSA,29,7.1
MARCAS,29,74.5
MARIDALIA,29,34.9
MARIJANA,29,43.6
MARISE,29,47.3
MARJANA,29,35.1
MARTHINA,29,8.5
MARTIR,29,70.9
MAYELI,29,35.7
MAYSSAM,29,10.3
MEIJUN,29,40.0
MIMOZA,29,47.9
MIMUNTZ,29,66.2
MIROSLAWA,29,54.1
NANETTE,29,49.0
NAYIMA,29,39.6
NERIA,29,47.5
NICUTA,29,53.8
NIDAA,29,16.8
NIZA,29,19.5
NORIA,29,41.0
NORICA,29,51.6
NOUJOUD,29,38.7
OLARIZU,29,26.3
OLYA,29,43.7
OUAHIDA,29,43.3
PARASKEVI,29,38.6
PASQUALINA,29,64.5
PINA,29,30.4
POLLYANNA,29,39.3
PRIMAVERA,29,40.1
QIAOYUN,29,51.1
RACHEAL,29,36.8
RAOUANE,29,13.3
RAYMONDE,29,76.8
REA,29,28.7
RODE,29,37.8
ROQUELINA,29,52.4
SHEIDA,29,29.7
SHELBY,29,12.2
SHIRLY,29,42.9
SHULI,29,45.4
SINDI,29,23.5
SOHA,29,22.6
SOKONA,29,23.1
SOLEY,29,39.6
SOLIMAR,29,43.0
SOUHA,29,26.1
SOULTANA,29,36.1
SUIFEN,29,48.8
SUMI,29,34.2
TAYLA,29,17.3
TAYMI,29,41.5
THOURIA,29,42.5
TRISTANA,29,35.8
VERGINA,29,55.8
VICTORIYA,29,36.1
VIDELINA,29,69.3
VIRNA,29,43.2
WASSA,29,20.4
WIOLETA,29,39.7
XIAOHAN,29,24.3
XINMEI,29,40.1
YASHI,29,16.2
YAYA,29,32.6
YIMING,29,28.5
YISHAN,29,18.9
YOSSELIN,29,27.7
YUDANIA,29,43.3
YUDENIA,29,43.7
YUEQIN,29,47.5
YUHUI,29,30.9
YUJING,29,31.2
YUNYAN,29,40.8
YUSARA,29,30.7
YUSMARY,29,40.9
YUSRAA,29,14.8
ZEHRA,29,51.3
ZHAIRA,29,23.2
ZHIHUA,29,52.7
ZILING,29,20.1
ZINICA,29,57.4
ZURINE,29,36.3
ABEGAIL,28,31.8
ACRACIA,28,87.4
ADJA,28,23.1
ADJI,28,30.2
AFRODITA,28,44.1
AFSANEH,28,53.9
AIRY,28,35.1
AISETU,28,19.1
ALADINA,28,75.1
ALIRIA,28,59.9
AMADEA,28,72.1
AMARJEET,28,43.1
AMINAH,28,16.6
ANXHELA,28,27.7
APARICIA,28,69.0
ARISLEYDA,28,41.7
ARLENIS,28,30.8
ASKOA,28,41.1
ASSUA,28,7.3
BARALIDES,28,71.1
BENISH,28,31.9
BERTINA,28,63.1
BETHSABE,28,40.4
BIYU,28,46.5
BLANDINE,28,43.8
BRIGIT,28,36.6
BRUGUES,28,28.6
CALAMANDA,28,66.6
CAMERON,28,16.7
CANDICE,28,38.2
CAROLYNE,28,36.4
CAÑOSANTOS,28,71.7
CHONA,28,49.0
CHUNYU,28,46.8
CLEIDIANE,28,38.9
CONSTANZE,28,52.3
CORALINE,28,12.3
CORALLI,28,14.6
COSETTE,28,35.7
DAHELIRE,28,16.8
DARIAN,28,23.0
DEIDAMIA,28,55.2
DINAH,28,35.4
DIOUMA,28,29.2
DJAHIDA,28,40.9
EIMAN,28,24.4
ELISHA,28,11.4
ELNAZ,28,33.9
ELSBETH,28,74.9
ENHUI,28,22.9
ESMILCE,28,36.3
ESPINO,28,62.5
ESSAFIA,28,49.5
FLEUR,28,26.9
FRANCIELLE,28,35.8
FREDA,28,44.9
FURONG,28,47.4
GAIZKANE,28,39.5
GEISA,28,43.5
GHEZLANE,28,33.3
GLADIZ,28,47.6
GUIFANG,28,51.3
GUNDO,28,34.2
IASONE,28,40.9
ILIDIA,28,63.0
IOMARA,28,25.6
IRISH,28,28.8
ISET,28,18.0
ISHAL,28,11.9
ISLEM,28,15.1
ITZAE,28,9.3
JANNE,28,46.0
JENEBA,28,16.4
JENNAT,28,12.8
JIANJING,28,41.7
JIANYUN,28,48.8
JINPING,28,47.6
JOINA,28,17.6
JUNYING,28,43.0
KADIJATU,28,18.8
KARUNA,28,26.1
KATHERYNE,28,30.3
KATIANE,28,42.3
KEYLI,28,14.2
KHADIYA,28,33.5
KINDA,28,27.4
KRYSTAL,28,16.5
KRYSTSINA,28,33.0
LATA,28,51.5
LILIET,28,32.3
LIUBOU,28,55.2
LIXIANG,28,44.6
LOUAZNA,28,61.9
LUPITA,28,40.1
LUZDARY,28,52.1
MACEDONIA,28,64.8
MAHAWA,28,21.0
MAISSAA,28,16.6
MARBEL,28,41.6
MARCOS,28,22.5
MARGARA,28,53.6
MARIETTE,28,58.0
MARITXELL,28,38.0
MARIYAMA,28,19.8
MARLUCIA,28,49.0
MASAKO,28,63.0
MAYMOUNA,28,21.9
MAYSSAA,28,12.6
MENTXU,28,53.6
MERCEDITA,28,54.6
MERLINDA,28,56.8
MESALINA,28,44.9
META,28,32.3
MIHO,28,48.6
MUMTAZ,28,54.6
NACIMA,28,43.9
NACIMIENTO,28,71.1
NAIKA,28,31.4
NAILIA,28,48.6
NARDY,28,39.9
NDELLA,28,33.8
NDIOBA,28,29.7
NEFELI,28,12.5
NEFERET,28,11.0
NEIDY,28,40.9
NIAH,28,5.9
NIEDZIELA,28,7.8
NIRMAL,28,54.1
NISREEN,28,19.5
NOURSIN,28,5.2
ODINA,28,52.8
OSARIEMEN,28,36.4
PIETRA,28,15.2
PINKY,28,38.0
PURITY,28,7.3
RAOUA,28,22.4
RAWIA,28,17.2
REYITA,28,56.0
RONCESVALLES,28,56.9
ROSALIN,28,36.8
ROSELL,28,31.0
ROZICA,28,60.3
RUOXIN,28,12.7
SAKSHI,28,27.9
SANIYA,28,39.8
SARGUN,28,6.9
SARJO,28,36.3
SERVILIA,28,77.6
SHAFIA,28,36.8
SHARAI,28,26.4
SHARANJIT,28,37.0
SHAYMAE,28,21.6
SHI,28,33.7
SHISHI,28,22.4
SHUANGMEI,28,45.9
SHULING,28,45.1
SIGNE,28,42.9
SINEM,28,34.5
SISSI,28,38.1
SOHEILA,28,49.1
SOLETAT,28,70.0
SORIBEL,28,32.4
SOULAF,28,20.5
STANISLAWA,28,67.7
SUMBAL,28,28.4
SURY,28,24.1
SVETOSLAVA,28,40.1
SYRINE,28,18.3
TAGLA,28,28.2
TAYNARA,28,24.9
TAYSA,28,22.6
TSVETA,28,48.3
VALDETE,28,55.2
VERENICE,28,32.4
VIKTORYA,28,37.1
WENXUAN,28,18.5
WIEBKE,28,46.8
XIAOQIONG,28,46.7
XINLING,28,24.6
YANAT,28,9.1
YAQOUT,28,3.1
YARI,28,28.3
YASMEN,28,16.8
YENNYFER,28,34.1
YESENIIA,28,10.1
YIDAN,28,31.2
YORLADIS,28,42.4
YRAIDA,28,58.5
YSAURA,28,55.1
YUJIN,28,38.7
ZENAYDA,28,44.9
ZOBEIDA,28,55.1
AATIKA,27,42.6
ADALBERTA,27,69.2
ADRIAN,27,23.5
AIDI,27,39.3
AINNA,27,17.2
AIREN,27,20.4
AITIARA,27,14.2
AKSINIYA,27,48.2
ALAIDE,27,59.8
ALANE,27,22.6
ALCIONE,27,46.8
ALI,27,38.2
ALIMATA,27,29.5
ALOE,27,21.3
AMALYA,27,42.5
ANACLARA,27,26.8
ANAE,27,10.2
ANDALUCIA,27,26.0
ANDREE,27,71.8
ANGI,27,27.6
ANKARA,27,22.8
ANSAR,27,46.8
ANTERA,27,79.1
AOIFE,27,33.1
ARASAY,27,33.9
ARCHANA,27,36.5
ARISLEIDY,27,28.4
ARLETIS,27,33.1
ASHMEET,27,13.1
BETHY,27,48.3
BHAVNA,27,43.4
BIRGITTE,27,61.8
BOLIVIA,27,56.8
BONKA,27,49.8
BOYANA,27,37.3
BRYANA,27,9.4
CAELI,27,3.3
CAPITOLINA,27,75.7
CARMEL,27,43.6
CARMITA,27,58.9
CATINCA,27,59.8
CAUTAR,27,27.0
CELIN,27,17.3
CHARMAINE,27,42.1
CHIRAZ,27,22.2
CHUNXIA,27,47.5
CIBELE,27,41.0
CIRCUNCISION,27,76.1
COLOMBINA,27,71.6
CORIA,27,41.1
CRENGUTA,27,47.9
CRISOSTOMA,27,76.2
CUIFEN,27,52.8
DACE,27,45.4
DANAIS,27,19.4
DANELIA,27,43.6
DANGUOLE,27,57.4
DANIYA,27,31.4
DELSY,27,51.6
DENNY,27,46.9
DIKSHA,27,23.8
DIMITRICHKA,27,53.9
DONIKA,27,44.7
DORTE,27,62.2
EDINALVA,27,52.8
EIHARA,27,7.2
EIHARNE,27,22.6
EIRENE,27,21.1
EMELINDA,27,59.8
EMIKO,27,42.0
ESCARLET,27,23.6
ESMIRNA,27,39.5
ESTELIA,27,58.6
EYA,27,24.9
FENFEN,27,41.7
FERDOUS,27,11.9
FILY,27,30.5
GAIANE,27,46.8
GAYA,27,17.9
GERAXANE,27,35.6
GETARI,27,15.8
GIUDITTA,27,43.5
GLYNIS,27,69.4
GUIAYARA,27,29.7
GWENDOLYNE,27,35.1
HADDY,27,35.0
HANYU,27,22.1
HARUKA,27,28.9
HELIDA,27,56.8
HERACLIA,27,76.9
IAMZE,27,52.3
IASMIN,27,20.3
IDELINA,27,71.5
IHART,27,15.1
IRANE,27,12.3
IRSHAD,27,54.6
ISLENY,27,44.4
ISRAT,27,28.1
IYA,27,41.6
JACOBINA,27,61.0
JANIA,27,32.1
JEANNETH,27,49.8
JENELYN,27,39.3
JENNI,27,37.1
JODIE,27,37.4
KAMALPREET,27,28.4
KAYA,27,15.5
KELI,27,37.5
KETINO,27,47.9
KEYSI,27,17.9
KHADEJA,27,24.0
KIKA,27,18.4
KORAYMA,27,17.0
LADISLADA,27,79.9
LARIZA,27,31.8
LEIDIANA,27,38.3
LEONICE,27,51.1
LEQI,27,12.0
LORCA,27,13.5
LORRAYNE,27,24.9
LUCIJA,27,36.9
LYANA,27,13.8
MAINA,27,29.8
MALLERLY,27,32.4
MALUMA,27,37.4
MAME,27,27.8
MAMI,27,39.4
MAREKHI,27,43.2
MARELIS,27,45.8
MARINKA,27,55.9
MARUSYA,27,50.1
MAYDELIS,27,43.1
MENGYING,27,26.5
MINGHUI,27,32.5
MINNA,27,23.1
MIRIEM,27,30.0
MIRZA,27,47.9
MOJGAN,27,52.4
MONTESION,27,72.4
MORAYMA,27,46.7
MORUENA,27,40.6
MYRIEM,27,34.0
NAEMA,27,44.5
NATHALYA,27,26.9
NATIJA,27,42.1
NDACK,27,37.1
NEIZA,27,33.7
NELBA,27,39.6
NERIS,27,50.4
NIMA,27,19.1
NUMA,27,24.9
OMEIMA,27,20.9
OUIJDAN,27,19.6
PAYAL,27,35.6
PIERANGELA,27,46.7
POPPY,27,16.3
PROFIRA,27,59.9
QIAOLI,27,42.9
QIUMEI,27,50.5
QIUYING,27,53.5
RAFIF,27,13.2
REMAS,27,4.8
RIFAT,27,48.7
RITAGE,27,7.0
RONGFEN,27,53.2
ROUAYA,27,8.7
ROZALIYA,27,49.5
RUIXIN,27,13.8
SAMRAE,27,30.2
SEMIRAMIS,27,41.9
SERENELLA,27,49.6
SESILI,27,10.9
SHULAN,27,55.5
SOLMIRA,27,75.5
SORANYI,27,33.6
SOUKEYE,27,31.6
SUIMEI,27,53.2
SUJUD,27,3.9
SUKHPREET,27,23.3
SUMISA,27,61.1
SURAYA,27,25.0
TASSADIT,27,48.3
TERENCIA,27,77.1
TEXENERI,27,32.9
THAMIRES,27,31.3
THAYRA,27,13.8
TOMA,27,34.4
TSITSINO,27,58.7
URA,27,10.5
VAIVA,27,38.1
VELINA,27,41.4
WEIJUAN,27,46.4
WHITNEY,27,23.6
XIAOQI,27,32.1
XIAOQIAN,27,27.8
XINGYI,27,19.9
XINWEI,27,29.8
XOCHITL,27,46.9
XUBANE,27,16.0
XUEJIAO,27,42.6
XUELIAN,27,46.1
YAKIN,27,6.2
YAMARA,27,29.6
YANFENG,27,42.1
YATTO,27,49.4
YERENA,27,24.7
YERMA,27,32.4
YIJIA,27,21.2
YINGJIE,27,36.5
YOHANKA,27,48.3
YONGHONG,27,52.4
YURINA,27,41.2
YUSTYNA,27,26.5
ZAHRAA,27,22.6
ZAHRAE,27,31.8
ZARUHI,27,40.9
ZIMO,27,11.4
ZIRA,27,17.0
ZOITA,27,63.2
AARTI,26,37.1
ADELINDA,26,65.3
AHATA,26,12.2
AHIMARA,26,16.7
AIGERIM,26,33.1
AILISH,26,10.1
AINERE,26,16.1
AIZETI,26,22.0
ALABAMA,26,14.3
ALFIIA,26,47.8
AMELA,26,32.8
ANAIA,26,12.9
ANEESA,26,24.2
ANIQA,26,26.8
ANNEMIEKE,26,60.6
ANURADHA,26,38.1
ANUREET,26,11.0
ANYARA,26,18.3
ANZHALIKA,26,46.3
ARACELIA,26,62.2
ARAMA,26,26.9
ARSHIA,26,19.3
ARYAM,26,4.5
ARZU,26,37.8
ASISA,26,31.5
ATSEGIÑE,26,39.5
AZHARA,26,21.2
BALBANERA,26,74.5
BAMBY,26,28.6
BEGA,26,15.8
BERTILIA,26,55.3
BIMALA,26,36.2
BUSRA,26,28.2
CACILDA,26,58.1
CARLY,26,30.4
CHADYA,26,35.7
CHANDRA,26,47.4
CLER,26,6.7
CUIZHU,26,57.3
DAHIANNA,26,24.3
DAINERYS,26,31.3
DALINA,26,40.8
DANI,26,23.2
DAOUYA,26,55.2
DARAMA,26,13.2
DAYSE,26,45.3
DELMY,26,39.5
DIJANA,26,45.8
DILEK,26,34.3
DIMKA,26,46.7
DONACIANA,26,81.7
DORALINA,26,69.3
DURLEY,26,48.3
ELIANET,26,26.9
ELIMAR,26,34.7
ENI,26,46.5
ERIKO,26,49.6
EROTIDA,26,72.0
ESTRELLITA,26,42.7
ETER,26,45.8
EUFRONIA,26,59.0
FELICINDA,26,71.6
FILO,26,66.5
FIZZA,26,20.8
GENA,26,48.3
GIANA,26,13.6
GICUTA,26,48.8
GONZALINA,26,69.2
GRAZIELE,26,35.7
GREICY,26,35.0
GUIMEI,26,51.1
GUIZHEN,26,53.5
GURNEET,26,7.2
HARNOOR,26,10.3
HARWINDER,26,42.4
HASSANATOU,26,27.3
HASTI,26,23.4
HUGUETTE,26,74.2
IBET,26,24.0
IJJOU,26,47.7
INAYAT,26,25.5
INGER,26,66.8
IRIOME,26,28.5
ISLENA,26,49.6
IZZANA,26,44.9
JACKIE,26,44.7
JAHIDA,26,38.7
JANKEY,26,43.8
JEHAN,26,28.2
JEIMMY,26,35.0
JEVGENIJA,26,45.0
JIAHE,26,13.7
JIARONG,26,27.8
JINA,26,33.0
JINE,26,57.9
JOVANKA,26,51.5
JUNMEI,26,50.2
KABA,26,27.7
KADI,26,24.0
KAJA,26,28.5
KATINA,26,42.3
KERENA,26,27.8
KEYNA,26,20.4
KIRTI,26,30.3
LAYS,26,27.0
LEILIANE,26,37.8
LENDA,26,25.1
LERMA,26,47.7
LICA,26,54.9
LILIANNA,26,29.7
LIMING,26,47.6
LINGMIAO,26,34.7
LINGWEI,26,32.9
LIQIONG,26,44.2
LUCITANIA,26,46.1
LUISIANA,26,21.1
MADISSON,26,7.1
MAGALLY,26,44.9
MARBELY,26,41.7
MARCIONILA,26,78.4
MARELY,26,41.5
MARINETTE,26,40.2
MARINICA,26,52.3
MARYCARMEN,26,34.0
MARYLINE,26,49.5
MAYLI,26,19.6
MEDA,26,26.7
MELTEM,26,32.4
MENGHAN,26,11.2
MENGJIE,26,25.3
MILOUDIA,26,58.6
MINATU,26,20.3
MINGZHU,26,47.2
MIRELLE,26,36.8
MIRLA,26,46.5
MO,26,24.9
MONIRA,26,31.2
MONYA,26,31.8
NAHIRA,26,12.6
NAJUA,26,24.0
NATSUMI,26,32.6
NAVEELA,26,41.7
NAYARET,26,18.8
NAYSHA,26,8.3
NECULINA,26,64.4
NERIMAN,26,34.7
NICAURIS,26,33.8
NICO,26,12.8
NOLWENN,26,26.5
OILDA,26,56.1
ORALIA,26,52.7
OUMELKHEIR,26,51.4
PATRISIA,26,17.4
PETIA,26,41.6
QIUXIA,26,42.7
QIUYUN,26,49.8
RADIYA,26,27.7
RAIANE,26,31.2
RAOUYA,26,22.5
RAYDA,26,49.5
RITIKA,26,27.0
RONJA,26,17.6
ROSINEIDE,26,47.9
ROSSI,26,41.2
ROSSIO,26,37.6
ROUKAYA,26,23.9
ROUMAISA,26,13.2
ROUSE,26,6.2
RUBA,26,35.7
RUFAIDA,26,8.6
RUOXUAN,26,13.9
SAMARITANA,26,18.5
SANJIDA,26,28.7
SATINDER,26,40.4
SAURA,26,47.4
SCHEHERAZADE,26,37.3
SEMRA,26,34.5
SEREN,26,10.6
SHAOQIN,26,48.9
SHREYA,26,26.2
SHUJING,26,37.5
SIGA,26,27.1
SILDA,26,59.9
SILENIA,26,41.6
SIMANE,26,10.3
SIMY,26,63.8
SIUZANNA,26,30.4
SORANY,26,45.5
SOUDIA,26,58.9
SUIHONG,26,55.0
SUIHUA,26,57.3
SUKHDEEP,26,31.2
SUKHMANPREET,26,14.0
SULAYMA,26,12.4
TALYA,26,23.2
TASLIMA,26,36.2
TAYYBA,26,28.9
THAILA,26,14.6
TRIJNTJE,26,72.1
TRISHA,26,20.7
UAFA,26,31.1
UARDA,26,34.8
UMAYMA,26,18.6
VIORIKA,26,54.0
WANYI,26,22.1
WENQIAN,26,23.6
WILFRIDA,26,55.5
XIANGYUN,26,49.7
XIANLI,26,46.6
XIAOLU,26,36.7
XIAOMENG,26,32.0
XIAOYANG,26,39.3
XINYUN,26,20.3
XUEFEI,26,40.8
XUEFENG,26,47.3
XUMIAO,26,32.7
XUYING,26,41.8
YALIN,26,27.9
YANITSA,26,27.8
YASMA,26,33.6
YAZZA,26,51.3
YDAIRA,26,17.7
YIHUA,26,44.3
YIXIAO,26,23.2
YOLI,26,27.3
YOUMNA,26,15.2
YRAMA,26,31.3
YSIDORA,26,63.7
YSOLINA,26,67.8
YUDERKA,26,45.1
YUKARI,26,44.4
ZAARA,26,22.2
ZENAIDE,26,54.2
ZHE,26,38.4
ZHIHONG,26,51.4
ZIVA,26,23.3
ZOCUECA,26,64.5
ZUTOIA,26,39.0
ADIANEZ,25,34.5
AGURTXANE,25,44.7
AICHE,25,38.4
AIFENG,25,53.9
AIJUN,25,54.5
AJA,25,35.5
ALIAH,25,12.9
ALOA,25,32.1
ALYSHA,25,12.1
AMADINA,25,76.8
AMRIT,25,21.6
ANAHID,25,38.0
ANALISA,25,39.0
ANALIZ,25,28.3
ANAMARY,25,33.9
ANAMIKA,25,30.6
ANIRIA,25,34.5
ANKITA,25,25.2
ANNABELL,25,39.7
ANNALIE,25,34.6
ANSAM,25,9.7
ANSATOU,25,32.4
ANUSHA,25,29.4
ANY,25,27.4
ANZHELINA,25,36.6
ARIANY,25,29.3
ARIBA,25,16.6
ARISLEIDA,25,37.3
ARIÑE,25,31.6
ARRITXU,25,33.9
ARTI,25,38.5
ASHIA,25,9.9
ASLHEY,25,13.4
AVIGAIL,25,27.4
AZAR,25,41.3
BANI,25,17.6
BASSIMA,25,36.2
BENERANDA,25,67.6
BRUGUERS,25,20.2
BRUNNA,25,27.5
CARRIE,25,38.5
CHAN,25,41.1
CHENYU,25,20.3
CHUNXIAO,25,44.1
CLEIA,25,42.8
COCA,25,55.5
COMBA,25,21.1
CORDELIA,25,36.0
DANNAE,25,8.3
DAYAMIS,25,41.7
DEGUENE,25,37.4
DENIZE,25,44.9
DONVINA,25,77.6
DOUNIYA,25,28.1
DYANA,25,25.6
EDELMA,25,58.3
EIKO,25,35.9
EKTA,25,33.4
ELEANA,25,44.1
ELYANA,25,19.7
EMEL,25,27.6
EMIRA,25,32.6
ERESVITA,25,76.7
EVELI,25,39.5
FATTOUM,25,56.2
FENGJUAN,25,52.1
FRANCEDY,25,48.1
FRATERNIDAD,25,86.7
FREDESWINDA,25,73.9
GABRIELY,25,18.0
GAELA,25,9.9
GENOVEBA,25,62.7
GHIORGHITA,25,58.5
GIHAN,25,22.2
GLORIANA,25,35.2
GODA,25,23.1
GORGONIA,25,74.1
GRAZIELLE,25,35.5
GUIXIANG,25,59.3
HAPPINESS,25,31.7
HASSATOU,25,24.3
HAYKANUSH,25,51.1
HEENA,25,35.9
HERMITA,25,72.9
HILAL,25,35.3
HOUSSNIA,25,41.9
HUIYI,25,19.7
HUMNA,25,11.7
IDUNA,25,11.4
IGNASIA,25,74.6
INHAR,25,14.0
IORDANA,25,51.7
IREMA,25,25.6
ISILDA,25,64.6
JAIMINA,25,74.2
JAWAHIR,25,24.2
JINXIANG,25,50.2
JOLIE,25,18.7
JORDAN,25,19.1
JOSEFINE,25,46.9
JUCELIA,25,48.9
JUNJUN,25,34.9
JUNMIAO,25,29.7
KANI,25,17.4
KANTA,25,68.8
KARMA,25,30.8
KATHARINE,25,47.5
KATTIA,25,46.9
KHNATA,25,59.3
KITTY,25,51.5
KRISTA,25,40.8
LAIZA,25,26.7
LEDYS,25,49.1
LEIGH,25,48.0
LEIVA,25,13.3
LEYVA,25,22.8
LIENE,25,34.3
LIJIN,25,45.1
LILLI,25,48.1
LINDALVA,25,52.1
LINDELIA,25,53.3
LIOUBOV,25,64.8
LISS,25,13.5
LIYANA,25,13.5
LUIGINA,25,52.3
LUKA,25,18.4
MADDIE,25,6.6
MADDISON,25,7.0
MAGDALA,25,30.8
MAGOLA,25,58.1
MAHWISH,25,36.5
MAISIE,25,25.3
MALOU,25,19.5
MANDANA,25,45.8
MARIEMMA,25,49.2
MARINEIDE,25,49.7
MARJORY,25,46.8
MARLENYS,25,48.7
MAYLIS,25,21.7
MBATHIO,25,28.3
MEILIAN,25,49.7
MENA,25,35.5
MENGXIN,25,24.1
MERLE,25,46.6
MINI,25,42.9
MINMIN,25,33.6
MIRABEL,25,11.9
MIREILLA,25,31.9
MISSEL,25,11.0
MONALIZA,25,38.3
MORELLA,25,46.2
MUNIRA,25,27.5
NARGIZ,25,37.5
NASHLY,25,8.8
NASRINE,25,32.7
NASTACA,25,52.7
NIKE,25,23.2
NILOUFAR,25,37.3
NIM,25,8.8
NITSA,25,10.8
NOLBERTA,25,59.6
NORY,25,58.2
NOUSSAYBA,25,14.7
NUNILON,25,68.9
ONNA,25,9.8
OPHELIE,25,33.7
ORFELIA,25,67.7
OUMHANI,25,49.4
PADMA,25,51.0
PAULICA,25,56.7
PEILING,25,37.7
PROMISE,25,23.9
QINGXIA,25,36.3
RABEYA,25,33.1
RAIMA,25,23.5
RETAL,25,4.0
ROSANGELICA,25,30.1
RUIYAN,25,25.5
SAFTICA,25,57.3
SANATA,25,25.0
SATOMI,25,45.5
SAYAKA,25,41.8
SAYONARA,25,47.4
SEHER,25,26.3
SEVIL,25,39.3
SHAOYING,25,47.6
SHUQI,25,19.8
SHUXIAN,25,37.2
SHUYA,25,16.6
SOHRA,25,45.1
STOYKA,25,61.9
SUMARA,25,37.4
SUNDOS,25,11.9
SURIÑE,25,30.2
SUYAY,25,15.3
SUZANE,25,40.1
SWATI,25,30.0
SYRIA,25,13.3
TABARA,25,31.4
TABITHA,25,26.8
TAILA,25,29.9
TANTICA,25,47.7
THALYA,25,17.6
THOURIYA,25,32.1
TIANXIN,25,12.3
TIRMA,25,34.4
TODORA,25,57.8
TRIFINA,25,72.9
URITZ,25,20.5
VASILINA,25,35.0
VATIMETOU,25,35.3
VIANKA,25,25.3
WEIPING,25,46.9
WENHUA,25,51.8
WISSAME,25,24.9
XAIRA,25,19.4
XIANFEN,25,47.9
XIUQING,25,49.2
XIUXIA,25,49.7
YAGMUR,25,24.7
YAHEL,25,27.6
YAINE,25,37.7
YALENA,25,24.8
YANISBEL,25,40.9
YANISLEYDIS,25,37.2
YANXIN,25,16.1
YEIZA,25,30.1
YELENIS,25,34.5
YESHICA,25,40.0
YEVDOKIYA,25,67.3
YINGMEI,25,48.9
YIREN,25,10.1
YOANI,25,37.1
YOCELIN,25,38.6
YOJANA,25,37.5
YORLENY,25,37.3
YOVKA,25,61.1
YULEIDIS,25,40.3
YUMIKO,25,51.7
YURIA,25,23.6
ZAHYRA,25,21.6
ZINOVIA,25,63.5
ZINOVIYA,25,62.1
ZOJA,25,31.2
ZULEYHA,25,4.9
ADELMA,24,61.9
AGEDA,24,53.2
AISHAH,24,21.0
AIYAN,24,49.2
AIYUE,24,53.8
AKRAM,24,50.8
ALBANY,24,32.8
ALEDIS,24,8.1
ALEJANDRIA,24,49.7
ALICA,24,35.0
ALYANA,24,5.3
AMINAT,24,39.0
ANAELLE,24,18.6
ANINA,24,39.7
ARAY,24,31.0
AREIA,24,8.5
ARIANNI,24,34.4
ARMELLE,24,48.5
ARSELA,24,59.4
ASCENCION,24,72.8
ASHLYN,24,11.4
AUDELIA,24,68.1
AYAAT,24,6.8
AYGUL,24,42.2
AZITA,24,52.5
BABITA,24,40.1
BARBARITA,24,57.9
BEENISH,24,33.5
BENAYGA,24,40.0
BEYONCE,24,15.1
BI,24,41.3
BLERINA,24,38.6
BONAVENTURA,24,72.2
CATALEIA,24,5.0
CENELIA,24,60.1
CHANNEL,24,12.0
CHANTELLE,24,31.2
CHAO,24,41.3
CHARI,24,40.1
CHEYLA,24,24.4
CHRIS,24,39.0
CIRE,24,21.4
CLAUDIANE,24,39.7
CONNY,24,50.5
CONSAGRACION,24,72.4
CUIE,24,59.4
DANAYA,24,13.3
DANAYS,24,37.0
DARNELLY,24,48.7
DEINA,24,18.9
DILPREET,24,25.1
DIOSINDA,24,70.2
DULZURA,24,76.0
DYNA,24,25.6
EIREN,24,9.9
ELISIA,24,51.7
ELS,24,51.9
EMILYN,24,32.0
ENERIETH,24,49.4
ENERIZ,24,39.8
ENXI,24,8.2
ESMILDA,24,45.9
EXCELSA,24,75.4
FATIMAH,24,17.6
FATMATA,24,35.7
FEDWA,24,29.6
FELIZA,24,58.8
FENGHUA,24,58.3
FIAMMETTA,24,38.5
FIORENZA,24,49.3
GADA,24,32.3
GENY,24,54.8
GERGINA,24,59.8
GERTRAUD,24,76.9
GHAZALEH,24,37.0
GNAGNA,24,33.2
GRISSEL,24,37.1
GUAXARA,24,30.0
GUIPING,24,49.0
GUOMEI,24,56.6
HADRIA,24,46.2
HAIE,24,59.1
HANINE,24,16.3
HARIA,24,16.0
HAVA,24,38.8
HEILY,24,18.9
HELMA,24,47.0
HENIA,24,56.4
HIFSA,24,19.6
HOLGA,24,53.8
HONGLING,24,44.6
HUIWEN,24,27.4
HUIYU,24,33.9
IDALBA,24,56.9
IDIATOU,24,26.8
IDILIA,24,70.1
IDUN,24,7.3
IEDA,24,55.7
ILLANA,24,30.8
INTI,24,16.0
IREIDE,24,37.7
IRINI,24,29.8
IRURI,24,20.6
ISACIA,24,78.4
ISIL,24,25.6
IVANILDE,24,53.5
IVAYLA,24,23.1
JACIARA,24,44.5
JACKELINNE,24,42.8
JASVINDER,24,43.1
JERALDINE,24,29.0
JERICA,24,30.9
JIANE,24,55.5
JIANFANG,24,46.9
JIAWEI,24,26.0
JINFEN,24,47.8
JINGRU,24,31.6
JINWEI,24,48.0
JUE,24,47.0
KALEY,24,12.0
KARELY,24,24.4
KAYLEIGH,24,27.3
KEIDY,24,20.5
KELSEY,24,18.5
KHALIFA,24,38.3
KHAULA,24,15.5
KHAYRA,24,33.5
KORNELIJA,24,28.8
LANFANG,24,50.1
LAURENTA,24,53.2
LEDY,24,50.4
LIANLIAN,24,45.8
LIANYING,24,56.7
LIGA,24,41.8
LIGAYA,24,56.5
LILAS,24,15.8
LINYING,24,53.7
LISNEY,24,33.6
LIZZETH,24,30.7
LIZZY,24,25.5
LLIVIA,24,19.8
LOJAYN,24,7.3
LUNNA,24,8.3
MADEEHA,24,30.8
MAHI,24,9.4
MAIDE,24,38.0
MAJLINDA,24,42.8
MAKKA,24,36.0
MANILYN,24,35.3
MANJOT,24,21.7
MANZOOR,24,62.9
MARIAMOU,24,20.4
MARIAROSARIA,24,45.6
MARIJE,24,52.8
MARILIS,24,48.8
MARJA,24,58.9
MARO,24,41.5
MAROI,24,16.1
MARYCRUZ,24,34.4
MEISSA,24,11.8
MELY,24,50.0
MENGYUAN,24,22.9
MHAIJIBA,24,48.8
MICAL,24,19.6
MILAY,24,44.3
MILIENA,24,13.4
MILLERLADY,24,43.5
MILLERLAY,24,42.5
MINHUI,24,32.0
MIRIEL,24,23.6
MISEL,24,14.2
MUSSARAT,24,49.7
NACHA,24,27.0
NAFY,24,27.0
NAIDELYN,24,14.4
NAIKARE,24,21.8
NAOIL,24,38.8
NARIMENE,24,28.9
NAYELIN,24,18.0
NAYIVE,24,43.4
NESKUTZ,24,51.2
NIEVA,24,36.9
NILOOFAR,24,38.3
NINGNING,24,33.3
ODELINDA,24,72.8
OLENKA,24,33.7
OLESJA,24,41.0
OLTITA,24,53.3
OPHELIA,24,28.0
PARVANEH,24,53.9
PAVLINKA,24,59.2
PELIN,24,30.9
PHYLLIS,24,68.5
PIADOSA,24,78.2
PURISIMA,24,64.3
QINGMEI,24,53.7
QIULI,24,49.5
RAFIAA,24,46.1
RAGHDA,24,29.2
RAMATOULIE,24,29.4
RAYZA,24,34.2
REBEKAH,24,23.2
REM,24,11.0
RHODORA,24,52.4
ROUMAYSA,24,10.3
ROUMAYSAE,24,14.8
RUIYU,24,35.4
SADY,24,41.7
SAINA,24,20.4
SAMJHANA,24,30.3
SARI,24,41.0
SEFERINA,24,57.0
SENOVIA,24,52.4
SEVIM,24,44.9
SHAMEEM,24,49.7
SHAMIMA,24,33.0
SHIELA,24,40.2
SHILPA,24,34.8
SHUHONG,24,52.7
SHUO,24,35.7
SHUYUN,24,48.2
SICA,24,53.3
SIMI,24,54.0
SINAITA,24,71.5
SINZIANA,24,46.8
SIRI,24,38.3
SKY,24,7.1
SORIA,24,40.1
STANICA,24,52.1
STEPHANE,24,33.0
SUCEL,24,41.1
SUIJU,24,58.6
SUJATA,24,32.3
SYLIA,24,10.8
TAHEREH,24,55.0
TAHIA,24,23.4
TAHREEM,24,15.2
TAJA,24,50.3
TAL,24,37.8
TALAT,24,43.3
TALI,24,28.8
TAYANA,24,30.5
TEOTISTA,24,77.5
TESA,24,17.1
TIGIST,24,19.0
VENEZIA,24,11.8
VICKI,24,55.8
VICTOIRE,24,24.1
VICTORA,24,72.9
VIKA,24,23.8
VLASTA,24,45.3
WAYRA,24,12.0
WENQIN,24,44.1
WENYI,24,30.8
WENYU,24,35.2
WINIFRED,24,54.5
XINCHEN,24,11.9
XINJIE,24,27.2
XIUE,24,56.1
XIUMIN,24,51.4
XIWEN,24,15.9
XUEYU,24,48.5
YAFREISY,24,26.4
YAIRIS,24,37.8
YALDA,24,29.9
YANNET,24,34.0
YARIXA,24,23.0
YELISA,24,33.8
YINGHUI,24,31.2
YIQIAN,24,20.2
YIRUI,24,19.1
YONGHUA,24,57.5
YUDEISY,24,33.8
YUEFEN,24,52.4
YUJIAO,24,44.5
YUNHUA,24,49.5
YUYUN,24,53.0
ZHULIETA,24,41.4
ZIHUI,24,18.6
ZLATINA,24,39.9
AAIRA,23,4.9
ADANA,23,11.2
AFSHEEN,23,35.1
AGAFIA,23,57.3
AITARA,23,20.7
AIXIANG,23,56.0
AKLIMA,23,35.1
ALARA,23,11.6
ALEIDIS,23,41.2
ALESHA,23,11.5
ALIRA,23,13.9
ALISE,23,24.3
AMAI,23,25.5
AMANA,23,19.2
AMBRE,23,21.8
ANAN,23,26.1
ANAYELI,23,25.0
ANICIA,23,56.5
ANNALYN,23,41.0
ANNARITA,23,40.0
ANNERIS,23,33.9
ANUSHKA,23,34.2
ARGEMIRA,23,71.6
ARIADNI,23,14.2
ARIADNNA,23,16.2
ARLENA,23,31.5
ARLENYS,23,25.2
ARLETYS,23,33.9
ARSHDEEP,23,23.3
ASHANTI,23,7.5
ASRA,23,17.9
AUDE,23,40.0
AUNITZ,23,11.8
BABETTE,23,39.4
BAIBA,23,45.7
BALDESCA,23,32.7
BELIT,23,18.6
BIHUA,23,50.2
BISILA,23,21.2
BOUCHARA,23,36.6
BOZHIDARA,23,25.6
CAIWEI,23,44.8
CARA,23,28.7
CATHALEYA,23,4.5
CATRIN,23,45.2
CHAALA,23,50.8
CHIOMA,23,18.7
CHUNXIANG,23,58.8
CIRIA,23,53.4
CRISTIAN,23,36.4
DALGIS,23,52.5
DALLANA,23,28.8
DELMIS,23,46.9
DIAMA,23,22.8
DIBA,23,24.0
DOLMA,23,33.8
DORALIS,23,46.6
DRAGUTA,23,53.1
DULIA,23,45.6
EDIVANIA,23,42.1
EGIARTE,23,41.2
EGUZKI,23,31.5
ELCIDA,23,55.8
ELISETE,23,51.3
ELLE,23,19.8
EMBARCALINA,23,37.3
EMELIN,23,22.3
EMILDA,23,51.8
ENAYA,23,5.3
ENEMESIA,23,75.3
ENQI,23,14.0
EVORA,23,27.3
EYLIN,23,19.8
FAIQA,23,23.7
FENGXIA,23,51.6
FETHIA,23,43.7
FIDAA,23,14.0
FOUZYA,23,37.1
FRUSINA,23,58.9
FTIMOU,23,67.7
GABRIEL,23,29.3
GALIYA,23,49.2
GERALDINNE,23,25.0
GERALDYN,23,25.3
GISELDA,23,55.5
GLENDY,23,37.2
GUL,23,38.9
HAOUA,23,32.9
HAQUIMA,23,47.2
HENNY,23,59.6
HERICA,23,39.8
HEROINA,23,68.5
HMAMA,23,58.1
HONGWEI,23,52.4
HOUSSAINATOU,23,29.2
HUMAIMA,23,23.4
HUMAYRA,23,6.6
IKRAN,23,29.5
INDYRA,23,10.5
IQBAL,23,48.0
IRANI,23,53.0
ISLAME,23,19.7
ISRAH,23,12.8
IVANEIDE,23,50.1
IVANICHKA,23,45.0
JADA,23,8.8
JANETA,23,58.6
JASMINKA,23,53.1
JELIZAVETA,23,26.7
JENINA,23,40.7
JERUSA,23,45.8
JINLAN,23,49.5
JOSELIA,23,49.2
JULA,23,29.2
JULIANNE,23,34.2
JUNHONG,23,45.4
KAMILYA,23,30.5
KAROLAYN,23,17.9
KASSIA,23,26.3
KEISI,23,15.2
KHADIDIA,23,16.2
KHADOUJA,23,55.0
KINA,23,40.0
KLEA,23,15.5
KRIZIA,23,34.7
LAMARA,23,59.8
LARIN,23,3.8
LEIANE,23,12.6
LEONI,23,24.0
LESLI,23,29.6
LESVIA,23,52.4
LETTY,23,39.4
LIANGFEN,23,48.3
LIAT,23,35.0
LIE,23,54.4
LIESBETH,23,46.6
LILIJA,23,55.5
LINNET,23,29.4
LISARDA,23,61.7
LIZICA,23,54.3
LLUCH,23,25.1
LORINA,23,32.4
LOVELEEN,23,18.8
LUCENY,23,52.1
LUPICINA,23,78.0
LUSIANA,23,25.5
MAIJA,23,34.8
MAJDOULIN,23,19.2
MALIN,23,21.6
MANDITA,23,61.5
MANKIRAT,23,7.2
MAORE,23,14.4
MARAAM,23,12.1
MARFA,23,33.3
MARIAELENA,23,36.7
MARIALUISA,23,44.4
MARIANITA,23,50.1
MARIBI,23,60.2
MARIELISA,23,36.2
MARISLEIDY,23,34.2
MARIUSKA,23,45.2
MARIYAMU,23,18.2
MASAMI,23,45.1
MAYTANE,23,24.1
MEBARKA,23,46.2
MELIKE,23,33.9
MERIEN,23,35.8
MICHALINA,23,27.0
MICHELI,23,35.8
MILDRE,23,44.9
MINGYU,23,32.1
MINYING,23,56.3
MIRAAL,23,2.0
MITKA,23,50.6
MONSERRATA,23,77.4
MOREYBA,23,36.3
MUNAZA,23,45.5
MURTA,23,16.4
MYRYAM,23,36.5
NAFI,23,26.5
NAHYARA,23,14.8
NANSY,23,40.2
NARAYA,23,15.5
NARCIZA,23,52.0
NARMIN,23,25.9
NATA,23,33.1
NAYARETH,23,7.3
NAYARIT,23,25.5
NAYIBI,23,43.0
NAZAH,23,27.4
NEDKA,23,51.8
NEITH,23,18.8
NGUYEN,23,32.6
NIHED,23,21.8
NISSA,23,35.2
NOGA,23,20.1
NOUNOUT,23,72.2
OLGUITA,23,73.8
ONDIZ,23,30.4
OROFILA,23,78.9
PACIFICA,23,70.6
PAKIZA,23,18.2
PEIFEN,23,45.9
PHILOMINA,23,47.2
PIEDADES,23,55.5
RACQUEL,23,42.8
RAJVINDER,23,42.0
RAWAE,23,7.4
RAYANNE,23,30.1
REVECA,23,40.7
RIHABE,23,19.4
ROJINA,23,26.9
ROLANDA,23,62.0
ROUGUI,23,29.5
SABREN,23,16.8
SALESA,23,66.0
SALIMATU,23,23.7
SALLA,23,28.3
SAMANEH,23,40.4
SAMARITA,23,64.5
SAONA,23,8.2
SAROA,23,24.3
SAVA,23,58.2
SEIDA,23,42.8
SHAHZADI,23,38.8
SHRUTI,23,26.1
SHUWEI,23,43.5
SINESIA,23,72.5
SIVAN,23,35.7
SOLEIL,23,11.1
SOLENE,23,25.6
SOLITA,23,76.2
SORAYMA,23,8.4
SUKHJINDER,23,38.2
SULEIDY,23,36.8
SUN,23,39.9
SUNA,23,23.7
TAIMY,23,43.0
TAJ,23,52.7
TEKBER,23,24.4
TESSIE,23,49.1
THAYLA,23,14.8
TIANYI,23,24.8
TOOBA,23,22.3
TORAYA,23,37.5
TSETSA,23,59.4
TUDORINA,23,56.6
ULFAT,23,40.1
VANSHIKA,23,16.9
WEDAD,23,25.7
WENQING,23,33.0
WENYA,23,25.5
WILLOW,23,8.3
WILMARY,23,28.6
XAVIERA,23,34.6
XIAOYE,23,43.5
XINDI,23,14.3
XINGYUE,23,15.9
YAELA,23,17.5
YAHUI,23,23.8
YANRU,23,33.7
YANYING,23,43.0
YARETH,23,8.0
YASNAY,23,42.0
YATTOU,23,51.7
YENAI,23,32.8
YENEIRA,23,25.7
YENNIS,23,41.0
YERAI,23,30.6
YINGXIN,23,23.2
YINI,23,26.0
YIQING,23,22.1
YIRA,23,31.1
YIYAN,23,25.2
YIYAO,23,15.5
YOLY,23,46.7
YULEIDYS,23,42.5
YUMENG,23,16.5
YUMO,23,6.6
YURIKO,23,34.3
YUXIANG,23,54.2
ZARAI,23,31.8
ZARQA,23,34.2
ZAYNA,23,13.8
ZISHAN,23,17.0
ZIWEI,23,20.1
ZORA,23,49.8
ZSUZSA,23,44.6
ACHOUAK,22,26.4
ADIA,22,24.3
ADONAY,22,36.0
ADRA,22,25.0
AELITA,22,39.0
AIMI,22,12.8
AINARE,22,35.7
ALDJIA,22,53.1
ALHAMBRA,22,16.0
ALIIA,22,38.3
ALORA,22,26.9
AMARIA,22,41.3
ANDINA,22,26.8
ANELISE,22,35.8
ANELYS,22,33.8
ANHARA,22,28.4
ANJELA,22,43.7
ARCENIA,22,52.7
ARIAGNA,22,35.2
ARIAM,22,16.9
ARIELLA,22,12.5
ASSALA,22,20.9
ASTER,22,32.5
ATENERI,22,20.4
ATLANTA,22,23.9
AUA,22,30.7
AYANNA,22,5.8
AYMAR,22,15.5
AYTHAMI,22,37.4
AZAM,22,54.2
BARAN,22,18.8
BARTOLOMEA,22,79.8
BEENA,22,50.9
BELLANID,22,53.5
BETI,22,40.5
BETISA,22,49.1
BIRGITTA,22,69.3
BRIANNY,22,8.7
BRIHANA,22,6.1
CATHRINE,22,46.7
CHAVELI,22,27.8
CHIE,22,44.1
CHIRINE,22,27.9
CHRYSOULA,22,40.2
CINDA,22,51.5
COINTA,22,66.7
COLOMBA,22,35.5
COSTELA,22,45.6
COSTINELA,22,44.0
CUILI,22,51.1
DAFNA,22,37.5
DAIMI,22,41.0
DALMACIA,22,75.8
DARLENY,22,31.1
DAYNERIS,22,37.5
DEDICACION,22,77.6
DEJANIRA,22,28.8
DELIRIO,22,78.4
DESSISLAVA,22,42.2
DHUHA,22,16.1
DILIANA,22,36.6
DJAZIA,22,41.0
DONG,22,44.1
DONGDONG,22,34.9
DORALIA,22,70.8
DORALICIA,22,44.2
DOROTTYA,22,33.3
DUAE,22,13.5
DZIYANA,22,26.4
ELGHALIA,22,32.4
ELLY,22,37.2
ELUDINA,22,69.7
EMILE,22,18.3
ESMEE,22,17.5
ESPAÑA,22,59.3
EZZAHIA,22,50.4
FADALA,22,30.5
FANA,22,37.2
FARIDEH,22,62.3
FATOUM,22,57.1
FLORIA,22,66.3
FRANCIELI,22,32.2
GAMZE,22,34.7
GIRLIE,22,42.0
GISSELE,22,21.5
GLORIFICACION,22,77.0
GUIRONG,22,58.1
GULMIRA,22,46.3
GURSIRAT,22,4.6
HAFIDHA,22,43.5
HAIDY,22,33.4
HAIJUAN,22,46.3
HAIRA,22,15.4
HANIEH,22,36.6
HARJEET,22,41.6
HARNEET,22,22.0
HATICE,22,43.6
HELINA,22,35.5
HERMELA,22,55.6
HERMENCINA,22,73.8
HILMA,22,55.0
HOORIYA,22,9.2
HUANG,22,39.3
IDELIA,22,65.7
IDELISA,22,62.5
IGOA,22,22.5
IHARTE,22,13.6
ILAYDA,22,18.6
ILINKA,22,46.7
IRIEL,22,10.4
ISABELITA,22,56.3
IUSRA,22,23.1
IZASCUN,22,44.9
IZZAH,22,7.4
JABOU,22,30.1
JAGODA,22,24.0
JASBLEIDY,22,32.0
JAYDY,22,22.3
JAZZ,22,11.5
JEANNET,22,31.3
JENNATE,22,15.6
JESABEL,22,32.2
JESUALDA,22,71.0
JINGQI,22,16.4
JINGYING,22,25.3
JINKY,22,41.2
JONIDA,22,36.0
JOSSELIN,22,27.0
JUDITA,22,46.8
JULIANNY,22,19.5
JUNJIE,22,40.9
KABITA,22,34.1
KALIJATOU,22,19.3
KAPKA,22,54.5
KATRIEN,22,47.4
KATTIN,22,11.0
KHANSAE,22,17.8
KHDIJA,22,44.4
LALITA,22,32.9
LAMIYA,22,30.9
LANFEN,22,57.9
LANLAN,22,39.1
LANXIANG,22,54.0
LEE,22,45.3
LEILANY,22,7.8
LEXIE,22,7.7
LIEZL,22,42.0
LINH,22,25.8
LINXI,22,9.3
LIRIAN,22,27.5
LISANIA,22,33.2
LIUBOMYRA,22,63.4
LUANDA,22,35.2
LUDIMILA,22,40.6
MADELAYNE,22,44.5
MAHIMA,22,24.9
MAILYS,22,20.1
MAITEE,22,47.2
MANJA,22,48.2
MANSOURIA,22,42.5
MANUSHAK,22,52.4
MARFIL,22,66.2
MARIANDREA,22,26.5
MARIANY,22,27.2
MARIELI,22,36.0
MARILISA,22,42.6
MARISTELLA,22,48.6
MARTINIANA,22,74.1
MARTIÑE,22,27.1
MARYANGEL,22,24.0
MARYLENE,22,52.8
MARYVONNE,22,73.5
MARZOUKA,22,49.0
MATIXA,22,15.4
MATYLDA,22,16.5
MAYDEL,22,41.1
MAYERLIS,22,32.3
MAYERLYN,22,36.7
MEHAR,22,11.4
MEIE,22,58.2
MEIHUI,22,35.0
MERAB,22,8.9
MERIAMA,22,42.5
MIKAELLA,22,20.2
MILENY,22,32.7
MILLENA,22,23.7
MILLIE,22,23.8
MIMUNA,22,66.5
MINHUA,22,62.0
MIOSOTIS,22,48.3
MIRASOL,22,44.7
MIREIRA,22,23.8
MISK,22,2.6
NADALINA,22,67.8
NAILEA,22,13.1
NAMIRA,22,18.5
NANAMI,22,17.7
NEBAI,22,26.0
NELMA,22,44.4
NETA,22,43.0
NIAMAT,22,28.5
NIIMA,22,17.2
NORAY,22,21.4
NORHANE,22,12.8
NUALA,22,50.8
NUOXI,22,9.5
ODETA,22,44.0
OIARTZA,22,32.0
ORLA,22,34.2
OUAFIA,22,45.0
OUALAE,22,17.7
OUISSAME,22,27.0
OULEYE,22,28.5
OURIDA,22,45.0
PAKEEZA,22,14.9
PAN,22,41.2
PATRICIJA,22,17.9
PETRIA,22,59.2
PETROLA,22,71.3
PIROSKA,22,56.4
PLAUTILA,22,82.0
PONCIANA,22,73.9
POTENCIANA,22,71.0
PRINCESA,22,22.9
PROCOPIA,22,82.9
PRUDENCIANA,22,73.6
PUNAM,22,39.4
QIULING,22,46.8
QIUYAN,22,43.3
QUINTILIANA,22,78.1
RAJDEEP,22,29.8
RAMINTA,22,32.8
RANIN,22,12.2
RANIYA,22,17.6
RAOUAA,22,19.7
REEMA,22,33.3
RIKA,22,54.5
RONI,22,29.1
ROSALVINA,22,62.5
ROSELYNE,22,57.0
ROSENILDA,22,46.9
ROSSITZA,22,55.2
ROUEYA,22,9.0
ROULA,22,44.6
RUGILE,22,24.5
RUIHAN,22,14.8
RUPA,22,38.3
RYOKO,22,43.6
SABIÑE,22,34.0
SAFYA,22,38.1
SATOKO,22,47.9
SAWAIRA,22,22.0
SEEMAB,22,26.6
SHABA,22,37.4
SHADDAI,22,8.4
SHAFQAT,22,49.9
SHARICK,22,14.4
SHERINE,22,22.5
SHIYAN,22,16.7
SHUANGMIAO,22,36.3
SHUWEN,22,28.5
SITARA,22,20.1
SOAAD,22,39.0
SOFFIA,22,17.1
SOFKA,22,54.5
SOMAIA,22,26.4
SONALI,22,28.7
SOULIA,22,49.1
SPASKA,22,52.0
SUANY,22,36.1
SUNNY,22,20.3
SURA,22,24.5
SUSANE,22,46.2
SUSHILA,22,43.5
SUZETE,22,45.3
TAI,22,27.5
TAIANA,22,30.0
TAIBA,22,22.2
TALIN,22,13.6
TAMMY,22,29.8
TAYISIYA,22,45.5
TEHMINE,22,39.1
TENESOYA,22,40.7
TITIANA,22,52.8
VINITA,22,44.5
WEIFANG,22,51.1
WINIFER,22,21.4
WISSEM,22,23.0
XIAODONG,22,47.6
XINHUA,22,49.6
XINQI,22,17.8
XONXA,22,13.6
XUHONG,22,51.0
YAINET,22,35.3
YALILA,22,38.4
YARAI,22,21.2
YARAY,22,18.6
YARLENIS,22,31.3
YASAMAN,22,31.6
YASAMIN,22,28.3
YDALINA,22,46.5
YIZHEN,22,31.5
YLUMINADA,22,57.2
YORDANIA,22,37.8
YUMEY,22,31.2
YUNAISI,22,22.5
YUNING,22,15.5
YUNQIN,22,47.0
YURISAN,22,44.5
YVONE,22,46.5
ZAMBRA,22,24.6
ZAREMA,22,48.8
ZEMFIRA,22,51.3
ZHENHUA,22,51.7
ZOIHARTZE,22,17.6
ZSANETT,22,35.6
ZULEIDE,22,58.3
ADAIRA,21,10.5
ADAM,21,21.4
ADRIELE,21,31.3
AGNESA,21,39.9
AIANA,21,14.4
AIJIAO,21,57.8
AIMEN,21,21.2
AINIELLE,21,11.3
AINTXANE,21,40.6
AIRE,21,15.8
AKVILE,21,33.3
ALANAH,21,16.9
ALASKA,21,30.3
ALCINA,21,57.4
ALEESHA,21,17.9
ALELI,21,37.3
ALENKA,21,38.7
ALEYDIS,21,40.8
ALFIA,21,53.6
AMIRAH,21,11.3
ANAISS,21,21.8
ANAMAR,21,30.6
ANANYA,21,22.6
ANDELA,21,29.8
ANDREJA,21,34.4
ANESIA,21,69.4
ANILDA,21,57.8
ANXOS,21,39.0
AOI,21,24.5
ARACELLI,21,44.5
ARALIA,21,26.3
ARCANGEL,21,77.6
ARCELI,21,55.0
ARCILIA,21,67.0
AREZOO,21,42.4
ARHOA,21,24.9
ASIRIA,21,34.9
ASSATA,21,28.7
ASSINATE,21,7.3
ATOCHA,21,51.6
ATSUKO,21,54.5
AYAKA,21,31.4
AYISHA,21,21.1
AYSA,21,23.5
AZMAT,21,43.5
BAHRIA,21,50.6
BALBIR,21,59.6
BALVINDER,21,53.9
BELTZANE,21,30.2
BENCHARA,21,21.2
BHAWNA,21,40.0
BORBALA,21,40.0
BRAUDILIA,21,55.3
BRICEIDA,21,52.4
BROOKE,21,20.3
CAIYAN,21,43.1
CAIYING,21,47.8
CARITINA,21,57.0
CARLOS,21,38.1
CASTULA,21,75.1
CATERIN,21,31.3
CEZARA,21,26.4
CHAHRAZADE,21,31.3
CHAILA,21,24.5
CHANDNI,21,31.8
CHUNJU,21,58.3
CISSE,21,26.3
CITLALLI,21,27.5
CLAUSTRE,21,61.6
CLODOMIRA,21,77.0
COIA,21,33.4
CRISBEL,21,28.2
CRISTELLE,21,38.5
CUI,21,42.7
CYRINE,21,16.9
DANAISY,21,35.3
DANERY,21,40.6
DAYMA,21,34.3
DELILAH,21,26.8
DEÑE,21,41.2
DIANKE,21,27.2
DIANNY,21,37.0
DINKA,21,57.6
DIRCE,21,53.7
DJAOUIDA,21,50.8
DOCHKA,21,56.7
DONGFEN,21,47.7
EHSAN,21,33.1
EHSSAN,21,36.2
EIRIN,21,22.1
ELBATOUL,21,40.6
ELHA,21,8.3
ELIBERTA,21,78.5
ELIBETH,21,38.1
ELICA,21,43.0
ELIETH,21,20.6
ELIXANE,21,31.6
EMELINE,21,32.3
ENNIA,21,14.8
ESE,21,33.4
ESSEDIYA,21,58.1
EVANA,21,22.9
EVELINDA,21,47.6
EYMI,21,22.2
FARRAH,21,30.5
FATEIMA,21,49.9
FELY,21,55.5
FILIZ,21,41.4
FIRUZA,21,49.2
FRANCILENE,21,42.0
FREIA,21,18.4
FUNDAMENTO,21,69.9
GALUHA,21,31.7
GARAINE,21,24.5
GE,21,33.6
GEERTRUIDA,21,71.2
GENE,21,59.3
GENET,21,24.1
GEZABEL,21,41.7
GIGI,21,35.1
GINALYN,21,38.4
GINGER,21,17.4
GITTE,21,61.7
GUILAN,21,60.6
GUIQIN,21,58.3
GUITA,21,38.1
GURE,21,22.6
GURMIT,21,63.1
GWENAELLE,21,33.7
HANDE,21,34.5
HANXI,21,14.7
HARU,21,10.4
HELENICE,21,54.1
HENDU,21,24.5
HERMANDINA,21,76.0
HERTA,21,69.9
HIBATALLAH,21,17.4
HIKARI,21,18.5
HILA,21,34.1
HODEIA,21,25.4
HONAIDA,21,28.0
HONTANARES,21,58.6
HOULEYE,21,24.3
HUIJING,21,28.8
HUMERA,21,38.5
ILEN,21,26.9
ILIN,21,4.4
IRAGARTZE,21,42.0
IRFA,21,17.1
ISSA,21,28.0
JALIFA,21,32.0
JANAN,21,35.0
JAYDAE,21,7.6
JENNELYN,21,37.4
JERALDIN,21,27.9
JETTE,21,55.4
JHANET,21,38.8
JIAYUN,21,23.3
JIENI,21,20.2
JINJU,21,49.9
JOBITA,21,67.0
JOSE,21,44.2
JOSSELINE,21,38.3
JOUHAYNA,21,19.2
JULIETT,21,25.6
JUNY,21,11.7
KATHERINNE,21,34.0
KAZUKO,21,67.1
KHANSA,21,27.9
KIMBERLIN,21,21.4
KIRSA,21,33.2
KULDIP,21,51.2
LADISLA,21,75.6
LAIATZ,21,11.2
LAIMUTE,21,64.1
LAMBERTA,21,72.9
LAURENT,21,23.7
LEGNA,21,31.9
LEIDIS,21,43.3
LEMINA,21,30.9
LERIDA,21,76.1
LEXUAN,21,12.5
LICENIA,21,43.2
LIGITA,21,45.8
LIMBANIA,21,55.7
LITZI,21,35.6
LIZZIE,21,22.9
LUCE,21,14.5
LUISE,21,42.3
LUSIK,21,52.0
LYLIAN,21,37.6
MACIEL,21,31.8
MADELEYN,21,19.1
MADI,21,27.3
MAHRUKH,21,15.6
MAHTAB,21,39.4
MAIDELYN,21,42.9
MAILOUDA,21,57.3
MAISAM,21,14.1
MALADO,21,27.9
MALWINA,21,32.9
MANILA,21,23.7
MANYA,21,39.4
MARICHU,21,46.7
MARILEIDE,21,53.5
MARILEIDY,21,35.8
MARINELLY,21,44.5
MARINETE,21,52.5
MARITESS,21,46.8
MARIUM,21,27.6
MARIZETE,21,52.5
MARVELIS,21,49.3
MARYLU,21,53.8
MASSAOUDA,21,50.8
MAURILIA,21,77.8
MEILYN,21,30.4
MEIQI,21,19.3
MELANEA,21,57.0
MERIT,21,24.8
MHIA,21,6.3
MINGXIA,21,41.0
MISHA,21,15.4
MISLEIDYS,21,45.4
MOILEMNIN,21,40.3
NAHIALA,21,13.6
NAI,21,18.8
NAIYA,21,12.7
NAMRA,21,22.3
NASTARAN,21,37.0
NASYA,21,13.8
NATASJA,21,44.5
NAYANE,21,29.5
NAYDU,21,47.7
NAZI,21,49.8
NEELTJE,21,73.0
NELLIE,21,39.3
NEMECIA,21,54.5
NICOLAZA,21,54.5
NIL,21,19.8
NIMUE,21,14.2
NIYA,21,13.0
NONITA,21,75.4
NUSAYBA,21,6.4
OCTAVIANA,21,58.1
OFELYA,21,42.0
OTTAVIA,21,30.5
PABITRA,21,35.4
PARBATI,21,42.6
PEILEI,21,37.9
PERLITA,21,62.7
POMPEYA,21,67.6
PRISCILIA,21,49.6
QIANWEN,21,28.9
QIAOYAN,21,41.3
QINGYU,21,26.8
QIWEN,21,23.8
RACHELY,21,19.7
RAFELA,21,69.7
RAHAT,21,39.1
RAMONITA,21,58.3
RANDI,21,67.7
RANJEET,21,41.9
REINELDA,21,61.8
RIAZ,21,56.7
RICHA,21,33.2
RITADJ,21,10.7
RITAG,21,7.5
ROKHY,21,29.6
ROQAYA,21,10.5
ROSELA,21,41.7
ROSMARI,21,57.6
ROUAIDA,21,15.0
RUIPING,21,51.5
SABAS,21,66.3
SALLAM,21,39.6
SAMEERA,21,31.5
SANDHYA,21,29.0
SANJANA,21,22.5
SAPANA,21,31.2
SARABY,21,9.5
SARIA,21,25.3
SENOBIA,21,51.5
SEVDALINA,21,44.2
SEVGI,21,39.5
SHAIEL,21,13.3
SHAOHONG,21,50.4
SHARLOTTE,21,7.4
SHERLY,21,37.3
SHIOMARA,21,15.9
SIMARJIT,21,45.7
SIRUI,21,18.1
SISSEL,21,51.1
SISSY,21,38.0
SIYKA,21,58.1
SKAISTE,21,30.7
SOCAINA,21,24.1
SONI,21,37.4
SRIJANA,21,31.2
STANIMIRA,21,41.8
SUELENE,21,48.1
SUIZHU,21,54.3
SUNIVA,21,40.3
SUQING,21,47.0
TAANANT,21,72.1
TAIDE,21,43.8
TAIMA,21,20.1
TAYNA,21,29.8
TAZEEM,21,44.5
THIANA,21,8.0
THUY,21,31.5
TIBIABIN,21,34.2
TIRZA,21,36.3
TONIA,21,38.7
TONKA,21,58.6
TRINITY,21,13.6
TSONKA,21,50.2
TZVETELINA,21,45.0
UAHBA,21,32.5
URMILA,21,37.0
VALDINEIA,21,44.4
VALENCIA,21,41.7
VANDERLEIA,21,42.4
VANUZA,21,48.3
VENICIA,21,69.5
VERKA,21,50.9
VETUTA,21,53.1
WANGFEN,21,47.8
WANYING,21,30.2
WEIMIAO,21,34.1
XIAONAN,21,38.2
XIAOYUAN,21,38.1
XINYANG,21,20.8
XIRAN,21,13.6
XIYUAN,21,14.5
YAINARA,21,15.1
YAJAHIRA,21,32.7
YANFEI,21,32.0
YANQIU,21,48.5
YARIELA,21,12.8
YAYAN,21,27.5
YELINE,21,37.7
YEMIMA,21,40.3
YENAY,21,24.7
YENSY,21,39.0
YERLIN,21,30.7
YESHIKA,21,41.8
YEVDOKIIA,21,54.0
YIAN,21,13.4
YIJIE,21,27.5
YILENIA,21,23.5
YIMIAO,21,28.2
YINGCHUN,21,50.2
YOANNY,21,39.5
YONGWEI,21,44.9
YOUYOU,21,21.5
YOVANKA,21,41.5
YUEYUE,21,23.6
YUEZHU,21,55.9
YULITZA,21,28.2
YUMARAI,21,10.6
YUNISLEIDY,21,35.3
YUNYI,21,19.8
YUXIAO,21,28.9
ZAFIRO,21,12.8
ZHIFEN,21,51.3
ZOEH,21,9.1
AAIMA,20,9.6
AALIA,20,24.8
ABARNE,20,38.7
ABELIA,20,69.7
ABENAUARA,20,30.5
ADALIS,20,37.1
ADDIS,20,27.9
ADORINDA,20,76.3
ADRIELLY,20,22.2
AIKA,20,16.7
AILANI,20,6.4
AILANY,20,1.3
AINHITZ,20,15.2
AISEL,20,22.5
AISETOU,20,16.3
AIZKOA,20,21.1
ALINDA,20,46.7
ALUNA,20,5.4
ALYSA,20,10.4
AMANJOT,20,26.4
AMPAR,20,65.7
AMYRA,20,8.2
ANAGA,20,13.8
ANAHIR,20,41.6
ANAPAULA,20,12.7
ANAT,20,42.9
ANDRIA,20,38.7
ANELY,20,21.9
ANEZKA,20,21.8
ANGARA,20,26.9
ANIXUA,20,17.4
ANNERYS,20,43.9
ANTHONELA,20,8.2
ANTIMA,20,60.6
ANYELICA,20,20.9
ARAL,20,12.0
ARANKA,20,53.3
ARBAB,20,25.6
ARHIMO,20,64.1
ARMINA,20,45.6
AURE,20,17.8
AURIKA,20,41.9
AUSTRALIA,20,62.6
AZIZ,20,56.9
BABILA,20,76.7
BANU,20,42.9
BAOZHU,20,56.9
BEGOÑE,20,33.6
BERNARDETE,20,53.6
BINITA,20,31.7
BLAGOVESTA,20,37.7
BOTAYNA,20,17.7
CADI,20,31.0
CAELIA,20,19.3
CANELA,20,18.0
CHARINA,20,38.6
CHRISTIE,20,40.3
CHUCHU,20,26.1
CHUNFENG,20,49.6
CHUNJIE,20,40.6
CLARINDA,20,68.0
CLEMIRA,20,69.2
CLEUZA,20,62.4
COLUMBIANA,20,79.1
CONCESINA,20,76.3
CONTEMPLACION,20,77.6
CREUSA,20,58.6
DACIANA,20,50.1
DAICY,20,49.7
DAINELYS,20,34.0
DALANDA,20,24.1
DALY,20,41.4
DAMIRA,20,30.0
DANELIS,20,31.4
DANILSA,20,37.6
DANIUSKA,20,41.2
DANY,20,52.2
DARCY,20,47.8
DELI,20,33.1
DENISLAVA,20,30.9
DIDO,20,23.7
DIOMARIS,20,46.4
DIOSDADA,20,79.7
DOMI,20,55.3
DORIT,20,62.0
EDILAINE,20,41.3
EDNEIA,20,48.2
EFIDENCIA,20,74.2
EKI,20,38.4
ELANE,20,45.7
ELEIDA,20,51.3
ELNARA,20,37.3
EMANUELLA,20,26.1
EMILIENNE,20,56.4
ENMANUELA,20,31.0
EOWYN,20,9.4
ERA,20,16.4
ERMA,20,55.1
ERMESINDA,20,81.3
ERMILA,20,60.8
ESOSA,20,30.1
ESTEFANYA,20,29.2
EZZA,20,24.3
FABIANNA,20,24.5
FAIRUZ,20,20.5
FAJR,20,7.8
FATUMA,20,27.7
FAUSIA,20,43.5
FENGLING,20,48.4
FENGYU,20,48.2
FETTOUCH,20,57.6
FIRDAWSS,20,12.9
FLORBELA,20,54.0
FLORS,20,31.1
FOUNE,20,26.5
GANGA,20,42.2
GAYMULA,20,42.4
GENALYN,20,42.0
GETUTA,20,49.6
GIANCARLA,20,44.4
GICELA,20,43.5
GIZELA,20,52.7
GRETHER,20,33.5
GUDULA,20,62.9
HADJA,20,31.3
HANEN,20,34.0
HARPER,20,5.9
HARUMI,20,36.3
HASANIA,20,42.3
HEGHINE,20,45.2
HEMLATA,20,47.2
HERIKA,20,38.5
HERMENCIA,20,61.3
HOUYAME,20,22.1
HUIJIE,20,32.6
ILEA,20,21.8
ILISCA,20,56.1
INGRIS,20,41.4
INSAFE,20,20.7
IONITA,20,49.7
IRAI,20,19.5
ISSLAM,20,16.2
ISSRA,20,12.4
ITXAROPENA,20,50.6
ITZA,20,17.6
ITZIA,20,9.2
IVANIR,20,55.4
IXIA,20,12.9
IZAURA,20,38.8
JADRA,20,40.0
JAKA,20,38.9
JAMIE,20,34.9
JAMUNA,20,33.1
JANAI,20,22.7
JANI,20,35.8
JANNEKE,20,38.8
JESSA,20,30.6
JESUSITA,20,60.1
JIANLAN,20,49.1
JINJUAN,20,48.9
JISELA,20,38.1
JOGINDER,20,62.5
JOHAINA,20,17.2
JOHANNE,20,42.7
JOSELYNE,20,38.5
JOUNAYDA,20,26.8
JUANJUAN,20,44.2
JUMEI,20,54.7
JUNYU,20,37.6
JUVENCIA,20,76.3
KADIATA,20,21.8
KAIENE,20,14.5
KARELYS,20,33.4
KATHAYSA,20,22.8
KBIRA,20,52.9
KHUSHI,20,15.6
KHUSHPREET,20,17.4
KISTIÑE,20,37.2
KISWA,20,2.7
LAMIYAE,20,38.3
LANMEI,20,57.6
LASZLONE,20,65.8
LAUDICEIA,20,45.3
LEDIA,20,44.9
LEHDIA,20,35.5
LEIDE,20,42.8
LEISA,20,28.8
LEONELLA,20,19.9
LEYLI,20,46.7
LEYSI,20,35.0
LIARA,20,9.2
LIHUI,20,42.9
LILO,20,18.1
LINEY,20,41.9
LINGHUA,20,53.4
LINGYI,20,21.6
LINYAN,20,39.8
LIORA,20,17.8
LISHUANG,20,41.2
LIXANDRA,20,41.0
LIYUE,20,43.0
LOHARA,20,9.9
LOIRA,20,20.7
LOUANE,20,9.9
LUBOV,20,51.6
MADA,20,24.6
MAIMA,20,25.8
MANISSA,20,8.3
MARICELI,20,47.9
MARICUTA,20,51.0
MARLUCE,20,54.8
MARYURIS,20,37.7
MASOOMA,20,23.8
MATIDA,20,23.9
MAYLENE,20,46.2
MAYSOUN,20,13.2
MAYULI,20,46.5
MEERA,20,34.5
MEHAKPREET,20,16.7
MEIJIAO,20,49.1
MELIHA,20,45.2
MENGLU,20,25.5
MENGXUE,20,27.6
MIDALYS,20,49.4
MILEIDIS,20,43.7
MILEVA,20,27.6
MIRELY,20,43.2
MISLEYDIS,20,47.6
MITRITA,20,57.5
MORELA,20,52.1
MUXI,20,7.2
NABAOUIA,20,45.9
NAILE,20,33.7
NANNA,20,30.3
NASTYA,20,19.6
NATAXA,20,23.4
NAYLEA,20,11.4
NEA,20,9.4
NEIVAR,20,28.5
NEJLA,20,43.0
NELITA,20,63.6
NELLYS,20,51.4
NEYBA,20,26.6
NEYRA,20,22.1
NIDHI,20,28.0
NILAM,20,25.4
NINNA,20,25.1
NOSSAIBA,20,13.3
NUNILA,20,58.6
NURAN,20,17.1
NUTI,20,50.5
ODULIA,20,62.0
OGADENIA,20,45.0
OLANDA,20,59.2
OLIVIJA,20,12.7
OMBRETTA,20,54.6
ONOFRA,20,75.1
ORISTILA,20,68.8
OSAS,20,44.8
OURDIA,20,51.4
PRISCILIANA,20,70.9
QIAOMEI,20,47.0
QINGYUN,20,44.6
QUAN,20,39.5
QUNYING,20,45.3
RAYMUNDA,20,61.0
RECUERDO,20,68.6
RGHIA,20,45.6
RICHELLE,20,34.2
RISA,20,36.3
ROISIN,20,32.5
ROIYA,20,9.0
ROMAYSSAA,20,12.3
RONGHUA,20,48.2
ROSANNE,20,34.6
ROSULA,20,62.4
RUIHUA,20,49.2
RUIXUE,20,34.0
RUIYUN,20,47.2
RULA,20,35.6
RUONAN,20,26.6
SAHER,20,28.1
SAHLA,20,35.2
SAJDA,20,20.0
SALONI,20,28.9
SARIKA,20,29.9
SARMILA,20,31.4
SAUDA,20,11.9
SAYON,20,23.0
SEMA,20,41.5
SENIDA,20,72.6
SEVASTITA,20,57.6
SHEETAL,20,36.5
SHEHAR,20,23.5
SHEHNAZ,20,50.7
SHELENA,20,20.2
SHIJIA,20,22.7
SHIZA,20,19.3
SHUJUN,20,42.8
SHWETA,20,37.2
SMARA,20,32.3
SOLANCH,20,24.5
SOMYA,20,27.7
SONY,20,38.1
SOUHIR,20,34.8
SOUKEYNA,20,33.3
SOÑA,20,43.4
SULEYA,20,1.5
SUMA,20,35.4
SUNI,20,32.9
SUNNA,20,22.1
SUREYA,20,15.7
SUYAI,20,21.1
SUYU,20,44.3
SZABINA,20,34.0
TABEA,20,31.9
TAISHA,20,17.4
TASIA,20,50.6
TAWBA,20,5.4
TESEIDA,20,30.3
TICIANA,20,38.8
TIFANNY,20,22.1
TIFAWT,20,10.0
TIMEEA,20,15.3
TLAYTMAS,20,65.7
TOLENTINA,20,72.8
TRANG,20,32.3
ULA,20,19.0
URSKA,20,37.1
VAIOLET,20,5.0
VELISLAVA,20,35.8
VERO,20,31.4
VICENCIA,20,76.8
VIORELA,20,43.2
VOLODYMYRA,20,61.6
WEIJUN,20,49.6
WENXIA,20,40.1
WISSALE,20,21.6
XIANGXIANG,20,32.4
XIANGYI,20,22.3
XINLIN,20,16.6
YANAISY,20,40.9
YANHIRA,20,18.1
YANISLEIDYS,20,35.1
YANLIN,20,37.6
YANNI,20,35.9
YANNY,20,39.1
YAQIAN,20,19.1
YELENIA,20,26.7
YENISLEYDIS,20,35.2
YERINA,20,32.0
YIFEN,20,48.2
YIHONG,20,37.0
YIMENG,20,21.8
YINGHUA,20,50.8
YIYU,20,28.0
YLVA,20,12.5
YOCAIRA,20,33.1
YOMNA,20,10.6
YOURAN,20,9.9
YUBERKIS,20,43.4
YUDISLEIDY,20,37.3
YUEZHEN,20,52.0
YULEISI,20,25.1
YULIANNY,20,20.8
YUYAO,20,22.4
ZARELA,20,39.3
ZENILDA,20,55.9
ZHIFANG,20,46.2
ZHIYU,20,22.9
ZHUMEI,20,55.2
ZHUO,20,34.3
ZILMA,20,53.1
ZIRUI,20,15.4
ZIYAO,20,14.3
ZIYUN,20,24.8
ZLATOSLAVA,20,10.4
ZUKHRA,20,51.2
ZULFIYA,20,48.5
