name,frequency,mean_age
ANTONIO,590938,58.7
MANUEL,525628,56.5
JOSE,487678,63.2
FRANCISCO,426675,60.3
DAVID,372975,36.1
DANIEL,310188,31.5
JAVIER,309708,38.4
JUAN,298933,57.1
JOSE ANTONIO,293422,54.9
FRANCISCO JAVIER,282045,50.9
CARLOS,273546,43.3
ALEJANDRO,273491,29.7
JOSE LUIS,273470,58.2
JESUS,256545,51.9
JOSE MANUEL,233530,52.6
MIGUEL,230734,48.2
MIGUEL ANGEL,228402,49.2
PABLO,227981,30.4
RAFAEL,217304,53.9
SERGIO,210727,33.9
ANGEL,202742,51.9
PEDRO,199883,55.8
JORGE,194253,39.1
FERNANDO,191965,52.7
JOSE MARIA,188301,58.2
ALBERTO,177437,42.0
LUIS,173748,54.1
ALVARO,171341,26.3
ADRIAN,164750,23.9
JUAN CARLOS,162004,51.6
DIEGO,157540,34.5
JUAN JOSE,148426,52.6
RAUL,142040,37.1
IVAN,138979,31.0
RUBEN,131134,33.0
JUAN ANTONIO,126411,53.9
OSCAR,123663,40.1
ENRIQUE,118311,52.9
MARIO,112534,27.5
JUAN MANUEL,111054,50.7
SANTIAGO,110532,48.7
ANDRES,109000,49.6
VICTOR,106489,34.1
RAMON,106318,60.3
HUGO,102296,14.1
EDUARDO,101317,48.5
VICENTE,101275,61.6
JOAQUIN,100775,56.4
MARCOS,99544,28.2
ROBERTO,96809,45.5
JAIME,95004,42.8
FRANCISCO JOSE,94529,47.8
IGNACIO,88252,43.0
MOHAMED,85553,36.3
JORDI,81617,44.7
MARTIN,79496,24.3
ALFONSO,77574,54.2
RICARDO,76720,52.5
MARC,76001,24.5
GABRIEL,74511,37.1
GUILLERMO,73808,36.3
SALVADOR,72713,56.3
GONZALO,72628,31.7
LUCAS,66041,15.6
NICOLAS,65659,28.9
JOSE MIGUEL,64303,50.2
EMILIO,63904,59.3
SAMUEL,61517,24.2
JULIO,60324,56.6
TOMAS,59774,54.4
JULIAN,59313,58.7
ISMAEL,56869,33.3
CRISTIAN,56400,29.2
AGUSTIN,56152,58.7
JOSE RAMON,55170,57.6
MATEO,54981,15.5
AITOR,53446,27.6
ALEX,53051,17.4
JOAN,52993,43.7
HECTOR,52829,25.3
IKER,50224,19.1
FELIX,48739,60.0
JUAN FRANCISCO,45992,50.7
JOSE CARLOS,44744,49.0
RODRIGO,44429,25.3
SEBASTIAN,44158,49.0
CESAR,42697,43.7
JOSE ANGEL,40604,49.5
VICTOR MANUEL,40499,45.7
JOSEP,40371,56.1
ALFREDO,39937,56.5
JOSE IGNACIO,38564,54.9
MARIANO,38416,63.1
MOHAMMED,37933,38.3
FELIPE,37771,54.6
LUIS MIGUEL,37685,48.8
DOMINGO,37028,64.3
LEO,36280,7.2
PAU,35499,20.2
IZAN,35213,11.4
XAVIER,33915,40.0
JOSE FRANCISCO,33755,53.4
AARON,33716,18.7
ALBERT,33666,38.9
JUAN LUIS,33057,52.2
ERIC,33000,17.9
BRUNO,31853,17.7
ANTONIO JOSE,30775,47.6
BORJA,30694,31.2
MARCO,30125,16.4
JOEL,29713,19.5
DARIO,29614,19.5
LORENZO,29498,54.4
ISAAC,29097,32.0
ARTURO,28874,45.2
ESTEBAN,28434,52.1
ASIER,28293,25.0
GREGORIO,28139,64.5
AHMED,27516,44.0
JOSE JAVIER,27363,51.2
CRISTOBAL,27239,56.0
UNAI,26996,20.9
ANTONIO JESUS,26679,42.6
JUAN MIGUEL,26470,49.7
FRANCISCO MANUEL,25990,47.0
OMAR,25890,29.7
ABEL,25208,35.4
ADAM,25015,12.5
JESUS MARIA,24846,59.9
JONATHAN,24786,32.2
MIKEL,24425,30.7
OLIVER,24392,14.7
JAUME,24224,48.3
GERMAN,24059,46.9
PEDRO JOSE,23746,50.4
POL,23717,18.0
ENZO,23691,6.8
EUGENIO,23436,63.2
CHRISTIAN,23330,28.4
SERGI,23273,29.6
JOSE VICENTE,22891,55.5
MOISES,22785,41.2
YOUSSEF,22761,26.3
JON,22618,28.5
IÑIGO,22083,36.1
GERARD,22069,25.5
ARNAU,21804,19.1
VALENTIN,21773,56.3
JUAN RAMON,21373,54.9
MANUEL JESUS,21124,45.1
JUAN PEDRO,20524,51.8
ISRAEL,20176,35.9
ORIOL,19897,27.3
JONATAN,19371,36.3
ADOLFO,19347,58.5
MIQUEL,19078,41.7
ANTONIO MANUEL,18879,46.9
ERNESTO,18865,53.1
JUAN PABLO,18859,38.9
LUIS ALBERTO,18831,49.6
SAUL,18793,20.0
ELOY,18732,39.0
MATIAS,18598,35.4
ERIK,18179,14.7
ALONSO,17998,29.4
ALEXANDER,17900,32.0
JOSE ALBERTO,17823,48.8
MARTI,17662,19.6
GERARDO,17544,57.9
JESUS MANUEL,17439,51.1
ISIDRO,17395,61.5
CARLOS ALBERTO,17380,48.0
FEDERICO,17349,54.6
ADRIA,17336,22.6
BERNARDO,17275,58.8
KEVIN,17120,23.8
ANDER,16979,22.7
ROGER,16886,29.0
LUCA,16743,11.4
ELIAS,16667,38.0
FRANCESC,16590,50.1
BENITO,16493,65.0
CARMELO,16436,61.3
JULEN,16431,18.0
JUAN JESUS,16419,48.7
THIAGO,16335,6.6
MARCO ANTONIO,15963,44.2
SAID,15813,43.3
IÑAKI,15771,42.3
GUILLEM,15685,24.1
BENJAMIN,15420,49.0
CARLES,15255,41.4
ABRAHAM,15134,27.1
ALEIX,15111,19.1
PASCUAL,15007,61.8
GAEL,14949,7.4
ALI,14723,35.4
PEDRO ANTONIO,14659,52.8
RACHID,14560,43.1
JOSE ENRIQUE,14541,52.4
LUIS FERNANDO,14496,49.5
JUAN IGNACIO,14412,51.2
LEONARDO,14407,37.1
JAN,14395,15.5
JOSEP MARIA,14345,61.6
IAN,14317,13.4
DYLAN,14236,7.8
PERE,14039,52.9
LLUIS,13964,49.4
ANGEL LUIS,13944,53.5
ROMAN,13902,44.6
ANTONI,13738,51.3
BARTOLOME,13723,62.9
XABIER,13619,31.7
FRANCISCO JESUS,13519,44.1
GORKA,13391,33.1
FERMIN,13353,60.2
FERRAN,13255,32.9
YERAY,13248,20.8
GUSTAVO,13097,46.8
MARCELINO,12733,66.7
JOSE DAVID,12725,37.1
JERONIMO,12597,53.2
LUIS MANUEL,12545,49.3
JULIO CESAR,12523,47.6
CARLOS JAVIER,12477,46.8
BIEL,12419,11.9
NIL,12328,13.1
DAMIAN,12296,41.5
MANUEL ANGEL,12160,54.2
JOSE JUAN,12036,54.3
AURELIO,11911,64.8
MUSTAPHA,11880,45.2
JAIRO,11741,26.5
HAMZA,11740,24.0
PEDRO LUIS,11639,54.6
ENEKO,11578,23.3
AYOUB,11576,20.9
ENRIC,11233,45.0
LIAM,11176,5.5
MUHAMMAD,11060,33.0
JACINTO,10992,65.1
ARMANDO,10988,55.4
EDUARD,10981,39.4
EDGAR,10864,29.2
EUSEBIO,10700,65.7
JOSE JOAQUIN,10545,53.9
JUAN BAUTISTA,10545,60.4
JORGE LUIS,10443,45.9
RAYAN,10341,9.6
SIMON,10326,37.7
JACOBO,10308,30.4
HASSAN,10261,44.1
FRANCISCO ANTONIO,10243,52.0
LUIS ANGEL,10213,50.6
JUAN DIEGO,10148,35.1
VICTORIANO,10127,66.9
JOSE ANDRES,10018,50.1
IGOR,10012,41.8
EMILIO JOSE,10008,44.2
ISIDORO,9984,64.7
JUAN MARIA,9983,57.8
GINES,9968,55.1
BLAS,9966,60.1
ALEXIS,9949,30.9
MAXIMO,9934,47.6
LUIS ANTONIO,9907,53.9
YAGO,9801,17.5
MAURO,9732,21.3
BILAL,9666,22.3
SANTOS,9632,62.2
EMILIANO,9627,59.0
EZEQUIEL,9477,34.8
JESUS ANGEL,9445,54.2
KHALID,9370,39.4
TEODORO,9346,67.3
ALAN,9342,18.5
DIONISIO,9249,66.2
IBAI,9224,17.9
ALEXANDRE,9210,34.9
JOSE DANIEL,9204,39.7
CANDIDO,9184,65.9
JUSTO,9168,64.7
YASSINE,9125,26.6
IAGO,9074,19.2
AIMAR,9021,13.7
FABIO,8960,23.1
FLORENCIO,8886,68.1
ARITZ,8850,22.2
LUIS MARIA,8791,60.9
MANUEL ANTONIO,8741,54.1
ANDREU,8732,33.0
FRANCISCO MIGUEL,8687,48.7
JUAN DAVID,8651,28.0
HICHAM,8629,37.2
PEDRO MANUEL,8534,50.5
IBRAHIM,8522,22.5
NOAH,8520,7.7
JOSE FERNANDO,8481,53.7
ABDELLAH,8460,41.8
JUAN ANDRES,8448,46.7
CARLOS MANUEL,8433,47.5
SERAFIN,8425,64.0
RAMIRO,8421,58.6
CLAUDIO,8395,55.0
JOSUE,8340,30.5
FIDEL,8141,60.7
LUIS CARLOS,8062,50.3
FAUSTINO,8038,66.4
ANAS,7956,14.2
ION,7908,45.4
LEANDRO,7883,46.9
BRAHIM,7858,39.7
MARKEL,7822,15.4
AMADOR,7805,62.3
FABIAN,7796,36.0
AMIR,7777,9.6
LUCIANO,7769,60.1
CAYETANO,7765,41.1
JUAN DIOS,7760,53.6
ANTONIO JAVIER,7734,46.5
MANUEL JOSE,7734,54.0
LUIS JAVIER,7648,51.5
JUAN VICENTE,7622,55.2
ANTONIO MIGUEL,7548,50.1
ROGELIO,7514,63.0
JOAQUIM,7490,53.1
LUIS ENRIQUE,7319,45.7
ANTONIO LUIS,7297,52.8
PEDRO JESUS,7263,47.8
NESTOR,7258,35.6
ABDELKADER,7249,48.6
MANEL,7245,35.8
OIER,7229,18.0
ROBERT,7217,41.7
AXEL,7207,14.1
ANTON,7173,26.1
ILDEFONSO,7062,62.0
BRAIS,7045,19.4
MARCELO,7038,43.4
NOEL,6928,22.4
ANGEL MANUEL,6896,49.0
ISMAIL,6892,25.5
JUAN ANGEL,6886,52.8
FRANCESC XAVIER,6869,54.1
ABDERRAHIM,6736,41.1
IMANOL,6735,35.8
PEDRO MARIA,6710,63.1
MAX,6686,12.3
ZAKARIA,6662,20.7
MODESTO,6642,66.7
KARIM,6473,31.9
BERNAT,6468,27.0
ROBERTO CARLOS,6432,42.1
FERNANDO JOSE,6420,47.5
ABDELAZIZ,6413,46.3
FLORENTINO,6400,68.7
JUAN ALBERTO,6365,47.3
ANDONI,6346,36.6
ANDRES FELIPE,6346,29.8
DIDAC,6333,21.8
CONSTANTINO,6327,62.7
RICARD,6292,42.7
JESUS ANTONIO,6241,54.4
MAMADOU,6170,36.2
MARCEL,6147,31.8
PAULINO,6141,66.1
MANUEL ALEJANDRO,6134,35.8
ELADIO,6113,65.6
OLEKSANDR,6113,39.6
JOSU,6106,38.4
HAMID,6063,44.8
AVELINO,5969,67.5
MAURICIO,5969,47.9
MOUSSA,5954,34.4
ADAN,5915,24.2
CELESTINO,5911,67.0
GASPAR,5899,58.3
MICHAEL,5877,39.3
VASILE,5844,51.2
GHEORGHE,5834,53.7
TEO,5784,9.6
JOSEBA,5698,40.9
PEDRO PABLO,5659,52.2
SATURNINO,5630,70.1
ANGEL MARIA,5565,59.8
JAMAL,5504,40.9
JUAN SEBASTIAN,5503,30.0
ALAIN,5501,26.5
PELAYO,5496,22.6
RUFINO,5479,68.1
DENIS,5394,25.2
CLEMENTE,5393,62.8
LLUC,5360,14.0
CARLOS JOSE,5351,48.0
ADAY,5325,12.5
ANTONIO FRANCISCO,5301,52.2
JOSE ALEJANDRO,5270,38.0
BASILIO,5249,62.4
RAIMUNDO,5233,62.3
BRIAN,5213,28.0
AZIZ,5185,41.7
PEDRO JAVIER,5157,45.9
FRANCISCO LUIS,5140,53.9
OUSSAMA,5136,23.1
CAMILO,5130,52.5
CARLOS ANDRES,5115,37.2
IOAN,5108,53.0
ROQUE,5097,41.8
IMRAN,5090,12.6
YOUNES,5090,25.6
PATRICIO,5056,55.0
JOSE GABRIEL,5045,46.4
PAUL,5019,35.7
AYMAN,5006,13.6
NABIL,4990,30.0
SAMIR,4976,34.5
GUSTAVO ADOLFO,4972,45.8
LUIS EDUARDO,4970,42.7
MARCIAL,4952,63.2
ALESSANDRO,4942,29.4
HILARIO,4919,65.8
DRISS,4915,47.7
ELOI,4904,22.4
FELICIANO,4893,67.7
EVARISTO,4826,64.9
PEDRO MIGUEL,4812,50.8
ELISEO,4806,62.0
ADIL,4795,34.9
JOSE RAFAEL,4790,52.9
CARLOS ENRIQUE,4787,49.5
FRANCISCO BORJA,4784,42.7
YAHYA,4754,23.3
LUKA,4678,7.9
LAUREANO,4673,64.7
FRANCISCO ASIS,4646,50.0
YASSIN,4636,19.9
JESUS MIGUEL,4612,49.8
NARCISO,4596,64.5
KILIAN,4572,16.7
ABDESLAM,4567,53.1
LEOPOLDO,4561,60.9
RODOLFO,4511,58.7
CONSTANTIN,4495,50.5
BEÑAT,4493,22.0
LUIS FRANCISCO,4485,50.7
JOSE FELIX,4469,56.4
ALBERTO JOSE,4459,47.0
CECILIO,4445,64.8
MAXIMILIANO,4444,40.1
NEIZAN,4432,6.4
BERNARDINO,4430,65.5
UNAX,4408,13.0
NOE,4405,25.7
JOSE PEDRO,4401,54.1
OCTAVIO,4400,55.3
ROC,4389,11.9
BENIGNO,4371,68.0
NICO,4353,6.7
ORLANDO,4335,53.0
EMMANUEL,4331,22.8
MANUEL FRANCISCO,4331,55.2
IBRAHIMA,4328,33.6
CARLOS EDUARDO,4301,39.2
ALEJANDRO JOSE,4299,35.5
MARIAN,4283,46.6
MARCOS ANTONIO,4279,45.9
JUAN GABRIEL,4272,41.8
PABLO JOSE,4271,41.3
JUAN CAMILO,4259,27.2
LUIS ALFONSO,4250,50.4
CESAR AUGUSTO,4219,45.9
ERICK,4208,11.8
JESUS ALBERTO,4206,44.4
JUAN FERNANDO,4198,49.1
IGNASI,4196,39.8
AMINE,4186,24.2
JESUS JAVIER,4183,50.8
MARK,4183,20.2
SEGUNDO,4178,69.7
ANIBAL,4168,41.3
VICTOR JOSE,4163,44.4
LAZARO,4159,54.2
JUAN ENRIQUE,4156,52.5
ANDREI,4154,33.0
EDUARDO JOSE,4143,45.2
VALERIANO,4139,66.7
VICENT,4115,34.5
JOSE GREGORIO,4096,46.8
IBON,4093,34.1
WALID,4093,18.3
DEMETRIO,4089,66.6
BELTRAN,4075,14.2
JOSE DOMINGO,4073,54.8
NOUREDDINE,4043,42.5
ACHRAF,4039,21.4
ILYAS,4038,13.5
CESAREO,4024,67.1
CARLOS ANTONIO,4011,48.6
BERNABE,4002,57.7
SOUFIANE,4000,27.9
JORGE JUAN,3979,51.0
LEON,3962,25.7
LUIS FELIPE,3945,44.6
ARAN,3934,8.3
IBAN,3933,41.1
VOLODYMYR,3900,46.5
YOEL,3893,17.5
NACHO,3865,12.8
LUCIO,3864,63.5
NICOLAE,3848,49.5
BIENVENIDO,3847,64.7
MOURAD,3845,36.7
KAMAL,3842,35.8
JOSE PABLO,3831,47.2
BALTASAR,3829,61.4
VICENTE JOSE,3816,54.6
MIGUEL ANTONIO,3797,50.5
FLORIN,3784,44.1
ANSELMO,3742,65.4
ALEXANDRU,3729,38.0
JUAN ESTEBAN,3725,29.4
EDER,3718,20.0
VICTOR HUGO,3717,43.7
GAIZKA,3713,31.7
ABDELILAH,3705,37.6
JOSE JESUS,3701,54.3
AMADEO,3683,62.7
DIEGO FERNANDO,3678,38.8
ANXO,3664,18.2
CIPRIANO,3660,68.5
JOSE EDUARDO,3655,50.4
CELSO,3634,63.3
DANIEL ALEJANDRO,3618,27.8
BRYAN,3617,19.8
GIOVANNI,3617,36.4
MIMOUN,3617,48.9
JOSE TOMAS,3614,52.7
MATTEO,3613,19.1
IMAD,3592,27.2
RUBEN DARIO,3575,43.6
PLACIDO,3567,64.7
ANTONIO DAVID,3546,33.7
ANASTASIO,3543,69.9
ROI,3532,14.9
OIHAN,3512,11.5
FULGENCIO,3508,64.0
NORBERTO,3490,56.6
HERNAN,3454,27.4
STEFAN,3454,43.4
RICHARD,3453,40.9
ARES,3448,7.1
VLADIMIR,3448,45.1
ANTONIO MARIA,3410,58.2
ABDELLATIF,3405,43.8
EULOGIO,3400,67.2
ABDELKARIM,3394,37.8
XAVI,3389,12.2
DIEGO JOSE,3373,39.2
ARTUR,3364,31.4
DIEGO ALEJANDRO,3350,25.7
JOSE ALFONSO,3350,55.1
ALEJO,3349,38.5
CASIMIRO,3344,68.9
ENRIQUE JOSE,3341,50.8
TARIK,3340,35.3
BALDOMERO,3334,63.1
ISAIAS,3331,43.3
LUIS JOSE,3319,48.8
TELMO,3306,16.6
JORGE ANTONIO,3304,47.4
JESUS DAVID,3303,34.6
LANDER,3292,25.9
ANGEL JOSE,3285,52.5
JOSE EMILIO,3285,56.8
PEDRO ANGEL,3282,52.3
TONI,3281,19.5
JACOB,3271,30.9
MOHAMED AMINE,3259,18.3
HERMINIO,3241,66.6
SAAD,3239,15.8
FRANCISCO RAMON,3238,54.1
JOSE RAUL,3231,47.4
MOSTAFA,3230,46.7
ABDERRAHMAN,3221,40.2
TEOFILO,3214,69.6
JOSE JULIAN,3212,53.5
JORGE MANUEL,3205,46.7
KAI,3199,9.5
MARIUS,3194,40.8
VIDAL,3192,60.3
MAXIMINO,3189,67.5
AMIN,3173,16.2
JOSE RICARDO,3169,53.0
YERAI,3169,16.0
ROMEO,3143,12.3
DEREK,3141,14.8
FERNANDO JAVIER,3135,49.7
LAHCEN,3132,44.3
FOUAD,3129,38.5
MARINO,3129,61.8
FRANCESCO,3127,39.9
THOMAS,3124,35.8
CARLOS JESUS,3107,45.8
ARKAITZ,3100,35.0
ENDIKA,3097,29.7
ABDOULAYE,3095,35.6
QUIM,3077,12.7
AUGUSTO,3072,56.1
URKO,3072,26.7
ANDREA,3043,39.1
AQUILINO,3041,64.7
CARLOS DANIEL,3034,31.1
GENIS,3032,25.4
MOUNIR,3030,34.9
DMYTRO,3025,34.3
MELCHOR,3016,61.6
PEDRO JUAN,3014,56.4
ANGEL ANTONIO,3011,51.8
JON ANDER,3011,34.9
YOUNESS,3000,29.8
MIHAI,2997,46.2
SALAH,2995,45.1
JAOUAD,2974,37.8
JUAN CRUZ,2974,52.9
JUAN RAFAEL,2968,52.0
ABDERRAHMANE,2960,39.0
JOSE AGUSTIN,2959,56.5
LUIS ALEJANDRO,2943,33.8
GUMERSINDO,2929,68.2
WILLIAM,2928,42.1
EKAITZ,2922,21.9
ULISES,2911,22.8
CARLOS MIGUEL,2909,47.0
ROSENDO,2901,63.2
JUAN DANIEL,2893,35.7
EFREN,2879,35.5
HIPOLITO,2876,66.8
JOHN,2874,49.9
VIRGILIO,2866,65.5
HUMBERTO,2857,52.7
MOHAMMAD,2856,42.7
MANUEL MARIA,2852,56.7
AKRAM,2845,12.8
CHRISTOPHER,2829,30.5
BONIFACIO,2821,68.9
RAFAEL ANTONIO,2816,50.2
JORGE ALBERTO,2808,49.3
JULIO ALBERTO,2808,42.8
ANGEL DAVID,2788,30.1
PABLO ANTONIO,2786,45.0
ABDELALI,2785,38.0
ARSENIO,2777,66.8
DANEL,2775,13.2
RENE,2769,40.1
VICTORINO,2766,70.6
JUAN FELIPE,2764,35.0
CARLOS LUIS,2759,50.5
OUSMANE,2752,34.8
JOSE BENITO,2751,62.8
NELSON,2745,42.9
ABDESSAMAD,2732,33.5
ABELARDO,2718,62.4
HIGINIO,2707,66.5
ANDRE,2691,26.2
JONAS,2689,33.2
FARID,2683,43.7
ANGEL JESUS,2680,44.6
ANOUAR,2678,24.3
ABDELHAK,2666,41.3
PETER,2663,57.3
ELEUTERIO,2660,69.6
ANDRII,2644,34.3
ANASS,2643,21.8
MOHAMED AMIN,2636,12.9
DUMITRU,2633,51.1
ARIEL,2627,30.2
VIKTOR,2626,43.4
ABDELGHANI,2616,40.5
ILIAS,2602,17.4
NIZAR,2596,12.9
ADRIANO,2592,42.1
ARTEM,2576,23.9
MHAMED,2574,50.4
JOSE JULIO,2573,56.1
BOSCO,2568,9.2
PEPE,2562,10.8
URBANO,2561,68.1
ANTHONY,2559,29.7
ANTONIO ANGEL,2557,51.1
FRANCISCO DAVID,2556,38.9
GIUSEPPE,2554,50.2
CEFERINO,2533,67.8
ETHAN,2528,13.5
XOEL,2528,11.8
ELIAN,2526,8.3
RICARDO JOSE,2524,46.0
JOSE ALFREDO,2520,52.1
SAMI,2515,17.6
LLORENÇ,2513,41.2
TIAGO,2497,13.5
LUIS MARIANO,2490,55.8
TRISTAN,2490,13.3
VENANCIO,2490,68.0
FRANCISCO PAULA,2484,52.0
SEVERINO,2480,69.1
HODEI,2479,15.2
PEDRO FRANCISCO,2478,53.5
LUIS ALFREDO,2473,45.3
CARLOS DAVID,2471,34.8
BAUTISTA,2470,60.0
REDA,2468,20.1
LUIS DAVID,2466,31.0
JORGE ENRIQUE,2458,49.1
CONRADO,2451,60.1
ANTONIO RAMON,2448,55.6
MAHAMADOU,2443,31.1
BRAYAN,2437,16.5
BRAULIO,2409,59.2
JULIO JOSE,2409,45.9
EMANUEL,2408,19.3
ESTEVE,2401,50.7
DANTE,2381,11.1
JUAN ALFONSO,2370,53.8
GENARO,2369,62.8
AGUSTI,2351,57.5
VICENTE JAVIER,2348,52.7
FAUSTO,2345,58.3
LUIS IGNACIO,2339,53.1
URIEL,2333,13.6
RAFAEL ANGEL,2321,51.1
IONEL,2318,49.3
INOCENCIO,2317,69.0
DIEGO JESUS,2313,40.5
MIGUEL JOSE,2302,51.0
ERNEST,2299,41.7
JOSE MARTIN,2294,54.5
ABDELMAJID,2293,45.0
VASYL,2281,49.4
MAKSYM,2278,24.9
EL HASSAN,2274,51.9
AMADOU,2268,34.8
ANGEL FRANCISCO,2268,52.2
MUSTAFA,2246,40.3
ALEKSANDR,2244,35.8
BLAI,2244,18.2
IGNACIO JAVIER,2238,50.8
AIRAM,2235,22.1
RAFAEL JESUS,2230,45.3
MOUAD,2227,20.4
JONAY,2216,32.6
DELFIN,2213,66.0
OLEG,2209,46.3
ARON,2205,14.1
PRIMITIVO,2196,70.7
MANUEL ENRIQUE,2195,50.8
PRUDENCIO,2195,67.5
ADAMA,2192,33.0
MOUSTAPHA,2189,38.6
YASSER,2182,13.9
ABDELKRIM,2180,47.3
JUAN SALVADOR,2163,52.0
RAFAEL JOSE,2154,50.3
JOKIN,2153,31.9
INDALECIO,2151,61.4
VICENÇ,2140,54.8
MYKOLA,2135,47.5
OSCAR MANUEL,2132,45.5
JESUS FRANCISCO,2131,53.1
JUAN JAVIER,2127,49.0
STEFANO,2125,39.9
FERNANDO MANUEL,2120,50.0
NEMESIO,2114,69.6
ANER,2103,14.1
ALVARO JOSE,2099,36.2
OSCAR LUIS,2099,52.8
SANTIAGO JOSE,2099,39.8
DAVID ALEJANDRO,2098,28.0
NAIM,2097,13.8
GILBERTO,2092,56.7
YASSIR,2091,15.5
ABDELHAMID,2087,44.4
LEONCIO,2085,69.6
LINO,2081,59.0
FRANCISCO GABRIEL,2079,47.8
EGOITZ,2078,31.7
JEAN CARLOS,2075,29.7
VICENTE MANUEL,2075,55.4
OVIDIO,2072,66.9
EKAIN,2070,16.6
VICTOR JAVIER,2066,44.1
ANIOL,2062,15.1
PATRICK,2062,35.5
ISSAM,2058,27.6
IONUT,2052,36.8
AGAPITO,2051,71.5
JOSE ROBERTO,2048,51.8
SILVESTRE,2047,59.9
IGNACIO JOSE,2040,47.2
DANIEL JESUS,2037,35.4
VIOREL,2036,51.5
JORGE ANDRES,2033,37.4
GABINO,2026,64.5
CARLOS FRANCISCO,2017,49.2
SECUNDINO,2017,70.1
SANDRO,2016,28.0
GEORGE,2015,44.2
JUAN MARTIN,2006,42.1
LUIS JESUS,2002,52.2
LUIS DANIEL,2000,35.3
HARON,1987,5.9
PAOLO,1985,40.3
PAVEL,1985,40.3
ANGEL MIGUEL,1983,52.0
HORACIO,1983,62.0
SERHII,1982,41.2
CARLOS MARIA,1977,56.5
ALEJANDRO MANUEL,1976,35.0
BADR,1970,22.4
EIDEN,1966,6.0
NICANOR,1965,60.1
MANUEL LUIS,1960,58.2
JULIO ANTONIO,1947,56.4
AMETS,1940,10.6
MEHDI,1936,28.4
ANGEL GABRIEL,1932,31.3
ABRAHAN,1930,32.7
CHEIKH,1924,40.7
JOSE SALVADOR,1924,57.7
ESTANISLAO,1920,60.8
JOSEP LLUIS,1919,57.6
PABLO JESUS,1914,40.4
JOSHUA,1913,26.3
MANUEL RAMON,1911,58.1
AMBROSIO,1904,68.6
SIXTO,1900,62.6
SEBASTIA,1899,48.9
ANICETO,1896,69.3
JHON JAIRO,1896,41.6
ALFONSO JOSE,1895,48.3
PABLO MANUEL,1894,40.7
JULIAN ANDRES,1892,34.0
IHOR,1891,45.8
GUZMAN,1888,34.3
DIEGO MANUEL,1880,41.8
ENOL,1878,14.5
ADONAY,1876,9.8
FERNANDO JESUS,1874,47.5
ANTONIO CARLOS,1873,51.8
ANTONIO JUAN,1868,55.7
JOSE PASCUAL,1867,56.9
DESIDERIO,1863,67.0
MAXIM,1861,23.2
SALIM,1861,22.7
MATEU,1856,26.7
SABINO,1856,66.5
EDWIN,1855,41.1
ROLANDO,1846,50.9
SOUFIAN,1833,25.9
VENTURA,1830,59.7
NARCIS,1827,52.1
WALTER,1825,50.5
FRANK,1822,42.5
DAMASO,1815,60.1
SEVERIANO,1810,66.9
CRISTIAN DAVID,1808,27.7
RAYANE,1798,12.1
JESUS RAMON,1794,55.8
ABDELHADI,1793,42.8
MAROUANE,1792,24.5
MATHIAS,1792,11.8
DANIEL JOSE,1787,38.4
WENCESLAO,1785,60.3
GABRIEL ALEJANDRO,1782,26.2
HERMENEGILDO,1782,67.2
JESUS ENRIQUE,1779,45.8
LAMINE,1779,34.4
MICHEL,1772,40.1
ANTOLIN,1765,66.1
HELIODORO,1764,69.6
VALENTINO,1754,12.7
ADNAN,1753,25.7
ENRIQUE MANUEL,1752,51.6
ANGEL JAVIER,1750,49.3
ANDRIY,1749,42.6
OSCAR JAVIER,1746,45.9
ANGELO,1742,33.8
ABDELHAKIM,1740,37.5
MIKHAIL,1739,34.9
FRANCISCO VICENTE,1733,57.6
STEVEN,1731,32.2
FRANCISCO DANIEL,1726,40.6
IYAD,1724,7.0
LUKEN,1724,10.3
PAULO,1719,32.0
LUIS RAMON,1718,56.4
MILAN,1717,12.0
DIMAS,1715,47.0
FRANCISCO RAFAEL,1714,51.1
NIKITA,1713,20.6
ANDRES JESUS,1711,44.0
REDOUANE,1709,39.2
DAVID JOSE,1707,40.8
JOSE SANTIAGO,1704,55.1
FACUNDO,1701,44.1
JOSE IVAN,1698,42.5
MANUEL FERNANDO,1696,54.0
LUKAS,1695,14.7
MANUEL VICENTE,1695,56.8
ANTONIO VICENTE,1694,57.6
HENRY,1691,45.0
JORDAN,1689,23.3
JESUS JOSE,1688,58.6
JUAN DOMINGO,1688,56.9
OUMAR,1688,35.4
DENNIS,1685,28.0
GIL,1684,46.0
PABLO JAVIER,1683,41.3
MANUEL ALBERTO,1682,49.2
OTMAN,1682,29.3
FLORIAN,1681,55.5
MARÇAL,1681,24.5
SILVERIO,1681,62.8
DIEGO ANDRES,1672,29.0
HONORIO,1665,69.5
JESUS IGNACIO,1665,54.6
FRANCO,1663,40.0
PEIO,1663,18.2
AHMAD,1662,28.9
JAMES,1661,46.8
WILSON,1661,46.3
AMAR,1660,47.7
KOLDO,1660,37.6
MIGUEL ALEJANDRO,1656,31.5
MODOU,1654,38.6
DAN,1650,35.6
ANTONIO RAFAEL,1648,51.9
DIEGO ANTONIO,1648,40.9
ALBINO,1643,67.7
JOSE GUILLERMO,1641,51.6
MUSA,1641,26.1
AYMANE,1637,17.5
BENEDICTO,1637,69.2
CRISTIAN CAMILO,1634,29.5
CIRO,1632,25.9
MIQUEL ANGEL,1630,43.3
CELEDONIO,1629,67.9
ANWAR,1628,14.5
THEO,1628,8.8
JAVIER ALEJANDRO,1624,32.9
MOHAMED ALI,1624,20.9
FERNANDO ANTONIO,1623,50.7
CARLOS FERNANDO,1620,47.2
ABDUL,1618,34.7
ILYASS,1613,19.7
JESUS CARLOS,1613,55.7
VLADYSLAV,1613,25.7
SERVANDO,1612,64.7
ABDELHAFID,1611,42.6
ARCADIO,1606,64.9
EUSTAQUIO,1605,68.2
JAVIER ANTONIO,1605,46.2
DAVIDE,1601,38.3
EINAR,1598,6.9
FRANCISCO JUAN,1597,56.4
BARTOMEU,1588,46.2
NOUR EDDINE,1588,41.8
JUAN MARCOS,1586,46.4
OLEH,1584,41.7
ALBERTO MANUEL,1583,46.4
SALAH EDDINE,1581,25.3
AMADO,1580,65.0
JOSE JORGE,1577,55.2
RUSLAN,1576,38.9
ENRIQUE JAVIER,1572,50.8
MIGUEL JESUS,1572,45.5
FERNANDO LUIS,1571,56.7
DIEGO ARMANDO,1570,33.1
SAMBA,1567,37.0
CRISTOFER,1564,29.0
JUAN AGUSTIN,1564,57.0
JOHN JAIRO,1556,44.8
MASSIMO,1549,38.0
OLEGARIO,1546,68.7
SERGIO MANUEL,1546,42.2
PABLO ANDRES,1545,38.0
GUILLERMO JOSE,1541,42.5
ZACARIAS,1541,56.2
JOSE MARIO,1534,52.1
SOULEYMANE,1530,33.8
ANDREY,1529,40.7
EL MOSTAFA,1526,50.3
NAEL,1524,5.6
JOSE EUGENIO,1523,58.1
LOIS,1523,13.7
IZEI,1521,7.8
SERGEY,1520,50.4
ROBERTO JOSE,1518,45.6
YANIS,1516,5.5
MANUEL DAVID,1514,39.6
JEAN PIERRE,1513,38.7
MAIKEL,1511,23.9
JOAN CARLES,1509,51.8
KEPA,1505,40.3
ARGIMIRO,1501,70.9
LUIS VICENTE,1501,55.7
ALBERTO JESUS,1499,44.1
NICASIO,1497,68.5
WASSIM,1492,11.6
COSME,1489,51.6
JOSEPH,1489,40.4
ABDOU,1486,37.7
DAVID JESUS,1484,38.7
DONATO,1484,65.6
SERGIO JOSE,1482,40.3
AMANCIO,1479,64.7
MOHAMED REDA,1478,17.6
NATHAN,1474,12.5
RIDA,1474,20.6
ALEJANDRO JESUS,1471,33.9
JUAN ALEJANDRO,1471,35.0
ALFONSO CARLOS,1469,58.9
BORIS,1468,41.5
FRANCISCO ANGEL,1466,53.5
RAFEL,1466,45.4
CARLOS ARTURO,1459,47.8
MANUEL CARLOS,1450,56.4
NADIR,1450,18.2
NAHUEL,1449,16.9
JESUS DANIEL,1448,35.8
EL MEHDI,1446,30.4
RAMON JOSE,1446,56.3
CRISTHIAN,1444,26.2
MORAD,1444,30.1
JOSE DIEGO,1443,47.0
ALBERTO JAVIER,1442,48.2
LARBI,1441,49.3
EMIL,1440,43.5
MYKHAILO,1440,30.3
JOSE FELIPE,1439,56.4
SERGIO ANTONIO,1439,44.4
EPIFANIO,1436,68.7
REDOUAN,1436,38.9
LOGAN,1435,6.6
MIGUEL MARIA,1434,58.8
MOUHAMED,1434,17.1
RAYCO,1434,35.5
ARATZ,1429,15.8
JUAN EMILIO,1428,52.5
JHONATAN,1427,31.0
JUSTINO,1427,69.2
ADRIEL,1425,11.9
LUCCA,1425,7.1
RAMON ANTONIO,1423,55.4
ANDERSON,1421,31.2
ANTONINO,1421,65.0
JOAN JOSEP,1421,53.0
JOSE DAMIAN,1421,51.3
BALBINO,1420,67.8
DANI,1414,12.8
DANIEL ANTONIO,1412,38.6
KHALIL,1412,34.2
OUALID,1412,24.8
ALEJANDRO JAVIER,1410,36.9
JAWAD,1409,31.2
ZAKARIAE,1409,24.9
FRANCISCO ALBERTO,1408,48.7
BOUBACAR,1405,35.1
HAKIM,1405,37.5
JESUS LUIS,1403,60.4
NIKOLAY,1403,43.6
XIAN,1403,13.3
MAEL,1402,6.9
ABILIO,1401,68.4
FRAN,1401,11.7
PETRU,1401,50.6
COSTEL,1399,48.6
YAEL,1398,8.6
BABACAR,1396,34.6
ZAID,1395,18.0
LUIS ANDRES,1392,43.6
JULIO MANUEL,1391,52.5
DANIELE,1389,39.5
REMIGIO,1384,66.9
MARIO ALBERTO,1383,43.2
HARITZ,1382,26.5
MILOUD,1382,47.0
HERIBERTO,1375,56.9
ISSA,1374,31.9
IULIAN,1374,43.9
ANDRES MANUEL,1373,48.5
VITALII,1373,39.5
BUENAVENTURA,1371,65.4
VICTORIO,1371,68.6
JORGE EDUARDO,1369,46.7
PEDRO ENRIQUE,1369,49.3
OSCAR DAVID,1366,37.6
JEREMY,1365,18.9
JOSEP ANTONI,1361,55.6
BAKARY,1359,36.4
JOSE JAIME,1358,55.1
MARIN,1358,53.0
REINALDO,1355,53.1
IGNACIO MARIA,1354,55.3
JUAN TOMAS,1354,56.8
STANISLAV,1349,36.7
ABDERRAZAK,1347,40.3
YASIN,1347,17.9
FRANCISCO ANDRES,1344,49.2
YAROSLAV,1344,36.4
DENYS,1343,29.2
MICHELE,1338,43.4
ANDRES JOSE,1336,46.7
JOSEP ORIOL,1336,46.9
HECTOR MANUEL,1335,40.1
JESUS FERNANDO,1334,55.3
JAVIER JESUS,1333,42.7
JORGE JAVIER,1333,43.3
ROMUALDO,1326,62.4
RONALD,1324,46.0
EFRAIN,1322,40.6
AIUR,1317,6.8
JOSE ESTEBAN,1317,54.3
ALIOU,1316,35.8
AURELIANO,1315,68.8
JOSE ADRIAN,1314,32.6
DAVID MANUEL,1313,39.2
JOSE MARIANO,1313,57.9
MIGUEL FRANCISCO,1311,53.6
ENAITZ,1309,14.3
YURIY,1309,47.9
EDUARDO MANUEL,1307,48.8
FRANCISCO TOMAS,1305,50.9
BOGDAN,1303,34.1
VICTOR ALFONSO,1302,35.9
ELIO,1301,32.2
JAVIER JOSE,1301,45.1
MANEX,1301,16.3
DAVID ANTONIO,1300,40.9
MOHAMMED AMINE,1300,20.2
GIORGI,1299,31.4
HAFID,1297,43.4
ZEUS,1296,21.8
TAREK,1295,28.7
REYES,1293,59.0
MANUEL IGNACIO,1292,51.3
OLEKSII,1292,35.2
JOSE RUBEN,1288,42.7
JOAQUIN MANUEL,1287,52.3
MARIO JOSE,1281,44.3
CARLOS ALFREDO,1280,41.6
KYLIAN,1280,4.7
FREDERIC,1279,52.4
GEORGI,1277,42.7
VICTOR JESUS,1274,42.8
ANDREW,1271,37.9
EUDALD,1270,31.9
EDUARDO ANTONIO,1269,47.5
IOSU,1269,37.3
SALVATORE,1269,47.4
JESUS SALVADOR,1266,56.0
ALFONSO JAVIER,1263,49.5
ARAY,1262,6.9
CARLO,1262,35.1
CARLOS ALEJANDRO,1256,35.2
EVAN,1250,8.5
JOSE LORENZO,1249,57.2
PERFECTO,1249,69.5
JORGE MIGUEL,1248,44.3
GIANLUCA,1247,30.2
TAHA,1245,15.1
PATXI,1243,46.6
AISSA,1241,37.7
JAVIER IGNACIO,1240,49.7
TAOUFIK,1238,36.7
SERGEI,1237,43.1
ALLAL,1236,52.8
MARWAN,1236,15.3
SERGIO ANDRES,1236,32.5
JOAQUIN JOSE,1235,53.7
HAROUN,1232,6.8
JESUS ALEJANDRO,1230,34.6
MANUEL JAVIER,1229,52.2
JORGE DAVID,1228,36.9
JOSE VICTOR,1228,53.1
SIMONE,1228,36.1
TIMOTEO,1228,66.3
JORGE ALEJANDRO,1226,36.9
PEDRO VICENTE,1225,56.2
RAFAEL MANUEL,1224,50.5
VICTOR DANIEL,1223,36.5
ANGEL RAMON,1222,54.8
VICTOR ANTONIO,1220,44.3
ANTONIO JOAQUIN,1218,51.6
ALFREDO JOSE,1217,49.2
RICARDO ANTONIO,1217,46.8
HASSANE,1215,45.1
OSCAR JOSE,1213,47.2
LUIS GABRIEL,1211,39.9
GARIKOITZ,1210,38.7
AMALIO,1209,64.1
SORIN,1208,46.6
LISARDO,1206,58.7
OSCAR EDUARDO,1206,37.7
YOUSEF,1206,18.8
JOFRE,1205,21.5
NEL,1205,10.6
DANIIL,1204,18.0
SENEN,1204,53.5
AYOZE,1203,33.6
CRESCENCIO,1203,72.7
JOSE MARCOS,1203,51.0
ZIYAD,1203,8.1
LAURENTINO,1199,70.7
NICOLA,1199,38.2
MAKSIM,1198,25.4
ONOFRE,1197,59.0
IMRANE,1196,9.6
ISLAM,1195,12.5
JOAN ANTONI,1195,51.7
JUAN FELIX,1195,57.8
JOSE BERNARDO,1194,57.5
LUIS GUILLERMO,1188,45.9
EMILIO JESUS,1185,47.5
ANDREAS,1184,42.8
ANTONIO ENRIQUE,1181,53.9
VICTOR MIGUEL,1181,44.4
DOMINGO JOSE,1174,50.3
JORGE DANIEL,1172,39.8
JAD,1171,7.8
MANUEL MIGUEL,1171,54.7
NAUZET,1170,26.4
ALEXEY,1169,41.4
RICARDO MANUEL,1168,48.6
CESC,1167,10.5
LEONEL,1161,29.1
CAMILO ANDRES,1160,29.6
EROS,1160,15.6
ALVAR,1159,27.2
BOHDAN,1156,34.7
ANGEL DANIEL,1154,31.7
JOSE ARMANDO,1154,43.8
RADOUANE,1152,37.9
CRISTOPHER,1151,23.1
PEDRO DAVID,1151,39.3
JESUS VICENTE,1149,57.0
IVAN JOSE,1147,39.5
PEDRO IGNACIO,1147,53.7
JEAN PAUL,1146,31.7
RAIMON,1146,42.3
KHALED,1145,38.0
VICENTE RAMON,1144,59.3
DANILO,1143,37.4
DANIEL ALBERTO,1142,41.0
JAVIER MARIA,1140,53.6
NATALIO,1140,60.3
CARLOS ALFONSO,1139,50.1
PEDRO ALBERTO,1137,49.9
DANIEL EDUARDO,1134,35.7
JORGE JOSE,1133,47.5
PABLO LUIS,1132,48.5
ALVARO JESUS,1131,35.7
JUAN EDUARDO,1130,46.9
ZIAD,1130,10.8
FRANCISCO ALEJANDRO,1127,40.1
PEDRO RAMON,1127,56.3
ANDRES EDUARDO,1126,31.6
EBRIMA,1126,32.6
LUIGI,1126,48.6
MANUEL ANDRES,1125,48.7
URTZI,1125,29.4
RAFAEL FRANCISCO,1123,54.2
ANDY,1122,21.9
EVELIO,1120,65.3
OTHMANE,1119,26.3
PEP,1118,15.9
JHON ALEXANDER,1113,32.1
YURII,1113,39.3
AMABLE,1112,69.1
JORGE IVAN,1109,43.3
DAOUDA,1107,35.4
CIRILO,1106,69.8
CARLOS GUSTAVO,1104,47.7
HOUSSAM,1104,21.9
PAVLO,1104,35.5
ILIE,1101,50.1
ISHAK,1101,10.4
ADEL,1099,33.5
EL MUSTAPHA,1098,46.3
UBALDO,1098,63.8
PERU,1095,14.8
MAHER,1092,11.1
CATALIN,1086,41.2
VICENTE ANTONIO,1083,57.2
ZOUHAIR,1081,32.9
ANTONIO FERNANDO,1080,55.0
AUREL,1080,52.4
JAIME JOSE,1079,48.5
DMITRII,1075,35.4
VINCENZO,1075,47.0
BREIXO,1074,14.4
VLADISLAV,1074,30.6
ALEXANDRO,1073,25.0
ALEKSEI,1072,36.8
EL BACHIR,1072,46.7
FRANCISCO JOAQUIN,1071,50.6
JOAQUIN ANTONIO,1071,54.2
ANDRES DAVID,1070,27.7
ALEJANDRO ANTONIO,1067,38.3
EKHI,1067,11.3
EMETERIO,1066,70.3
MOSTAPHA,1064,45.3
EDUARDO JAVIER,1062,45.9
EDELMIRO,1060,69.2
MIHAIL,1060,43.6
MAHMOUD,1058,39.3
CRISTIAN ANDRES,1056,32.0
ANGEL ALBERTO,1055,48.2
CESAR ANTONIO,1055,45.6
FELIX MANUEL,1055,52.5
JULIAN DAVID,1055,29.5
MBAYE,1055,40.4
LAMIN,1052,32.1
EMILIO MANUEL,1050,50.5
MARCIANO,1050,71.2
ALFRED,1048,51.0
JUAN GUILLERMO,1048,45.4
RICCARDO,1048,37.4
HECTOR JOSE,1047,41.6
OTHMAN,1047,24.4
ALFONSO MANUEL,1046,49.0
JOSE OSCAR,1046,51.9
DOROTEO,1045,71.5
FAISAL,1045,35.2
MAROUAN,1045,20.8
AIMAN,1044,17.8
RENATO,1044,46.8
FRANCISCO CARLOS,1043,53.7
MYKHAYLO,1042,50.1
NATANAEL,1040,24.0
OSCAR ANTONIO,1039,45.5
STEPHEN,1038,56.1
YASIR,1038,23.0
AMANDO,1037,64.6
EMILI,1035,58.9
JOSEBA ANDONI,1033,54.5
MBAREK,1033,47.7
JUAN LORENZO,1031,57.8
KEVIN ANDRES,1028,23.7
CALIXTO,1027,66.2
YONATAN,1027,36.0
VICENTE JESUS,1025,52.7
DAMIA,1023,32.0
ENRIQUE JESUS,1022,48.9
EIDAN,1021,8.8
RAMON MARIA,1019,61.0
BACHIR,1018,46.3
ERLANTZ,1018,26.6
DANIEL ENRIQUE,1014,36.5
ENMANUEL,1014,27.8
ALFONS,1013,56.6
JOSE ARTURO,1011,55.1
JOAN MANUEL,1010,42.1
VALERIO,1010,47.3
ISIDRE,1009,61.9
JESUS ANDRES,1009,45.5
RICARDO JAVIER,1009,47.4
CURRO,1008,10.2
EDUARDO JESUS,1008,45.3
ADEI,1006,8.9
ABDULLAH,1005,18.7
RAFAEL CARLOS,1004,51.1
EÑAUT,1003,20.3
FRUCTUOSO,1002,70.2
LIONEL,1002,21.7
MOR,1002,40.0
CARLOS MARIO,1001,41.9
MILLAN,1001,39.1
FABRIZIO,999,36.9
OSKAR,999,36.9
JORGE FRANCISCO,996,45.8
GUIM,995,11.7
DEMBA,991,37.2
LUIS ERNESTO,991,46.5
ABDELMALEK,987,43.9
CARLOS AUGUSTO,986,46.4
FELIX JOSE,982,54.6
MACARIO,982,69.8
MAGI,982,32.1
PABLO DANIEL,981,38.6
REGINO,981,65.7
SAMUEL DAVID,980,18.7
LADISLAO,975,64.0
SANTIAGO MANUEL,975,46.7
YURI,974,29.1
ROBERTO ANTONIO,972,47.4
JUAN CRISTOBAL,970,50.0
TIRSO,970,39.8
JESUS EDUARDO,969,41.3
ALVARO MANUEL,968,35.6
FERNANDO MARIA,967,56.8
ASSANE,965,35.2
JOSE CARMELO,965,58.9
GUIDO,964,41.2
JORGE CARLOS,963,49.6
VICENTE LUIS,963,60.0
ANTONIO ALBERTO,962,50.3
ABDALLAH,961,43.7
HECTOR FABIO,961,46.8
SERGIO DAVID,960,35.0
JEREMIAS,959,40.5
JOHN ALEXANDER,959,37.7
DANIEL ANDRES,958,29.8
SALUSTIANO,958,68.5
CRISTINO,957,64.5
ANDRES MAURICIO,956,35.0
JOHAN SEBASTIAN,956,25.9
WILFREDO,956,48.7
CASTO,954,63.6
FRANCISCO ENRIQUE,952,53.5
NAJIM,952,40.1
GERONIMO,950,41.2
DOMINGO ANTONIO,949,59.7
FERNANDO MIGUEL,949,48.6
MARCOS JOSE,949,40.5
OTMANE,948,29.0
JESUS RAFAEL,947,47.9
ALDO,946,38.8
FLAVIO,946,34.5
ADRIAN JOSE,945,29.6
CESAR MANUEL,944,50.2
DANIEL FELIPE,944,27.5
JOSE AURELIO,944,59.9
CIRIACO,943,71.3
NASSIM,943,15.9
SALMAN,943,13.9
AINGERU,942,26.9
NAZARIO,942,66.0
PORFIRIO,941,68.8
GABRIEL ANTONIO,940,38.5
ABDELOUAHED,939,44.3
YUSEF,939,22.1
MHAMMED,936,49.8
PEDRO ANDRES,936,49.1
ASENSIO,935,59.4
DAYRON,935,16.3
BRANDON,934,20.6
IVAN JESUS,934,37.5
JOSE NICOLAS,934,47.9
KEVIN ALEXANDER,934,23.5
MARKO,934,21.0
JOSE ALEXANDER,930,37.0
ODEI,929,16.2
RAFAEL LUIS,929,54.7
LIHER,928,14.4
ABDERRAZZAK,927,41.1
ARTHUR,927,22.2
DMITRY,927,43.1
FREDDY,926,48.2
CARLOS RAFAEL,924,46.3
CUSTODIO,921,65.5
RAMON JESUS,921,51.0
ALESSIO,920,30.3
EDWARD,919,40.4
RUPERTO,919,67.0
JOSE ERNESTO,918,49.9
LUIS SANTIAGO,917,46.2
TORCUATO,917,63.4
SANTIAGO JESUS,916,39.6
AYTHAMI,915,26.4
ELEAZAR,915,32.1
ENRIQUE ANTONIO,915,53.3
FELIX ANGEL,912,58.6
PIETRO,912,38.4
JAVIER FRANCISCO,910,50.5
ANTONIO DANIEL,909,39.2
GERVASIO,907,67.5
CARLOS ROBERTO,906,46.6
VICENTE MIGUEL,906,57.0
FRANCISCO FERNANDO,905,55.4
GABRIEL JOSE,904,39.2
SILVIO,904,44.2
ALEJANDRO DAVID,901,27.2
USMAN,901,28.4
LUCIAN,900,43.6
SMAIL,900,39.7
KHADIM,899,31.9
OSAMA,899,19.1
JOSE LEONARDO,898,42.1
PABLO MIGUEL,898,40.1
JUAN SANTIAGO,896,55.4
GABRIELE,895,32.6
JOAO,895,41.8
OSCAR ALBERTO,895,48.7
RAFAEL MARIA,895,52.6
ABDELOUAHID,894,45.9
NIKO,894,9.3
ANGEL EDUARDO,892,38.6
CORNEL,892,51.6
OSCAR JESUS,891,45.1
JALAL,890,36.3
FELIX ANTONIO,889,54.1
ATANASIO,887,68.0
JAIME ANTONIO,887,52.5
LORIEN,886,11.5
ANCOR,885,19.8
DIEGO ALEXANDER,883,28.5
IRAI,883,5.7
JAVIER ENRIQUE,880,43.1
RAMSES,879,29.4
MATTHEW,875,21.0
DIEGO JAVIER,874,39.4
DIEGO MIGUEL,874,43.4
AITZOL,873,28.9
JOAQUIN MARIA,871,58.7
RIO,870,3.8
SERGIY,870,50.4
YOUCEF,869,32.3
SANTIAGO ANDRES,867,25.2
DIEGO ALBERTO,866,36.7
EL MILOUD,866,49.6
EULALIO,866,68.0
MANUEL ALFONSO,866,52.9
XABI,866,9.6
KONSTANTIN,865,36.6
PETRO,865,49.4
CARLOS HUMBERTO,863,49.1
SERHIY,863,48.7
VICTOR ANDRES,863,36.1
JEFFERSON,862,32.9
PEDRO ALEJANDRO,862,41.1
CASTOR,861,66.9
DORIAN,861,16.9
MICHAEL JOHN,861,66.5
RUYMAN,860,38.6
SOHAIB,860,14.9
ALBERTO CARLOS,859,47.2
KARAM,858,11.8
CRUZ,857,61.5
AZEDDINE,856,36.5
MALICK,856,34.7
JOSEP RAMON,855,55.4
ALBERTO ANTONIO,854,47.8
GIORGIO,854,43.6
IGNACIO MANUEL,854,46.9
IRAITZ,854,21.4
DANIEL ALEXANDER,853,24.3
ADUR,852,13.6
DIMITAR,852,44.7
EDMUNDO,851,62.2
OSCAR DANIEL,851,37.0
ANGEL ANDRES,850,45.5
MAGIN,850,65.6
GALDER,849,25.0
MATTIA,849,25.2
MIGUEL ENRIQUE,849,46.9
MOHAMED SAID,849,31.9
PEDRO DANIEL,849,39.2
JUAN BOSCO,848,42.1
VITALIY,848,43.7
ILIA,847,26.4
RICARDO ANDRES,847,34.9
KENNETH,845,41.7
MIGUEL LUIS,845,57.7
CARLOS IGNACIO,842,47.7
FORTUNATO,841,71.6
ANGEL FERNANDO,840,51.4
MANUEL EDUARDO,839,46.9
SIMEON,838,59.9
LUIS EMILIO,837,51.5
NUNO,837,14.2
VADYM,837,37.5
NAJIB,836,43.2
RYAN,836,17.5
LUIS RAFAEL,835,48.4
EL HASSANE,834,51.6
OSVALDO,834,49.7
FRANCISCO JULIAN,833,51.5
SANTI,833,25.0
DIEGO FRANCISCO,831,43.9
GABRIEL JESUS,831,33.2
OT,831,15.6
JOAN RAMON,830,54.3
OSCAR ANDRES,829,36.7
CARLOS RAMON,828,51.1
GABRIEL ANGEL,828,50.8
HATIM,828,24.2
INOCENTE,828,69.7
ALFONSO JESUS,827,46.5
CARLOS VICENTE,826,52.3
TARIQ,826,39.2
EL MAHDI,823,33.1
ABDELJALIL,822,37.7
NILO,822,28.3
ANTONIO GABRIEL,821,42.6
JAGOBA,820,35.6
MIGUEL MANUEL,819,51.2
ELVIS,817,34.9
JOAN MARC,815,33.0
TARAS,815,37.4
CARLOS GABRIEL,814,36.4
JOSE AUGUSTO,814,51.0
BELARMINO,813,69.4
FELICISIMO,813,72.9
IGNACIO JESUS,813,47.4
RAMON MANUEL,813,57.0
EL HABIB,812,44.8
JAVIER ANDRES,812,37.0
JORGE JESUS,812,42.5
PEDRO JOAQUIN,811,52.9
SAFWAN,811,6.7
AIDAN,809,13.3
JOSE ALVARO,809,46.2
MIRCEA,809,52.9
ANGEL RAFAEL,808,48.7
DAVID JOHN,808,66.5
BREOGAN,807,17.0
JARED,807,13.6
KIRILL,806,27.0
ANTONIO ALEJANDRO,804,40.3
OLIVIER,804,35.5
TELESFORO,804,70.4
MARIANO JOSE,803,52.8
OSWALDO,803,52.5
JORGE ELIECER,802,49.0
LUIS MARIO,802,39.2
TEODOR,802,39.6
FRANCIS,801,39.1
LIER,801,10.2
AMARO,800,39.6
ARMAND,800,35.8
BOUJEMAA,800,50.2
IORITZ,800,23.3
SEKOU,799,33.2
ARTURO JOSE,797,46.1
ALEJANDRO MIGUEL,796,34.3
MILO,796,7.1
NEYZAN,795,5.4
MARIO ANTONIO,793,47.4
ANGEL CARLOS,792,56.2
ARIAN,792,15.9
GIANCARLO,792,40.1
MAJID,792,40.9
NEFTALI,792,44.3
ABDON,791,59.1
ADRIAN JESUS,790,29.1
JULIA,790,36.1
LUIS ROBERTO,790,51.1
SERGIO ALEJANDRO,790,35.3
SILVINO,790,69.5
JAIME ANDRES,788,38.5
LUIS ARMANDO,787,44.6
DANUT,786,49.8
ENRICO,786,43.4
RAFAEL ENRIQUE,785,50.2
MARTIN JOSE,784,52.1
STEPAN,784,39.1
OINATZ,783,13.6
JHON FREDY,782,40.8
JOSE ISMAEL,781,45.4
RIGOBERTO,781,54.5
VADIM,781,39.2
FRANCISCO MARIA,779,57.5
JOAN MIQUEL,779,42.7
JOSE FERMIN,779,59.0
SALVADOR JOSE,778,51.0
IVO,777,35.4
JOSE ELIAS,777,52.7
SERGIO JESUS,777,40.4
SIRAJ,777,8.3
ANTONIO ANDRES,776,51.9
CARLOS IVAN,776,41.1
LOPE,776,41.2
MIGUEL EDUARDO,776,38.0
ANGEL VICENTE,775,56.2
DANIEL FERNANDO,774,36.5
JOSEBA IÑAKI,774,58.6
LUIS GONZALO,774,52.8
JAVIER ANGEL,773,53.8
PACO,773,14.9
ARNALDO,772,53.7
BRU,772,10.8
LIVIU,772,49.2
LUIS GERARDO,772,45.1
MIGUEL ANDRES,772,39.5
ANUAR,770,17.0
CRISTIAN JOSE,770,30.4
BENAISSA,769,49.5
PABLO ALEJANDRO,769,35.7
SEBASTIAN ALEJANDRO,769,21.9
TORIBIO,769,69.7
EDUARDO LUIS,768,49.5
JOAN FRANCESC,768,47.6
WEI,768,40.6
MARCOS JESUS,767,39.8
EUGEN,766,51.2
JOSE CRISTOBAL,766,51.8
RICARDO JESUS,764,46.8
MISAEL,763,38.7
JUAN RICARDO,762,52.8
PABLO ALBERTO,761,44.6
RAMON LUIS,760,59.2
MAURIZIO,759,51.0
ZIGOR,759,43.7
ADNANE,758,26.0
SAMUEL ALEJANDRO,758,18.0
SERGIO DANIEL,758,39.8
JUAN JULIAN,756,60.0
PABLO FRANCISCO,756,44.5
ROBINSON,756,42.4
VICENTE JUAN,756,58.2
ABDELKHALEK,755,41.5
NEO,755,8.6
PABLO CESAR,755,42.3
VICENTE FRANCISCO,755,58.3
VICTOR ALEJANDRO,755,33.8
ALEN,754,14.7
JASON,754,27.5
GUIU,753,11.1
LEOCADIO,753,67.0
PEDRO CARLOS,753,52.9
ALVARO JAVIER,752,34.4
CARLOS JULIO,751,48.7
DJIBRIL,751,36.3
JUAN NICOLAS,751,38.1
MANUEL JOAQUIN,751,55.6
MOHCINE,751,32.8
RABAH,750,48.8
UGAITZ,750,21.8
MANUEL REYES,749,56.1
RAUL ANTONIO,749,45.5
SERGIU,749,40.4
MOHAMAD,748,30.0
SALIOU,748,35.0
DOMINGO JESUS,747,49.3
MOKHTAR,747,50.6
MOUHCINE,747,31.8
SEBASTIAN ANDRES,746,25.6
JOSE ADOLFO,745,57.5
MARCOS MANUEL,745,42.6
RAFA,745,10.7
MARIO JESUS,744,45.2
MARLON,744,26.7
ATILANO,743,70.4
JOSE ABEL,743,49.4
MARTIÑO,742,10.9
TOBIAS,742,32.6
JOSE ROMAN,740,55.6
JORGE ARMANDO,739,41.0
CASIANO,738,67.0
OLMO,738,17.7
PEDRO ALFONSO,738,51.3
PEDRO RAFAEL,735,51.0
ALBERTO LUIS,734,52.7
YAYA,734,35.9
GUILHERME,731,28.3
CRISTIAN JESUS,730,30.4
JAIME ALBERTO,730,48.1
MANSOUR,730,37.4
LAHBIB,729,48.0
JAVIER MANUEL,728,45.8
ANDRES ALEJANDRO,727,28.9
DAVID ALEXANDER,726,27.5
HEGOI,726,13.9
OLEGUER,726,21.4
SERGIO LUIS,726,44.5
MANUEL JUAN,724,57.3
ROBIN,724,30.1
CHERKAOUI,723,45.1
ERNESTO JOSE,723,46.8
HERNANDO,723,55.3
JESUS GABRIEL,723,36.8
MARCO VINICIO,723,45.6
SALOMON,723,42.1
VICTOR LUIS,723,50.5
XOAN,723,19.8
AZZEDDINE,722,35.3
JENARO,722,67.8
FRANCISCO IGNACIO,721,52.2
HABIB,720,41.1
RAFAEL ALEJANDRO,720,36.6
LEONARDO JOSE,719,36.1
LEONID,718,42.8
PABLO ENRIQUE,718,43.6
SANTIAGO JAVIER,718,43.2
ANTONIO PEDRO,717,57.0
FABIAN ANDRES,717,31.2
VIACHESLAV,717,43.3
FELIPE JOSE,716,49.3
QUINTIN,716,64.4
ANDRES FRANCISCO,715,50.8
BASTIAN,715,9.3
RAFAEL ALBERTO,713,45.1
SOFIANE,713,32.6
VALENTI,713,51.6
ANGEL ENRIQUE,712,47.9
JULIO ENRIQUE,710,50.9
CARLOS ANGEL,709,53.1
ROY,709,37.3
ILLIA,706,20.5
EMILIO JAVIER,704,48.8
AMJAD,703,25.9
ANDRES MIGUEL,703,48.0
FILIBERTO,703,64.9
LEV,703,14.0
MOULOUD,703,48.5
AIDEN,702,7.8
GALO,702,46.8
KHALIFA,702,44.4
SULAYMAN,702,22.4
EL HOUCINE,701,41.8
JOSE GERARDO,701,54.4
MANUEL SANTIAGO,701,53.2
RAFIK,701,34.2
GUILLERMO ANTONIO,700,46.0
JOHAN,699,27.4
ROBERTO JAVIER,699,48.9
WASIM,698,13.7
YEVHEN,698,39.2
JAIME MANUEL,697,47.7
JONATHAN DAVID,697,30.4
ABDENBI,696,46.9
CRISTIAN DANIEL,696,28.8
ABDELFATTAH,695,39.6
DANIEL FRANCISCO,694,39.7
DIEGO LUIS,694,47.8
MASSIMILIANO,694,43.3
SUFIAN,694,24.5
DAVID SANTIAGO,693,24.6
FROILAN,693,59.3
TONY,693,32.8
ALVARO ANTONIO,690,40.5
ARTAI,690,7.6
EL HOUSSINE,690,44.4
LAUTARO,690,21.0
EUGENI,689,51.2
SAM,687,17.7
ANGEL CUSTODIO,686,56.4
CHRISTIAN DAVID,686,28.9
JOSE ORIOL,686,58.4
ALEJANDRO DANIEL,685,32.6
DILAN,684,11.1
FILIPPO,683,33.9
ZAYD,683,9.8
ALEKSANDAR,682,36.2
BOUCHAIB,682,50.1
FEDERICO JOSE,681,51.9
JORGE IGNACIO,681,46.0
EDUARDO ENRIQUE,680,46.8
IVAN MANUEL,680,35.4
JOAN MARIA,680,61.9
JOSE GERMAN,680,54.5
LUIS PEDRO,680,55.0
MARCOS JAVIER,680,39.9
SOULAIMAN,680,20.6
JOSE MATIAS,679,52.3
SLIMANE,679,43.0
GONZALO JOSE,678,42.1
YACINE,678,30.5
KENAI,677,7.7
OWEN,677,12.0
BABA,676,37.7
CHARLES,676,45.7
IU,676,15.0
MIGUEL ALBERTO,676,46.2
NEIL,675,30.9
WAEL,673,15.1
ENRIQUE LUIS,672,57.0
DANIEL ANGEL,670,46.4
CIPRIAN,669,42.0
JON ANDONI,669,49.8
LUIS RICARDO,668,47.2
TANAUSU,668,35.8
LUIS GONZAGA,667,48.8
HAO,666,27.1
YOUSSOUF,666,32.8
VALERII,665,49.6
ANATOLII,664,49.0
GASTON,664,36.0
RAMON ANGEL,664,60.5
ZOUHIR,664,31.8
ABDELOUAHAB,663,43.3
LUIS JORGE,663,52.8
TAYEB,663,47.9
JOHN FREDY,661,43.2
LUIS ARTURO,661,46.6
SHAHID,660,41.7
ARAM,659,24.2
JAVIER EDUARDO,659,39.7
TOMEU,659,21.0
ANTONIO TOMAS,658,55.2
GRACIANO,656,69.5
JUSTINIANO,656,69.9
SALAHEDDINE,656,25.7
DAVID FERNANDO,655,36.1
RIYAD,655,9.1
SERGII,655,46.5
DOMENICO,654,48.5
FRANCISCO SALVADOR,653,53.2
PABLO NICOLAS,653,26.5
CESAR LUIS,651,50.5
EL MOKHTAR,650,49.3
MIGUEL RAMON,650,56.1
OSSAMA,650,20.8
CESAR DAVID,649,34.2
JOSE SEBASTIAN,649,46.5
JUAN GREGORIO,649,57.5
RIAD,649,16.5
MATHEUS,648,22.9
ROBERTO JESUS,648,45.6
JESUS ALFONSO,647,51.3
PETRE,647,53.8
ABIAN,646,25.7
FRANKLIN,646,42.1
NIKOLAI,646,34.4
CONSTANCIO,645,71.9
ALEXEI,643,35.5
CRISTO MANUEL,643,45.0
DOMENEC,643,57.7
LEVI,642,21.2
SEVERO,640,67.3
JUNIOR,639,27.3
PIERO,639,19.7
TOMAS JOSE,639,53.4
FRANCISCO EDUARDO,638,50.6
JOAQUIN JESUS,636,49.0
MIROSLAV,636,41.6
NIKOLAS,636,17.9
ORENCIO,636,71.3
ROBERTO MANUEL,636,48.1
MARCELIANO,635,71.2
GOTZON,634,47.9
HAROLD,634,42.4
PABLO DAVID,634,34.0
TAHAR,634,49.5
ANDRES ANTONIO,633,49.7
MANUEL SALVADOR,633,54.0
VICTOR DAVID,633,36.4
ARIDANE,632,26.6
LIAN,632,7.4
XUBAN,631,14.1
DANNY,630,31.2
GIACOMO,630,35.9
DANYLO,628,17.8
DARIEL,628,13.2
GRIGORE,628,52.0
FREDY,627,47.2
JUN,627,37.5
MARCO AURELIO,627,42.7
HAITAM,626,15.8
IDRISS,626,31.1
JOSE ISRAEL,626,42.2
EIZAN,625,7.3
SERGIO JAVIER,625,40.8
YONATHAN,625,34.2
ADELINO,624,65.8
RUBEN JESUS,624,38.1
FALLOU,623,27.9
PEDRO FERNANDO,623,53.4
UMAR,623,26.9
BERNARDO JOSE,622,50.2
EMANUELE,622,37.4
JOAO PEDRO,622,29.2
MANOLO,622,47.3
MOHSIN,622,31.0
ALY,621,35.3
ELIEZER,621,31.8
FRANCISCO PEDRO,621,57.1
OTTO,621,18.4
IDRISSA,620,36.0
NICHOLAS,620,33.7
TXOMIN,620,45.8
GIANFRANCO,619,38.0
NAZAR,619,22.9
YON,619,39.4
DANIEL DAVID,618,30.7
MIGUEL CARLOS,618,55.7
OVIDIU,618,45.0
RADU,618,45.9
DIEGO MARTIN,617,39.7
MANUEL RAFAEL,617,54.8
RUBEN JOSE,617,41.1
LEONARD,616,27.7
JIE,615,35.4
LASSANA,615,33.5
NAOUFAL,615,29.0
PIO,615,65.5
YAHIA,615,26.1
DOMINGO JAVIER,614,50.5
LUIS PABLO,614,49.9
RAFAEL EDUARDO,614,43.2
EVGENII,613,38.3
FERNANDO DAVID,613,36.6
RAUL JOSE,613,43.2
JORGE RAMON,612,50.5
DOMINIC,611,13.1
FERNANDO DANIEL,611,40.9
OUSMAN,611,28.1
SEYDOU,610,35.0
CRISTIAN MANUEL,609,30.1
EKI,608,9.1
LUIS HUMBERTO,608,51.5
ARMANDO JOSE,607,46.1
JULI,607,42.3
LAKHDAR,607,49.0
TOUFIK,607,40.6
RAMON FRANCISCO,606,58.0
CALEB,605,11.4
EMILIO ANTONIO,605,55.0
ADOLFO JOSE,604,50.7
CARLOS FELIPE,604,43.1
FAHD,604,21.3
JULIO ANGEL,604,54.9
RAFAEL MIGUEL,604,51.9
CARLOS JUAN,603,54.8
MARIO ALEJANDRO,603,33.8
JOSEP MIQUEL,601,50.9
KERMAN,601,22.9
EDUARDO FRANCISCO,599,51.6
GURPREET,599,31.3
JULIAN JOSE,599,51.2
NICOLAU,599,30.9
NIKOLA,599,28.2
ANIS,598,16.0
ENRIQUE FRANCISCO,598,55.4
LAURENTIU,598,44.6
BOUAZZA,597,49.0
JOSUE DAVID,597,25.2
JOSE CRUZ,596,61.9
ADALBERTO,595,52.9
RAFAEL JUAN,595,56.2
JOAN MANEL,593,44.7
OUSSEYNOU,593,35.9
JAIME LUIS,592,52.5
POLICARPO,592,68.8
AYMEN,591,18.6
EUTIMIO,591,73.0
KRISTIAN,591,23.1
MANUEL EMILIO,591,53.2
RAUL ALBERTO,591,48.6
TOM,591,24.1
ANDRES FERNANDO,590,40.5
ANTONIO IGNACIO,590,53.0
JOSE ALEXIS,590,45.8
JULIO MIGUEL,590,53.5
ANTONIO DOMINGO,589,56.6
BELKACEM,589,47.9
ISHAQ,589,8.0
EDUARDO MIGUEL,588,47.3
PEDRO TOMAS,588,54.0
JOSE VALENTIN,587,54.2
JUAN ROBERTO,587,54.9
ABDELMALIK,586,47.4
MAXIMIANO,586,68.2
RAFAEL DAVID,586,39.3
ROLAND,586,47.2
EDISON,585,42.9
MARKUS,585,39.6
BASSIROU,584,37.4
JACK,584,25.5
JUAN JORGE,584,55.8
MANUEL PEDRO,583,57.3
DAME,582,40.4
DOMINGO MANUEL,581,54.5
HERMES,580,32.8
EUFRASIO,579,66.8
KADDOUR,579,52.9
CRISTOBAL JESUS,578,45.5
JHOAN SEBASTIAN,578,24.1
JOAQUIN FRANCISCO,578,54.9
CRISANTO,577,64.5
EKAI,577,8.4
JAVIER ALBERTO,577,44.6
MAXIMILIAN,577,20.3
SANTIAGO ALEJANDRO,577,22.0
NICOMEDES,576,67.6
SANCHO,576,20.3
SEBASTIAN JOSE,576,35.4
JAVIER LUIS,575,51.8
PABLO IGNACIO,575,43.6
KAMEL,574,46.0
SOFIAN,574,22.7
ALFONSO LUIS,573,55.2
PAULO JORGE,573,48.5
SOUHAIL,573,20.5
YORDAN,573,40.1
FRANCISCO AGUSTIN,571,52.6
LUIS ALEXANDER,571,32.2
MOAD,571,18.2
UNAY,571,12.6
YI,571,32.2
ALASSANE,570,35.1
FRANCISCO XAVIER,570,48.9
XURXO,570,25.6
MIGUEL JUAN,569,58.2
IVAN DARIO,568,40.1
JOSE BLAS,568,56.6
PETAR,568,45.4
MANUEL AGUSTIN,567,54.5
FELIX JAVIER,566,52.4
CRISTIAN ALEJANDRO,565,28.9
DAVID ANDRES,565,31.5
ABID,564,41.8
ANTONIO SALVADOR,564,54.3
EDORTA,564,42.0
MAHDI,564,24.5
VINCENT,564,35.5
AGER,563,17.1
FERNANDO GABRIEL,563,39.9
JORGE FERNANDO,563,48.0
REYNALDO,563,49.1
SANTIAGO DAVID,563,26.9
SERGIO MIGUEL,563,41.0
ARISTIDES,562,53.0
CARLOS ERNESTO,562,44.9
GENEROSO,562,69.7
SIDI,562,34.0
CESAR JOSE,560,49.4
GHULAM,560,43.1
TIMUR,560,19.6
JOSE GONZALO,559,56.3
MARIO ANDRES,559,35.7
ELIGIO,558,63.5
LUIS GUSTAVO,558,39.1
ANDRES JAVIER,557,44.5
CLAUDIU,557,41.4
MIRKO,556,34.4
JUAN BERNARDO,555,52.5
SEGISMUNDO,555,65.9
ALVARO LUIS,554,38.9
ILIASS,554,26.2
ALFONSO MARIA,553,54.7
ANTONIO EDUARDO,553,51.2
FRANCESC JOSEP,553,53.2
JORGE MARIO,553,45.4
SIRO,553,40.4
CARLOS ADRIAN,552,30.8
FRANCISCO RAUL,552,45.3
IOSIF,552,48.7
JOSE MAURICIO,552,45.4
JULIAN ANTONIO,552,53.9
GABRIEL EDUARDO,551,33.3
VALERIY,551,54.6
ASER,550,37.3
JOSE SANTOS,550,57.0
RESTITUTO,550,72.0
EUGENIO JOSE,549,53.0
RUBEN ANTONIO,549,41.4
VICTOR FRANCISCO,549,47.0
JHONNY,548,38.6
SAJID,548,32.2
GARY,547,51.8
KEVIN DANIEL,547,22.9
MARTIN ALEJANDRO,547,31.2
NICOLAS ALEJANDRO,547,29.6
FERNANDO ANDRES,546,40.4
DAREK,545,9.0
GERARDO JOSE,545,46.1
PETRICA,545,46.9
XABAT,545,19.1
BOUSSELHAM,544,47.1
JULIO JAVIER,544,49.5
JULIO JESUS,544,50.6
KENAY,544,6.7
MANU,544,17.7
OSCAR MIGUEL,544,44.7
CESAR ALEJANDRO,543,33.8
APOLINAR,541,67.3
CESAR ALBERTO,541,46.4
CRISTIAN JAVIER,541,33.4
ENRIQUE MIGUEL,541,52.1
JOSE RODRIGO,541,44.4
PHILIP,541,51.1
JONATHAN ALEXANDER,539,28.6
NATAN,539,28.3
WAQAS,539,34.7
DAVID FRANCISCO,538,42.3
ELLIOT,538,15.7
FELIX JESUS,538,52.6
KRASIMIR,538,48.4
MIGUEL IGNACIO,538,49.1
PEDRO JULIAN,538,54.6
ABDELHALIM,537,37.4
FARES,537,17.7
JESUS JUAN,537,56.3
MOHAMED RIDA,537,19.3
CARLOS RAUL,536,40.9
DOREL,536,52.8
EDUARDO ANDRES,536,37.4
KEVIN DAVID,536,25.3
PAULO CESAR,536,41.5
CARLOS GUILLERMO,535,48.0
JOSE ORLANDO,535,51.5
RAYMOND,533,56.9
GERSON,531,34.3
ZOILO,531,61.2
EGOR,530,21.6
WILMER,530,41.2
AZAEL,529,17.7
ALEJANDRO LUIS,528,43.8
JOAN SEBASTIAN,528,24.0
MATIAS EZEQUIEL,528,30.7
TEODOMIRO,528,69.1
AYYOUB,527,25.8
CARLOS EMILIO,527,48.4
ISMAILA,527,33.4
JUAN VICTOR,527,48.6
NICUSOR,527,45.9
DAVIT,526,33.2
IYAN,526,15.9
JULIO FRANCISCO,526,54.6
SULAIMAN,526,13.2
FRANCISCO ALFONSO,525,53.1
IGNACIO ANTONIO,525,48.2
JESUS PEDRO,525,58.1
CESAR ANDRES,524,34.0
FILIP,524,26.0
JON IÑAKI,524,56.1
OSCAR ALEJANDRO,524,36.5
ALEXANDR,523,35.8
IURII,523,45.5
MOHAMED SALEM,523,41.6
CESAR ENRIQUE,522,44.6
CHARAF,522,29.4
EVGENY,522,46.5
JUAN RAUL,522,45.3
SENDOA,522,26.6
DJAMEL,521,45.7
INHAR,521,12.8
KIMETZ,521,16.8
NASSER,521,28.7
TOMAS JESUS,521,49.8
ANGEL SANTIAGO,520,44.9
CRISTHIAN DAVID,520,28.9
CRISTOBAL JOSE,520,46.9
M'HAMED,520,47.4
RAFAEL VICENTE,520,57.9
ZEESHAN,520,29.5
FERNANDO ENRIQUE,519,48.4
ALBERTO MIGUEL,518,48.5
ANTONIO ALFONSO,518,55.2
BADREDDINE,518,28.2
HECTOR LUIS,518,42.2
RICARDO ALBERTO,518,48.1
AGUSTIN MANUEL,517,53.3
ALIOUNE,516,38.3
HAMED,516,47.9
HECTOR DANIEL,516,40.3
MARIO LUIS,516,50.4
MATIAS NICOLAS,516,28.9
CRISTO,515,35.5
FELIP,515,49.2
JIMMY,515,37.2
KEVIN ALEJANDRO,515,22.6
KOSTIANTYN,515,34.5
ANDRES AVELINO,514,62.4
ANTONIO AGUSTIN,514,56.5
JESUS JOAQUIN,514,52.6
ANATOLIY,513,54.8
ISABELO,513,67.7
LIBERTO,513,51.1
LUCAS GABRIEL,513,14.9
MELQUIADES,513,63.5
RAMI,513,21.0
VICTOR ANGEL,513,50.2
MANUEL FELIPE,512,51.2
PIERRE,512,46.6
JEAN,511,46.3
JOAQUIN MIGUEL,511,54.5
LUIS ADRIAN,511,29.4
OLIVERIO,511,51.6
OSCAR ENRIQUE,511,45.2
DAVID MIGUEL,510,38.3
JAIR,510,36.1
JAVIER ALEXANDER,510,30.1
OSCAR FERNANDO,509,44.6
RICARDO LUIS,509,54.4
MAMADOU LAMINE,508,34.1
SILVANO,508,63.1
ABDESSALAM,507,36.8
ANGEL IGNACIO,507,52.2
FELIPE ANTONIO,506,50.4
JAIME JESUS,506,47.4
AMADEU,505,55.0
ESTEBAN JOSE,505,46.3
JUAN ALONSO,505,51.4
YURY,505,52.2
HRISTO,504,44.2
ANDRES ALBERTO,503,41.7
DAVID GABRIEL,503,18.4
MIGUEL VICENTE,503,57.9
XOSE,502,42.6
CESAR JAVIER,501,48.1
DIEGO SEBASTIAN,501,32.8
GUSTAVO JAVIER,501,45.8
FERNANDO FRANCISCO,500,55.5
DAVID ALBERTO,499,40.4
JON MIKEL,499,42.3
NORDIN,499,33.5
HECTOR JAVIER,498,40.4
MIGUEL JAVIER,498,51.4
MYKYTA,498,21.0
CESAR EDUARDO,497,40.3
MARCOS DANIEL,497,29.2
PLAMEN,497,48.1
RADOUAN,497,38.8
VICTOR RAMON,497,48.5
ADRIAN ALEJANDRO,496,25.2
ARTEMIO,496,64.5
ILYA,496,30.1
JOSE RAMIRO,496,58.8
KOLDOBIKA,496,47.6
MAKAN,496,35.2
ABOUBACAR,495,29.7
VALERO,495,57.6
ELIECER,494,55.2
MUHAMMED,494,23.3
YANNICK,494,21.3
GUILLERMO MANUEL,493,43.8
JUAN ALFREDO,493,52.9
OCTAVI,492,41.5
RIDOUAN,492,37.7
SEBASTIAN JESUS,492,34.8
DANIEL ESTEBAN,491,31.3
DAVID ENRIQUE,491,36.4
ELISARDO,491,65.4
MIGUEL DAVID,491,35.7
NASIR,491,40.2
XIMO,491,20.7
ANARTZ,490,25.4
LUIS ALONSO,490,44.3
VICTOR GABRIEL,490,31.4
MODIBO,489,32.7
GERARDO ANTONIO,488,49.0
GUILLERMO JESUS,488,41.4
GUSTAVO ALBERTO,488,49.5
SOULAIMANE,488,20.5
WAIL,488,17.1
YUNES,488,19.5
BRYAN ALEXANDER,487,25.3
GONZALO JAVIER,487,42.3
HENRIQUE,487,30.6
JOHNNY,486,41.5
RAPHAEL,486,32.5
ESAU,485,35.3
PABLO ANGEL,485,47.7
ADONAI,484,16.9
AGUSTIN JOSE,484,54.1
FABRICIO,484,32.9
JOAO PAULO,484,41.7
JOSEP MANEL,484,51.6
LUIS ESTEBAN,484,46.9
PABLO MARIA,484,45.2
CRISTIANO,483,36.7
JUAN CARMELO,483,56.6
JULIAN ALBERTO,483,42.6
LUCINIO,483,73.0
DAVID ANDREI,482,9.8
EDDY,482,38.3
KYRYLO,482,22.3
PETR,482,39.2
DARIUS,481,24.3
SABER,481,22.0
JOAQUIN VICENTE,480,58.1
SOTERO,480,69.4
TITO,480,44.7
DIDIER,479,39.8
PEDRO AGUSTIN,479,55.0
GUSTAVO ANDRES,478,36.1
MAREK,478,41.8
PHILIPPE,478,51.4
ULPIANO,478,69.6
ALEJANDRO GABRIEL,477,30.2
ANDRES CAMILO,477,27.7
ANTONIO JORGE,477,54.4
FAISSAL,477,32.7
FRANCISCO PABLO,477,51.3
INAR,477,8.6
JESUS EMILIO,477,54.5
JESUS SANTIAGO,477,50.2
KEVIN JOSE,477,25.9
VICTOR EDUARDO,477,40.8
ALEJANDRO FRANCISCO,476,40.2
ALEXANDER JOSE,476,34.7
COSMIN,476,36.0
VICTOR RAUL,476,48.2
YASER,476,18.0
GUIFRE,475,19.7
HUGO JOSE,475,29.2
VASIL,475,44.6
AIRAN,474,25.7
BOUZEKRI,474,50.3
GUSTAVO ENRIQUE,474,45.2
JOAQUIN ANGEL,474,58.0
SALEM,474,39.8
AREN,473,5.1
ARSLAN,473,28.3
CARLOS MAURICIO,473,40.1
CARLOS SANTIAGO,473,42.7
SAMUEL JESUS,473,29.6
DIEGO ENRIQUE,471,34.3
FERNANDO ALBERTO,471,50.8
TEODOSIO,471,70.5
PAPA,470,41.5
EDILBERTO,469,56.3
JACINT,469,58.3
JOANES,469,20.3
JOSE HUMBERTO,469,50.7
JULIAN MANUEL,469,53.1
MANUEL DOMINGO,469,57.8
MARCOS DAVID,469,34.9
SOHAIL,469,29.7
ANGEL TOMAS,468,53.0
GUSTAVO JOSE,468,46.3
HONORATO,468,71.2
RODRIGO JOSE,468,33.1
CARMELO JESUS,467,51.4
DORIN,467,48.2
MANUEL RICARDO,467,53.3
TADEO,467,31.2
TOMAS ANTONIO,467,54.5
JORGE RAFAEL,466,44.6
NECULAI,466,54.5
PATXI XABIER,466,58.4
RAFAEL ANDRES,465,41.5
ROMA,465,26.2
CARLOS HUGO,464,46.9
SADIO,464,33.0
SAMUEL JOSE,464,26.7
ALIN,463,37.5
LAHOUCINE,463,46.8
ANTONIO PABLO,462,51.7
DOUGLAS,462,43.9
LUIS MARTIN,462,47.6
ALAI,461,10.7
ARMAN,461,28.1
FENG,460,41.2
JOSE ISIDRO,460,59.9
LEKBIR,460,50.7
PABLO SEBASTIAN,460,38.0
SALVADOR JESUS,460,46.5
SANTIAGO MIGUEL,460,42.8
BENICIO,459,26.5
HUGO ALBERTO,459,46.9
MATIAS ALEJANDRO,459,21.6
MONIR,459,32.7
NORMAN,459,47.8
ABDESSELAM,458,56.6
DEOGRACIAS,458,68.8
LUCAS DANIEL,458,17.4
VALERIU,458,52.9
ASAD,457,30.6
FERNANDO CARLOS,457,55.9
JESUS PABLO,457,54.9
JONATHAN JOSE,457,32.9
LAID,457,48.7
PERE JOAN,457,46.5
SAULO,456,29.0
GARI,455,11.4
JOSE GINES,455,47.7
JUAN EUGENIO,455,59.0
JUAN LUCAS,455,44.8
RAMDANE,455,50.0
SANTINO,455,14.3
ADRIAN MANUEL,454,28.8
AXIER,454,33.2
DELMIRO,454,68.9
FAROUK,453,25.5
JESUS MARIANO,453,57.2
IVAN ANTONIO,452,39.5
JAIME FRANCISCO,452,50.1
JOSE AMADOR,452,55.7
SANTIAGO ANTONIO,452,46.6
SERIGNE,452,39.9
ANTONIO JULIAN,451,54.1
ILLAN,451,18.8
MARCUS,451,26.8
RABIE,451,37.0
ELIOT,450,14.6
FRANCISCO SANTIAGO,450,56.7
HAYTAM,450,13.4
PATROCINIO,450,70.0
RUI,449,26.0
ABDELMOULA,448,38.5
DIEGO DAVID,448,30.7
JULIO ANDRES,448,45.5
ABDELGHAFOUR,447,33.5
IVAYLO,447,42.3
MANUEL TOMAS,447,55.7
SID AHMED,447,39.7
ANDRES MARIA,446,54.3
ANGEL PEDRO,446,57.9
CHRISTIAN JOSE,446,31.1
LEONARDO DAVID,446,26.9
MIMOUNE,446,44.7
DAILOS,445,31.1
DARWIN,445,33.4
ISIDRO JOSE,445,50.8
MICHAL,445,38.2
MIGUEL FERNANDO,445,51.1
MILTON,445,44.3
OSCAR IVAN,445,39.3
ABDENNOUR,444,30.6
EL ARBI,444,47.7
JUAN ISIDRO,444,56.8
JUAN MARIANO,444,57.1
RICARDO DANIEL,444,38.8
TIBURCIO,444,71.8
TOMAS MANUEL,444,52.7
JUAN MATIAS,443,50.6
ALBANO,442,41.9
ENOC,442,20.2
JUSTIN,442,20.9
LISANDRO,442,29.9
OTGER,442,14.3
ALFREDO MANUEL,441,52.5
GREGORIO JOSE,441,53.8
JEFFREY,441,42.1
JUAN BENITO,441,62.1
ZAIN,441,21.0
ALFONSO MIGUEL,440,50.9
CARLOS JOAQUIN,440,47.9
GUERAU,440,13.5
FODE,439,34.8
JAVIER CARLOS,439,54.9
SALEH,439,36.8
YAN,439,27.8
JIAHAO,438,18.7
LEOVIGILDO,438,65.2
MALIK,438,27.9
ANDRES LUIS,437,51.8
DIEGO MAURICIO,437,38.4
JERONI,437,42.7
DAVID DANIEL,436,31.7
JOSE MATEO,436,47.0
KEVIN JESUS,436,27.1
PABLO MARTIN,436,40.8
DIEGO ALONSO,435,30.0
MUHAMADOU,435,35.9
ALLAN,434,40.5
BERNARD,434,52.2
BRUC,434,6.3
NOUH,434,11.3
APOLONIO,433,70.6
BJORN,433,16.7
HECTOR DAVID,433,35.2
TOMMASO,433,31.6
GABRIEL ENRIQUE,432,32.4
NORBERT,432,48.8
ALEJANDRO ENRIQUE,430,38.0
DAVID EDUARDO,430,36.5
EMILIO FRANCISCO,430,56.0
NUÑO,430,18.5
RAFFAELE,430,46.2
RAHAL,430,49.3
SHAHZAD,430,39.1
TRINITARIO,430,63.3
JORGE ALEXANDER,429,36.0
JUAN ELIAS,429,47.3
JAVIER FERNANDO,428,46.9
JILALI,428,50.0
JOSE ELOY,428,56.7
TUDOR,428,45.1
AGONEY,427,25.0
HASAN,427,36.7
IVAN ALEJANDRO,427,32.2
JESUS ALFREDO,427,47.0
LORENZO JOSE,427,48.7
RAUL ALEJANDRO,427,35.5
THIERNO,427,37.6
TON,427,15.1
EUSTASIO,426,73.4
FRANCISCO SOLANO,426,49.4
GUSTAVO DANIEL,426,46.2
JUAN MATEO,426,40.4
KIRIL,426,34.5
OLEKSIY,426,44.8
PEDRO GABRIEL,426,43.5
CARMELO JOSE,425,51.1
JORGE VICENTE,425,49.6
JOSE AVELINO,425,61.9
MANUEL ESTEBAN,425,50.6
KIRIAN,424,20.1
MARIO JAVIER,424,43.6
SASHA,424,12.2
AQUILES,423,22.8
EREN,423,4.4
IRFAN,423,38.2
NICOLAS JOSE,423,39.9
ALVARO FRANCISCO,422,37.5
EUTIQUIO,422,76.1
GHEORGHITA,422,46.6
JOSE ALONSO,422,50.1
ROBERTO LUIS,422,52.0
BENET,421,51.2
FRANCISCO DOMINGO,421,55.0
MOHAMED LARBI,421,43.5
RUBEN DAVID,421,37.3
UXIO,421,22.3
ANGEL JUAN,420,56.8
EL MAHJOUB,420,47.1
FELIX ALBERTO,420,49.1
JAYDEN,420,6.4
PEDRO HENRIQUE,420,24.1
BRIGIDO,419,64.2
FLORENTIN,419,58.2
GONZALO MANUEL,419,42.2
CHRISTIAN ANDRES,418,32.3
HECTOR JESUS,418,40.8
EDINSON,417,44.5
JESUS ADRIAN,417,24.1
JORGE ANGEL,417,45.3
RAFAEL IGNACIO,417,49.7
SALIF,417,33.7
VICTOR ENRIQUE,417,43.9
CHERKI,416,50.2
HERMOGENES,416,67.2
RONALDO,416,36.2
AYAN,415,6.4
HUSSAIN,415,29.8
VINICIUS,415,29.7
ALEXANDRU GABRIEL,414,20.9
BALLA,414,39.3
ECHEDEY,413,31.9
LEONIDAS,413,27.5
ALBERTO FRANCISCO,412,49.8
FELIPE MANUEL,412,49.7
ORESTES,412,52.3
STEPHEN JOHN,412,64.0
TOMAS FRANCISCO,412,50.6
ANTOINE,411,38.2
FELIPE JESUS,411,50.1
HECTOR ANTONIO,411,41.7
LUIS JOAQUIN,411,54.4
MOHAMMED AMIN,411,16.7
CHRISTOPHER JOHN,410,60.8
DAOUD,410,23.5
GUILLERMO JAVIER,410,42.7
JOSE FIDEL,410,56.5
JUAN ERNESTO,410,49.0
LHOUSSAINE,410,41.1
MARIO FERNANDO,410,44.4
SEBASTIAN DAVID,410,21.0
ENRIQUE CARLOS,409,58.4
HOSSAM,409,18.6
NICU,409,48.0
ORLANDO JOSE,409,43.8
PELLO,409,33.7
CARLOS ARMANDO,408,44.1
PETER JOHN,408,68.4
ALEJANDRO RAFAEL,407,34.7
FRUTOS,407,71.3
MOHAMED AMIR,407,7.0
PEDRO EMILIO,407,51.7
RAMON ALBERTO,407,50.4
ANTONIO SANTIAGO,406,59.3
EDUARDO ALBERTO,406,51.7
JIAN,406,40.5
JOSEP FRANCESC,406,52.6
DAVYD,405,13.8
JORGE HUMBERTO,405,50.1
NADEEM,405,41.3
YU,405,32.2
IVAN DAVID,404,33.1
LUIS CESAR,404,52.9
RODRIGO ALEJANDRO,404,28.7
ABDOULIE,403,33.6
ASIF,403,41.4
JON JOSEBA,403,53.7
LUIS ORLANDO,403,47.9
OSCAR FRANCISCO,403,46.8
CARLOS MARTIN,402,44.8
CRISTIAN FERNANDO,402,32.9
FELIX MARIA,402,63.4
WOLFGANG,402,66.0
CRISTIAN ALEXANDER,401,27.3
HAROUNA,401,33.9
JOSE BENJAMIN,401,53.9
LUIS TOMAS,401,55.2
MANUEL PABLO,401,46.3
NICOLAS ANDRES,401,27.7
SALVADOR ANTONIO,401,52.4
SIDY,401,36.6
JORGE LEONARDO,400,37.6
VITO,400,34.5
DANIEL SANTIAGO,399,27.1
GABRIEL ANDRES,399,29.0
HANS,399,48.0
JAIME ENRIQUE,399,51.5
RIZWAN,399,36.8
BIBIANO,398,64.9
GUILLERMO ALEJANDRO,398,38.6
JESUS TOMAS,398,55.4
SADIK,398,41.7
STIVEN,398,26.4
YACOUBA,398,37.3
JORGE HERNAN,397,47.2
JOSE GUSTAVO,397,50.6
MATHEO,397,7.0
MATVII,397,9.4
MICHAEL STEVEN,397,26.6
PIOTR,397,44.4
TRAIAN,397,53.6
FRANCISCO MARTIN,396,48.5
JUAN MARIO,396,51.0
LARO,396,17.2
RAUL JESUS,396,40.6
USAMA,396,24.4
EDEN,395,16.3
JAVI,395,11.6
JESUS MARTIN,395,50.7
JONATHAN JESUS,395,34.1
LUAN,395,14.2
LUIS DOMINGO,395,55.2
MARCELO ALEJANDRO,395,42.7
NUNO MIGUEL,395,43.5
ABDELAAZIZ,394,44.1
ABDELILLAH,394,38.4
JOAN LLUIS,394,53.7
JONATHAN ANDRES,394,31.1
JULIO LUIS,394,59.6
ADONIS,393,34.9
ARMEN,393,41.8
BADR EDDINE,393,25.0
BAUDILIO,393,70.0
DOMINIK,393,22.7
JESUS DOMINGO,393,56.7
NOLAN,393,8.0
ALFONSO ANTONIO,392,54.1
RAUL MANUEL,392,44.0
RICARDO DAVID,392,32.1
SERGHEI,392,43.1
ALADINO,391,68.5
HAMMADI,391,50.2
JEAN CARLO,391,27.2
JOSE OMAR,391,44.2
NAVEED,391,40.7
YONG,391,44.7
FRANÇOIS,390,52.0
LUIS JUAN,390,58.1
LUIS OSCAR,390,53.8
RODRIGO ANDRES,390,34.5
ADRIAN ANTONIO,389,30.7
DAVID JAVIER,389,39.7
EDUARDO DAVID,389,35.8
ENRIQUE JUAN,389,56.6
GIULIO,389,37.5
JOSE SAMUEL,389,37.2
MARWANE,389,19.3
TIZIANO,389,24.4
TODOR,389,48.7
ANTXON,388,42.9
IGNACIO LUIS,388,51.0
SERAPIO,388,71.7
TAHIR,388,40.4
ELHADJI,387,39.4
FERNANDO RAFAEL,387,49.3
GABRIEL ALEXANDER,387,21.0
RENZO,387,33.2
VICENTE SALVADOR,387,59.4
ZUHAITZ,387,18.1
AMMAR,386,25.8
ANGEL PABLO,386,52.9
DOMICIANO,386,71.0
MUHAMMAD ALI,386,14.2
CARLOS ALEXANDER,385,28.9
FRANCISCO EMILIO,385,54.0
IVAN ANDRES,385,30.0
JOHANNES,385,51.7
JOSE LEANDRO,385,50.2
MOUHAMADOU,385,33.0
ONESIMO,385,67.7
ROMULO,385,51.3
YEHOR,385,17.1
KEITH,384,65.8
LOUAY,384,11.8
MADY,384,34.5
MANUEL ALFREDO,384,54.9
SERIGNE FALLOU,384,16.4
YADIEL,384,9.4
ZENON,384,56.5
JOHN EDWARD,383,52.9
LUIS ADOLFO,383,51.3
MIGUEL ALFONSO,383,48.8
DIEGO HERNAN,382,43.1
EYDAN,382,6.7
MATTIN,382,16.2
MAYKEL,382,29.1
PABLO EMILIO,382,45.7
PASCAL,382,45.3
RICARDO MIGUEL,382,46.3
SERGIO ENRIQUE,382,44.1
ARYAN,381,10.2
DJIBY,381,34.5
LEI,381,35.9
ANIR,380,5.9
AYOSE,380,36.0
DAVID NICOLAS,380,20.7
EITHAN,380,5.9
FERNANDO JUAN,380,53.3
JOSE DARIO,380,43.9
BOUCHTA,379,48.7
JORGE GABRIEL,379,37.1
LEONIDES,379,64.8
MARIO MANUEL,379,47.4
SOUFYANE,379,28.2
TYMOFII,379,12.6
ARSEN,378,29.9
BELISARIO,378,67.2
GUSTAVO ANTONIO,378,48.7
MARCELLO,378,41.3
MOHAMED YASSIN,378,19.9
MOHAMED YASSINE,378,23.6
OBDULIO,378,67.7
ABDELHAY,377,38.2
JAVIER DAVID,377,37.4
KRZYSZTOF,377,50.0
RAI,377,6.7
ABOU,376,35.4
BRAYAN STIVEN,376,25.9
GORA,376,39.8
JULIO ALEJANDRO,376,36.4
LEONARDO ANDRES,376,32.3
YEISON,376,29.7
JOAO CARLOS,375,45.6
KENZO,375,7.5
MAMOUDOU,375,33.4
NOUREDDIN,375,42.4
PASQUALE,375,49.8
VALERI,375,48.2
AISSAM,374,29.0
ALEKSANDER,374,21.2
CARLOS TOMAS,374,48.7
FRANCISCO RUBEN,374,39.8
GILBERT,374,45.4
HELIOS,374,39.0
JEROME,374,31.4
MARIO ENRIQUE,374,45.8
PABLO FERNANDO,374,44.7
YULEN,374,11.3
BENITO JOSE,373,53.6
CRISTIAN GABRIEL,373,29.7
ENRIQUE VICENTE,373,58.8
ERWIN,373,44.9
FRANCISCO IVAN,373,40.7
IGNACIO FRANCISCO,373,50.6
JORGE ARTURO,373,46.8
MARVIN,373,30.1
ODIN,373,17.3
RICARDO FRANCISCO,373,51.6
SACHA,373,22.1
YUSUF,373,17.8
ALCIDES,372,49.3
BRYAN STEVEN,372,25.9
GUSTAVO ALEJANDRO,372,40.7
JHON ALEJANDRO,372,27.5
JORGE RAUL,372,51.4
MARCO TULIO,372,47.5
CARLOS ESTEBAN,371,43.9
CRISTINEL,371,47.7
EUFEMIO,371,68.3
JOSE CESAR,371,57.4
MATTHIAS,371,35.7
NELU,371,50.8
TAO,371,28.8
ALIPIO,370,68.7
ALVARO ANDRES,370,35.4
BIN,370,41.4
NADAL,370,48.7
NASREDDINE,370,28.9
AIERT,369,17.7
HUGO MANUEL,369,28.2
MUNIR,369,30.8
OSCAR MAURICIO,369,40.0
ALEJANDRO NICOLAS,368,29.3
ALEXANDRU IONUT,368,25.2
AMOS,368,47.3
ANTONY,368,29.3
JOSE ELADIO,368,58.4
JURGEN,368,53.7
RANDY,368,31.9
CRISTIAN EDUARDO,367,34.0
ALGUER,366,6.6
EDOARDO,366,28.5
FELIPE ANDRES,366,37.5
HOSSAIN,366,51.2
MAURICIO ALEJANDRO,366,32.1
CRISPIN,365,63.8
GUILLERMO ANDRES,365,35.6
LUKE,365,16.1
CARLOS RUBEN,364,44.6
MELITON,364,68.6
ASTERIO,363,70.3
HERNAN DARIO,363,40.8
LUIS GERMAN,363,51.4
MOUHSSINE,363,32.2
RICARDO ENRIQUE,363,46.4
STEPHANE,363,46.7
YEVHENII,363,32.2
ANTONIO RAUL,362,43.3
FAOUZI,362,38.2
JOHN MICHAEL,362,48.8
LOTFI,362,37.4
LOUIS,362,30.7
NDIAGA,362,38.6
QASIM,362,29.1
RAFAEL JAVIER,361,50.6
SAMUEL ANDRES,361,18.0
TRINIDAD,361,67.9
DAVID ANGEL,360,42.2
DYLAN ALEXANDER,360,10.1
FELIX MIGUEL,360,54.2
HELIO,360,32.5
ISABELINO,360,66.1
JESUS FELIX,360,60.7
JOAN BAPTISTA,360,54.5
JUAN VALENTIN,360,47.7
VICENTE ENRIQUE,360,57.5
BUBACARR,359,31.0
FRANCISCO NICOLAS,359,41.7
JHON SEBASTIAN,359,24.5
LUIS ANIBAL,359,51.7
ROSTYSLAV,359,29.5
SAFOUAN,359,8.8
BRAIAN,358,16.3
LEONARDO FABIO,358,41.0
NICOLAS ANTONIO,358,41.3
PEDRO SANTIAGO,358,52.8
SELLAM,358,51.7
ANDRES ENRIQUE,357,40.4
ANTONIO EMILIO,357,54.5
JULIO FERNANDO,357,56.1
SAIKOU,357,32.8
STELIAN,357,50.5
ANACLETO,356,69.7
CARLOS FABIAN,356,40.8
SIDI MOHAMED,356,43.9
CAYO,355,70.5
CESAR JESUS,355,47.4
HOCINE,355,44.6
MOHAMADOU,355,36.7
RAFAEL FERNANDO,355,53.5
ZAHID,355,40.7
ANGEL SALVADOR,354,51.2
COSTICA,354,56.0
MAURICIO ANDRES,354,36.8
SALVADOR MANUEL,354,51.0
TIM,354,25.5
ALEJANDRO ALBERTO,353,42.8
CARLOS CESAR,353,49.8
FERNANDO RAMON,353,55.6
HECTOR ALEJANDRO,353,34.8
JOSE VIDAL,353,55.3
JOSEP MANUEL,353,58.2
MOHAND,353,58.6
RAMON MIGUEL,353,56.1
VICTOR ALBERTO,353,45.2
CAMILO JOSE,352,41.5
FERNANDO ANGEL,352,55.0
GONZALO JESUS,352,42.9
HOUARI,352,39.3
JOSE ANIBAL,352,51.5
SANTIAGO LUIS,352,53.1
SOULAYMAN,352,14.1
MOISES DAVID,351,29.7
OCTAVIAN,351,44.3
RUBEN MANUEL,351,38.4
VALENTYN,351,42.4
ALFREDO JESUS,350,51.6
AMERICO,350,58.7
DIOGO,350,29.3
JOAQUIN ALBERTO,350,47.5
JOAN ALBERT,349,42.2
JUAN MARCELO,349,44.7
KAMRAN,349,37.1
MIKE,349,29.7
SINFORIANO,349,69.7
ABBAS,348,43.2
GUILLEN,348,17.1
OUASSIM,348,21.2
PEDRO JULIO,348,52.7
ROMEN,348,27.0
UBAY,348,20.3
ABDELMOUNAIM,347,35.3
ABDESSLAM,347,50.2
AMARA,347,32.4
CHERIF,347,39.0
EDUARDO DANIEL,347,42.1
JOHN WILLIAM,347,59.7
JOSEP VICENT,347,51.9
JULIAN ANGEL,347,59.8
KAIET,347,15.9
SOUHAIB,347,15.5
ZAKARIYA,347,18.2
ALVARO MIGUEL,346,33.3
ELMER,346,43.8
HECTOR EDUARDO,346,44.8
CARLOS JORGE,345,52.4
COLIN,345,62.9
FAYSAL,345,28.4
HAMMOU,345,50.8
JAVIER ALFONSO,345,47.4
JOAQUIN LUIS,345,56.5
JOAQUIN RAMON,345,58.6
MICHAEL ALEXANDER,345,29.1
MIHAITA,345,45.6
SAMUEL ANTONIO,345,30.1
ABDELHAQ,344,38.4
AYAD,344,52.8
DANIEL LUIS,344,44.5
DANIL,344,21.8
GIOVANNY,344,34.3
GONTZAL,344,32.6
JUAN CLAUDIO,343,56.9
JULIEN,343,34.0
KLAUS,343,56.5
MARK ANTHONY,343,45.7
MAVERICK,343,8.5
SABIN,343,47.6
SERGIO ALBERTO,343,44.2
AIMAD,342,27.7
DAVI,342,16.0
HAMADI,342,41.9
IRIOME,342,15.7
LUIS RODRIGO,342,40.3
MD,342,33.1
NELSON ENRIQUE,342,44.7
VICENTE RAFAEL,342,57.7
CHRISTIAN ALEXANDER,341,29.8
EUGENIO MANUEL,341,54.9
LAUDELINO,341,70.6
MARIO DAVID,341,33.4
MIKAEL,341,21.3
SERGIO FRANCISCO,341,43.8
YAZID,341,18.0
ALFREDO ANTONIO,340,54.0
ANTONIO FELIX,340,57.9
ANTONIO RICARDO,340,55.4
BOUBKER,340,44.3
CLAUDI,340,43.8
JONATHAN JAVIER,340,29.9
PABLO JUAN,340,44.1
SIMION,340,52.4
ABDELATIF,339,42.4
ANTONIO NICOLAS,339,46.3
SANTIAGO NICOLAS,339,28.7
ARIS,338,12.7
DANIEL MANUEL,338,39.6
FRANCISCO DAMIAN,338,49.9
JORGE ALFREDO,338,48.1
JOSE ABRAHAM,338,35.1
JOSE FABIAN,338,42.5
LUIS MARCELO,338,48.5
TOMASZ,338,43.7
VICENTE CARLOS,338,55.0
EL HADJI,337,38.7
FIRAS,337,15.3
GAUDENCIO,337,72.5
GREGORI,337,47.4
HIMAR,337,21.2
JUAN SIMON,337,50.5
KAREL,337,28.7
MARIANO JESUS,337,54.1
TYMUR,337,13.5
WILLIAN,337,38.9
XIN,337,33.4
ANDREW JOHN,336,57.2
BOURAMA,336,36.0
CHRISTOPHE,336,47.3
HARPREET,336,30.8
IBRA,336,42.2
JAIRO ANDRES,336,33.8
JESUS ESTEBAN,336,53.9
MATEI,336,17.1
NICOLO,336,27.1
PABLO GABRIEL,336,37.0
VICTOR FERNANDO,336,45.1
ANGEL DOMINGO,335,55.6
HAITZ,335,16.1
ISAI,335,20.0
LEONARDO ANTONIO,335,38.6
ROCCO,335,34.3
ALVARO DANIEL,334,29.3
EGOI,334,16.9
FIKRI,334,38.8
JESUS DAMIAN,334,50.0
JIHAD,334,23.9
JOHAN ANDRES,334,26.1
JOSE FELICIANO,334,50.4
M HAMED,334,48.9
RODRIGO JAVIER,334,33.8
WILLIAM ANDRES,334,33.3
ADRIAN DAVID,333,21.6
ANDRZEJ,333,55.1
ANGEL ALEJANDRO,333,34.1
FEDOR,333,25.6
GIANNI,333,39.4
GIULIANO,333,37.5
GONZALO ANTONIO,333,44.7
JAIME MIGUEL,333,50.6
JAVIER VICENTE,333,47.6
SANDALIO,333,71.8
SILVIU,333,44.4
AARON DAVID,332,17.1
ANTONIO FELIPE,332,55.2
ARCADI,332,45.3
FARIS,332,12.4
JESUS GREGORIO,332,54.3
JOAQUIN IGNACIO,332,41.4
JUAN ARTURO,332,51.9
JULIAN FRANCISCO,332,54.2
DAGOBERTO,331,51.0
DIEGO IGNACIO,331,32.5
ELIES,331,27.6
GUILLERMO LUIS,331,47.5
ROBUSTIANO,331,70.5
SHAHBAZ,331,41.4
STEPHAN,331,42.2
ADEEL,330,32.2
DEMIAN,330,19.2
ENRIQUE ALBERTO,330,53.2
HAMIDOU,330,34.1
JEFERSON,330,32.7
JHON ANDERSON,330,29.1
LUC,330,19.7
ACHER,329,9.4
DIEGO ALFONSO,329,38.8
EDWIN ANDRES,329,34.8
FABRICIANO,329,70.5
FRANCISCO ESTEBAN,329,52.8
IDRIS,329,21.0
MANUEL EUGENIO,329,58.9
NAHUM,329,29.7
VITTORIO,329,40.4
YEREMI,329,14.5
ACOIDAN,328,25.0
ALAE,328,20.8
ATIF,328,33.9
CRISTIAN ANTONIO,328,32.3
ILIAN,328,15.5
JAIME JAVIER,328,48.7
LAMBERTO,328,60.6
MANUEL JORGE,328,56.5
PEDRO DOMINGO,328,55.6
SEAN,328,32.5
THIAGO ALEJANDRO,328,6.3
DOSITEO,327,71.9
EDUARDO RAFAEL,327,45.2
JAVIER MIGUEL,327,45.5
LUIS RAUL,327,46.5
PEDRO JORGE,327,52.7
CESAR MIGUEL,326,44.6
EDSON,326,41.2
JUAN PASCUAL,326,57.7
LAURENT,326,46.2
LEONARDO JAVIER,326,38.4
MATAR,326,38.2
QUIQUE,326,10.9
SATURIO,326,70.6
CARLOS JULIAN,325,45.8
DAMIR,325,18.6
DAVID RAFAEL,325,38.0
DIEGO NICOLAS,325,27.6
FERNANDO MARTIN,325,45.4
HUGO DANIEL,325,36.8
JESUS IVAN,325,42.0
ROBERTO MIGUEL,325,47.4
EMERSON,324,37.0
GERMAN ANTONIO,324,48.6
JUNAID,324,23.5
MICAEL,324,32.4
SANDEEP,324,34.2
VIRGINIO,324,65.1
DIRK,323,56.5
JOSE LUCAS,323,47.1
JUAN GONZALO,323,52.1
JULIO RAMON,323,55.9
QIANG,323,39.9
ROBERTO ALEJANDRO,323,37.9
ROBERTO DANIEL,323,44.4
ACORAN,322,21.5
CHEIKH TIDIANE,322,35.3
ERICK ALEXANDER,322,23.3
EYDEN,322,5.3
JAIME EDUARDO,322,46.2
RAMON VICENTE,322,60.6
SAQIB,322,34.5
GINO,321,31.8
LONGINOS,321,69.7
MARTIN JESUS,321,43.2
CRISTIAN ALBERTO,320,35.2
FABIO ANDRES,320,32.8
JOHN DAVID,320,52.1
LORENZO JAVIER,320,47.9
MIKEL AINGERU,320,49.4
ANTONIO MARTIN,319,52.8
CHAKIR,319,32.0
DIEGO ANGEL,319,45.0
DUARTE,319,23.2
GUILLERMO ENRIQUE,319,44.2
JUNJIE,319,24.4
CEDRIC,318,30.7
KASHIF,318,35.2
MANUEL LORENZO,318,57.7
MUDASSAR,318,37.4
SANAD,318,2.7
IONUT ALEXANDRU,317,27.1
JOEL DAVID,317,24.3
MICHAEL DAVID,317,45.4
NAEEM,317,38.7
ALESANDER,316,36.3
FABIAN ALEJANDRO,316,25.2
JAKES,316,13.2
JOSE CANDIDO,316,56.7
LUIS EUGENIO,316,58.5
MARZOUK,316,51.8
MOHAMMED SAID,316,43.3
NASIM,316,13.4
NOURDINE,316,44.0
OUSSAID,316,1.0
ALBERTO DAVID,315,38.9
DELIO,315,62.5
JOAO MANUEL,315,51.6
SULTAN,315,13.4
ADAI,314,10.9
BRUNO MIGUEL,314,37.4
FRANCISCO ADRIAN,314,33.4
HECTOR ENRIQUE,314,45.4
JESUS CARMELO,314,59.5
MATEO JOSE,314,26.8
RUMEN,314,46.9
SVEN,314,43.7
ZEBENZUI,314,37.1
CONSTANTE,313,68.4
DIEGO GABRIEL,313,30.0
FRANCISCO JORGE,313,56.0
IGNACIO MIGUEL,313,47.8
ILUMINADO,313,67.6
JOSE EMILIANO,313,54.1
JUAN FERMIN,313,57.6
LUCAS MANUEL,313,27.7
RODRIGO ANTONIO,313,38.1
VICENS,313,61.5
VIRGIL,313,53.4
ABUNDIO,312,75.9
AHSAN,312,32.1
DIEGO RAFAEL,312,36.8
DIMITRI,312,34.8
DJILALI,312,46.8
JOAQUIN JAVIER,312,51.3
JUAN ADRIAN,312,32.5
KAMIL,312,27.0
LORENZO MANUEL,312,47.7
SINGH,312,34.4
ABDELFETTAH,311,42.2
ANGEL ROBERTO,311,51.8
ANTONIO MARCOS,311,51.4
CARLOS SEBASTIAN,311,34.8
CRISTO JESUS,311,37.1
EDGAR JOSE,311,41.6
JESUS RICARDO,311,50.0
ODILO,311,68.2
PAWEL,311,43.6
RAUL ANDRES,311,35.2
WILDER,311,41.2
ABDOURAHMANE,310,34.9
ALVARO ENRIQUE,310,41.0
BRYAN ANDRES,310,26.8
ESTEBAN JESUS,310,45.5
ESTEBAN MANUEL,310,47.4
JOSE ISAAC,310,44.8
MICHAEL JAMES,310,53.8
NELSON JOSE,310,41.7
PEDRO MARTIN,310,51.2
RAMON JAVIER,310,53.9
RUBEN ALEJANDRO,310,35.0
SANTIAGO FRANCISCO,310,51.1
YAAKOUB,310,9.3
ABDELOUAHAD,309,41.1
ALEJANDRO ANDRES,309,34.1
BORISLAV,309,42.5
CHRISTIAN ALEJANDRO,309,26.5
ETIENNE,309,23.7
HUG,309,16.5
JESUS JULIAN,309,55.2
JORDI JOAN,309,46.5
LUIS BERNARDO,309,54.9
LUIS HERNAN,309,48.8
RAUL EDUARDO,309,45.1
ROSARIO,309,61.4
VITALIE,309,45.7
CESAR DANIEL,308,35.2
CHRISTIAN JAVIER,308,32.9
JUAN ADOLFO,308,53.4
OTILIO,308,68.7
PASTOR,308,60.4
UMAIR,308,25.3
XAN,308,15.8
ABLAYE,307,35.6
FADI,307,26.7
FELIPE JAVIER,307,50.7
JOHN ALEJANDRO,307,30.7
MANUEL GUILLERMO,307,53.8
MIKEL GOTZON,307,57.8
SAJJAD,307,43.1
AMER,306,28.0
BOUALEM,306,51.0
DANIEL ALFONSO,306,36.6
DRISSA,306,36.0
GREGORY,306,38.0
HARRY,306,41.3
JESUS FELIPE,306,53.8
MARTIN ANTONIO,306,46.5
PABLO RAFAEL,306,38.9
BRAYAN ANDRES,305,27.0
CHRISTIAN DANIEL,305,30.3
HUGO JAVIER,305,31.4
JOSE CLAUDIO,305,56.1
LARS,305,39.6
LUAR,305,8.6
MARCOS ANDRES,305,37.1
VICENTE ANGEL,305,58.8
ALAN DAVID,304,24.9
BOUABID,304,47.8
DEMBO,304,37.9
EDWIN ALEXANDER,304,33.5
ELIAS JOSE,304,39.5
GHALI,304,14.4
JUANJO,304,15.5
KELVIN,304,30.6
MARCELO FABIAN,304,48.2
SALVA,304,9.8
WASEEM,304,35.0
ABDELKABIR,303,38.3
CARLOS HERNAN,303,44.9
DONOVAN,303,21.1
GABRIEL FRANCISCO,303,44.8
LUIS SALVADOR,303,54.7
MANUEL IVAN,303,42.3
SAIF EDDINE,303,14.0
VICTOR RAFAEL,303,45.1
VITOR MANUEL,303,50.6
YANG,303,32.6
ALBERTO ENRIQUE,302,49.5
ALVARO MARIA,302,35.6
JAKUB,302,27.4
JUAN ALVARO,302,44.3
FRANCISCO LORENZO,301,55.4
IGNACIO ANDRES,301,32.9
ISIDRO MANUEL,301,54.3
JESUS MARIO,301,55.1
JUSTO MANUEL,301,55.1
KARLOS,301,38.6
LUIS DIEGO,301,35.9
MOHAMED RAYAN,301,11.1
SANTIAGO DANIEL,301,29.7
SUKHWINDER,301,41.8
ATANAS,300,46.3
CHAKIB,300,37.7
EMILIO LUIS,300,57.9
LIBORIO,300,66.4
MARCOS GABRIEL,300,28.2
PEDRO EDUARDO,300,50.8
RASHID,300,40.1
WALDO,300,55.1
ALBERTO DANIEL,299,43.0
ANGEL JOAQUIN,299,52.2
AWAIS,299,27.4
BLADIMIR,299,42.1
CHAHID,299,26.6
MANFRED,299,66.3
NACOR,299,26.7
ROBERTO ANDRES,299,38.7
RUFO,299,68.4
SIMO,299,24.9
BARAE,298,7.8
CHAFIK,298,37.5
CLAUDIO JOSE,298,48.5
DARIO JAVIER,298,35.0
IDELFONSO,298,60.5
KACEM,298,46.3
NATHANIEL,298,16.4
OUTMAN,298,31.7
PATRIK,298,28.6
PEDRO FELIPE,298,52.0
PLATON,298,11.5
WILLIAM ALEXANDER,298,33.5
ALFREDO JAVIER,297,51.1
CHAIB,297,54.5
EDGAR ALEXANDER,297,37.8
GRAHAM,297,68.4
GRAU,297,12.7
JHON FREDDY,297,37.0
JOAQUIN ANDRES,297,41.0
LUIS GREGORIO,297,54.9
LUIS IVAN,297,42.5
MAURICI,297,44.3
SALVADOR FRANCISCO,297,53.5
VLAD,297,24.9
ALBERTO RAMON,296,51.5
ALEX DAVID,296,21.5
ANDRES SEBASTIAN,296,30.4
CHRISTIAN CAMILO,296,31.7
DAVID FELIPE,296,31.2
FAYCAL,296,39.0
JOSEF,296,51.9
LASZLO,296,48.2
LUIS AUGUSTO,296,47.8
PEDRO DAMIAN,296,49.6
RICARDO JORGE,296,46.8
ANTONIO CESAR,295,52.6
NICOLAI,295,34.7
OUSAMA,295,22.5
SABIR,295,29.7
THIERRY,295,50.3
VYACHESLAV,295,49.3
WILLIAMS,295,38.6
CHRISTIAN JESUS,294,29.9
DANIEL RICARDO,294,36.8
ERNESTO JAVIER,294,47.4
IAN DAVID,294,29.8
JACQUES,294,55.0
JEAN CLAUDE,294,63.3
JOHAN MANUEL,294,34.1
JUAN ELOY,294,50.3
NICOLAS MANUEL,294,41.1
RAMON ENRIQUE,294,54.3
ROBERT JOHN,294,64.6
RUI MANUEL,294,51.1
SAMY,294,19.9
SERGIO IVAN,294,41.0
BARRY,293,63.4
CONRAD,293,44.1
EL MOULOUDI,293,50.7
JOAQUIN CARLOS,293,57.3
LUCAS JOSE,293,27.8
MATEO ALEJANDRO,293,12.5
ORION,293,7.3
YANN,293,25.8
ZOLTAN,293,48.2
AGUSTIN FRANCISCO,292,56.0
ASIM,292,33.1
AYUB,292,18.2
EMILIO ANGEL,292,59.4
JULIAN JESUS,292,50.7
JUNHAO,292,16.8
KAREN,292,41.7
ANGEL EMILIO,291,52.2
ANGEL MARIO,291,52.8
ANTTON,291,39.1
FERNANDO VICENTE,291,55.6
FRANCISCO GUILLERMO,291,51.7
FRANCISCO RICARDO,291,55.1
GABRIEL MARIA,291,51.5
HERMAN,291,44.1
HOUCINE,291,40.3
JABER,291,22.6
JORITZ,291,17.0
LUQMAN,291,11.5
RICHARD JOSE,291,42.1
SAMUELE,291,24.6
ENRIQUE ALEJANDRO,290,39.3
FELIPE SANTIAGO,290,54.9
GREGORIO JESUS,290,53.2
KIKE,290,10.2
LUIS JULIAN,290,55.2
MANUEL JULIAN,290,56.0
SEBASTIEN,290,42.3
ANDRES SANTIAGO,289,30.8
BITTOR,289,37.3
DRAGOS,289,35.9
FRANCISCO PASCUAL,289,54.3
MATEUS,289,23.7
ALIAKSANDR,288,41.2
ARI,288,15.6
BRAYAN ALEXANDER,288,25.0
HAMDI,288,36.1
ISAAC DAVID,288,20.9
JOSE HILARIO,288,61.1
RAFAEL RAMON,288,56.4
BORYS,287,47.5
DAVID ESTEBAN,287,31.8
GAETANO,287,49.7
MARCIO,287,44.7
MARUAN,287,18.2
XOSE MANUEL,287,55.6
ABDELKHALAK,286,49.0
ALEXIS JOSE,286,41.2
ANGEL ALFONSO,286,51.3
AYLAN,286,5.2
BADER,286,20.8
EL HOUSSAINE,286,40.0
FRANCISCO GINES,286,48.0
GLEB,286,22.6
HUGO ANTONIO,286,36.7
JOAN PAU,286,34.0
MANASES,286,13.7
SEBASTIAN ANTONIO,286,38.3
ALVARO DAVID,285,29.2
DARIO JOSE,285,33.6
FRANCISCO EUGENIO,285,57.2
HECTOR ANDRES,285,35.2
MOHAMED LAMINE,285,33.2
SIAKA,285,36.7
ABDESELAM,284,54.1
ADEM,284,16.9
AKETZA,284,28.9
AZHAR,284,42.0
ENAI,284,6.5
GERMAN ANDRES,284,38.9
JAVED,284,46.4
SHOAIB,284,32.1
ALBERTO JUAN,283,52.8
ANTONIO ABAD,283,52.4
BO,283,37.8
ELPIDIO,283,68.9
HERACLIO,283,69.2
JOSE ROGELIO,283,59.6
LUIS SEBASTIAN,283,37.1
ZAKARIYAE,283,22.1
ANDRES IGNACIO,282,36.5
ANTONIO LORENZO,282,56.2
BEN,282,27.9
CRISTOBAL MANUEL,282,47.9
ENRIQUE RAMON,282,56.7
FAYSSAL,282,31.6
HECTOR MIGUEL,282,39.2
HUGO ALEJANDRO,282,32.7
IGNACIO LOYOLA,282,44.7
JORGE PABLO,282,46.4
LUIS ALVARO,282,45.1
SEBASTIAN MANUEL,282,45.2
THAMI,282,49.1
VICENTE ANDRES,282,50.3
VICENTE JOAQUIN,282,57.8
AGUSTIN JESUS,281,49.8
EDUARDO ALEJANDRO,281,39.0
GENNARO,281,43.5
LAHSEN,281,49.7
MARIO CESAR,281,49.2
SOULAYMANE,281,16.9
WERNER,281,65.3
ACHOUR,280,48.3
ANGEL RICARDO,280,47.1
ANTONIO DAMIAN,280,51.5
ANTONIO PADUA,280,57.7
FRANCISCO FELIPE,280,55.1
GABRIEL ALBERTO,280,37.6
JOSE YERAY,280,36.1
JOSUE DANIEL,280,23.4
MAHFOUD,280,42.5
MANUEL ALEXANDER,280,30.2
NESTOR JOSE,280,41.0
NICOLAS GABRIEL,280,22.7
RUDY,280,39.8
TALLA,280,40.6
TOMAS ANGEL,280,59.0
BELAID,279,50.8
FEDERICO MANUEL,279,47.8
FELIX FRANCISCO,279,56.3
ISMAEL JESUS,279,38.1
JERAY,279,20.1
JORGE FELIX,279,48.6
JORGE RICARDO,279,47.8
JOSE FEDERICO,279,56.9
OMAR JESUS,279,40.5
ROBERTO ENRIQUE,279,50.6
ZACARIA,279,17.2
ALBERTO ALEJANDRO,278,41.2
ALEX DANIEL,278,19.4
ENRIQUE FERNANDO,278,55.9
EYAD,278,7.0
FEDERICO JAVIER,278,47.0
FRANCISCO FELIX,278,58.8
JACOPO,278,30.0
JESUS ROBERTO,278,54.2
JORGE ERNESTO,278,47.3
JOSU MIRENA,278,59.5
LOAY,278,10.5
MALANG,278,33.4
MAMADY,278,34.9
MANUEL AUGUSTO,278,55.6
MICHAEL ANDRES,278,27.1
MOHAMMADI,278,54.8
NADER,278,27.6
RICHARD ALEXANDER,278,37.6
VITOR,278,30.8
ALPHA,277,35.3
ARNOLD,277,42.3
ATTILA,277,43.5
EDUARDO RAMON,277,52.9
EMILIO MIGUEL,277,53.8
FERNANDO JORGE,277,54.8
JAVIER RAMON,277,51.8
JORGE ADRIAN,277,34.7
JUAN BLAS,277,53.7
LEANDRO JOSE,277,38.4
MARC ANTONI,277,35.7
MARCELO DANIEL,277,46.5
MATIAS GABRIEL,277,22.2
NOMAN,277,27.0
SANTIAGO RAMON,277,52.6
AGUSTIN ANTONIO,276,54.9
JADEN,276,8.5
JOSE GASPAR,276,53.5
KILLIAN,276,13.9
MARCOS LUIS,276,46.3
OLAF,276,39.9
RADOSLAV,276,41.0
RAZVAN,276,33.3
ANGEL FELIPE,275,51.5
CRISTHIAN CAMILO,275,30.4
MOHA,275,47.6
PABLO RAMON,275,49.4
RAUL FERNANDO,275,45.7
UMBERTO,275,51.2
ANIANO,274,71.5
GABRIEL DAVID,274,24.4
JAIME JUAN,274,52.9
JORGE EMILIO,274,47.8
JOSE CAMILO,274,49.0
JOSEBA MIKEL,274,54.5
MARTIN ANDRES,274,31.7
MAURICIO JOSE,274,37.7
MOHSSINE,274,31.5
NIKOLOZ,274,22.6
PAUL ANTHONY,274,60.1
WILLY,274,43.5
ABDENNABI,273,46.4
AZZEDINE,273,36.2
FERNEY,273,46.6
JAAFAR,273,36.3
JOSE CLEMENTE,273,59.4
LUCAS DAVID,273,18.7
MANPREET,273,29.5
MOHAMMED REDA,273,22.1
QAMAR,273,37.3
SANTIAGO ENRIQUE,273,36.0
VASILICA,273,47.1
ANTERO,272,63.5
DIEGO RAMON,272,46.9
DORU,272,51.4
DRIS,272,48.2
EL AID,272,46.7
ELEDER,272,29.0
IRENEO,272,65.3
JOEL ALEXANDER,272,23.6
MARCOS ALEJANDRO,272,33.0
MIGUEL SANTIAGO,272,46.7
SVIATOSLAV,272,20.1
GAROE,271,12.8
IVAN FRANCISCO,271,36.5
IZHAN,271,13.0
JOSE BENIGNO,271,60.1
JOSE DOLORES,271,60.3
MOHAMED FADEL,271,39.8
SANTIAGO ALBERTO,271,38.6
ANDRES CARLOS,270,53.0
ANDRES DANIEL,270,31.9
AURELIO JOSE,270,51.5
BAGHDAD,270,50.1
BENITO MANUEL,270,56.1
DANY,270,27.1
DAVID MICHAEL,270,57.8
IRAKLI,270,36.3
JAEL,270,11.5
JOSE FLORENCIO,270,59.5
SAIDOU,270,33.6
THIAGO ALEXANDER,270,6.8
TIAN,270,11.6
VESELIN,270,45.8
ALEJANDRO JUAN,269,39.8
DYLAN JOSE,269,8.5
EMIR,269,15.8
ISAM,269,22.4
JEAN FRANÇOIS,269,58.1
JOSE JACINTO,269,58.9
JOSE MARCELINO,269,62.2
KEVIN SANTIAGO,269,20.6
LORENZO JESUS,269,47.6
MARTIN JAVIER,269,45.5
NEYMAR,269,8.5
VICTOR JUAN,269,51.1
VICTOR JULIO,269,48.0
WAQAR,269,34.4
ACAYMO,268,30.2
EVER,268,32.0
GREGORIO MANUEL,268,55.1
JOSE PATRICIO,268,54.2
JOSE RODOLFO,268,46.1
LEONARDO JESUS,268,37.2
OSCAR ALFREDO,268,50.4
BESAY,267,22.2
CARLOS ALEXIS,267,40.3
CRISTHIAN ANDRES,267,32.1
HUSSEIN,267,37.6
MARIO DANIEL,267,36.2
NELSON DAVID,267,33.2
QAISAR,267,41.7
CARLOS AGUSTIN,266,48.8
CRISPULO,266,66.1
DAVID WILLIAM,266,62.7
ENRIQUE ANGEL,266,57.8
FELISINDO,266,70.5
JHON,266,31.4
JULIO DAVID,266,38.3
LEONARDO ENRIQUE,266,38.8
PABLO VICENTE,266,43.7
RAMON CARLOS,266,59.5
RAUL FRANCISCO,266,47.9
SABAS,266,57.2
SERGIO RAMON,266,47.1
TASIO,266,18.6
VITALY,266,46.3
AURELIAN,265,49.0
CARLOS ADOLFO,265,48.4
CRISTIAN ADRIAN,265,32.0
MARIO FRANCISCO,265,45.7
MOHAMMED ALI,265,19.6
BOUZIANE,264,50.7
CHRISTIAN MANUEL,264,30.5
DAVID SEBASTIAN,264,24.8
FRANCISCO ROBERTO,264,51.1
MAKAR,264,10.5
OSMAN,264,35.4
PEDRO IVAN,264,40.7
RALF,264,56.8
XIANG,264,30.8
ALFREDO LUIS,263,56.2
ANDRES RAMON,263,53.3
BRAYAN STEVEN,263,26.6
EL HADI,263,52.6
ESCOLASTICO,263,67.2
HUMBERTO JOSE,263,45.2
JOAN PERE,263,45.6
RUBENS,263,48.4
VICTOR MARIA,263,56.1
ALBEIRO,262,49.9
DANIEL VICENTE,262,44.9
DRAMANE,262,36.2
GABRIEL FERNANDO,262,39.6
OSCAR RAMON,262,47.9
REMUS,262,46.4
ROGERIO,262,46.7
XACOBE,262,21.7
ABDOU AZIZ,261,30.0
AITOR JOSE,261,32.6
ALEJANDRO CARLOS,261,42.6
ANDREW JAMES,261,52.3
DYLAN ALEJANDRO,261,10.6
EL MOSTAPHA,261,48.2
ION ANDER,261,36.9
JUAN JAIME,261,56.6
MATIAS JOSE,261,38.5
PRINCE,261,29.6
SULEMAN,261,27.5
ARLEY,260,40.0
DANIEL ADRIAN,260,33.3
JAIME ALEJANDRO,260,39.0
JAIME FERNANDO,260,48.6
JOHAN DAVID,260,23.4
JOSEBA KOLDO,260,54.7
JULIO IGNACIO,260,53.9
LEONARDO GABRIEL,260,31.9
LUIS FELIX,260,58.6
NIDAL,260,17.9
OSCAR RAUL,260,48.6
RAFAEL PEDRO,260,58.6
YOSU,260,43.4
ALDAN,259,9.3
CHEN,259,30.0
DYLAN ANDRES,259,11.3
JESUS ALEXANDER,259,29.5
LAURO,259,63.7
MANUEL ARTURO,259,51.6
NICOLAS DAVID,259,24.2
SEBASTIAN GABRIEL,259,24.0
SEGUNDO MANUEL,259,56.6
SERGIO EDUARDO,259,42.7
TIJANI,259,46.0
ZOHAIR,259,30.6
DAVID RICARDO,258,38.3
DOMINGOS,258,56.3
ERASMO,258,57.9
GERARDO MANUEL,258,51.5
JAIME MARIA,258,41.8
JOAN ENRIC,258,47.1
NICOLAS JESUS,258,41.1
RODRIGO MANUEL,258,32.3
ADRIAN GABRIEL,257,23.7
ANTONIO PASCUAL,257,52.8
BRYAN DAVID,257,26.4
CLIMENT,257,53.6
JOSEP ANTON,257,59.3
MICHAEL ANTHONY,257,55.6
MIGUEL RAFAEL,257,50.1
PENG,257,36.1
RAUL DAVID,257,37.5
VICENTE DAVID,257,43.9
ALEX FERNANDO,256,30.4
ARTURO MANUEL,256,48.4
DAVID JAMES,256,59.2
DIEGO DANIEL,256,31.2
HUGO FERNANDO,256,43.4
JUAN ALEXIS,256,45.1
KEVIN JOSUE,256,24.6
KHURRAM,256,37.2
MOUSTAFA,256,37.4
ABDENOUR,255,32.2
ADRIAN ALBERTO,255,33.2
ALEXANDRU DANIEL,255,26.5
ANGEL FELIX,255,58.5
ANGEL RAUL,255,45.2
CARLOS NICOLAS,255,35.9
DANIEL SEBASTIAN,255,28.5
EHSAN,255,39.6
FELIU,255,43.4
GRACILIANO,255,70.7
HAYTHAM,255,12.6
JOB,255,36.7
JOHN JAMES,255,51.1
JORGE MARIA,255,50.4
JORGE OMAR,255,56.0
JOSE CRISTIAN,255,36.7
LIANG,255,38.0
MANUEL BENITO,255,61.0
MANUEL GABRIEL,255,47.8
MOHAMED ISLAM,255,10.7
BARA,254,38.4
CARLOS ARIEL,254,39.3
DANIEL IGNACIO,254,37.1
FELIX RAMON,254,55.9
GIANMARCO,254,24.6
JULIAN ESTEBAN,254,31.4
MANUEL MARTIN,254,53.3
MARIANO ANTONIO,254,57.4
RAHHAL,254,43.2
SANDU,254,48.7
SOLAIMAN,254,15.5
STOYAN,254,46.6
ABDEL ILAH,253,40.7
ANGEL SEBASTIAN,253,30.8
ANTONIO ESTEBAN,253,57.8
BELAL,253,27.2
EDGAR ANTONIO,253,43.1
EL HOUSSAIN,253,44.5
ELYAS,253,13.5
GERALD,253,43.3
HICHEM,253,34.9
JAMIL,253,41.4
JULIO VICENTE,253,55.9
KEVIN MANUEL,253,24.4
MATIAS SEBASTIAN,253,27.9
MAZHAR,253,48.4
MONSERRATE,253,64.3
OMAR ANTONIO,253,41.3
SAFOUANE,253,11.6
TOMAS ENRIQUE,253,47.5
ARTURO JAVIER,252,45.2
CESAR CARLOS,252,56.5
ENRIQUE DAVID,252,40.4
EVENCIO,252,71.7
GORAN,252,37.8
IURIE,252,49.0
IVAN DANIEL,252,31.6
JESUS RAUL,252,49.0
KEVIN JAVIER,252,25.4
LUIS FABIAN,252,38.4
LUIS JAIME,252,54.9
LUR,252,11.4
NICOLAS DANIEL,252,23.7
PANTALEON,252,67.5
RAMON EDUARDO,252,48.7
AARON JOSE,251,20.9
AMILCAR,251,47.3
DIEGO EDUARDO,251,35.0
ESTEFANO,251,34.2
FARHAN,251,25.7
FETHI,251,39.5
FRANCISCO GERMAN,251,49.8
GERMAN JOSE,251,50.7
ISAAC MANUEL,251,41.7
JOAO MIGUEL,251,31.4
JOEL ANTONIO,251,33.2
JON IMANOL,251,47.6
JOSE MARCIAL,251,58.9
LUIS CARMELO,251,59.9
NOAM,251,12.6
ORLANDO JESUS,251,50.5
OSCAR ARMANDO,251,43.6
RAUL ENRIQUE,251,45.1
REDUAN,251,31.2
RIDOUANE,251,34.4
SERGIO FERNANDO,251,43.6
CATALINO,250,63.5
FRANC,250,29.4
HONORINO,250,71.2
JOHN FREDDY,250,41.1
NICOLAS ALBERTO,250,38.3
RICHARD JOHN,250,62.4
YARED,250,15.1
ZIHAO,250,15.1
ANTONIO SEBASTIAN,249,50.0
JAIRO ANTONIO,249,43.2
JOHN HENRY,249,49.9
JOHN PAUL,249,40.8
JOSE REYES,249,55.8
JOSEBA MIRENA,249,56.0
JUAN MATA,249,63.4
KEVIN STEVEN,249,25.5
LUIS HERNANDO,249,51.1
MATIAS DANIEL,249,25.3
PONCIANO,249,67.8
RICARDO ALEJANDRO,249,38.4
YUSSEF,249,18.3
BABAR,248,37.9
BLAS ANTONIO,248,53.6
CESAR FRANCISCO,248,49.2
DALMACIO,248,68.0
DAVID JUAN,248,44.4
GODOFREDO,248,65.0
JUAN ROMAN,248,49.8
MACIA,248,33.0
MANUEL SEBASTIAN,248,45.5
MARTINIANO,248,66.6
NAWFAL,248,21.0
NECO,248,12.4
OMAR ALEJANDRO,248,32.6
OSCAR ALEXANDER,248,32.5
ALEXANDER DAVID,247,26.4
CARLOS EUGENIO,247,53.9
EDUARDO JUAN,247,51.6
JACINTO JOSE,247,53.8
JOSE OCTAVIO,247,52.6
KIRAN,247,11.4
MARCOS MIGUEL,247,40.9
NELSON JAVIER,247,38.5
NICOLAS FRANCISCO,247,41.9
NYAN,247,3.7
RAINER,247,55.6
TANVEER,247,40.9
ALEXANDER JESUS,246,32.9
BYRON,246,22.7
CASILDO,246,68.7
CLAUDINO,246,69.8
DAVID LUIS,246,37.7
EMRAN,246,10.8
HOUSSAIN,246,44.5
ILAN,246,16.1
LEVAN,246,38.6
PABLO EDUARDO,246,40.7
PARIS,246,24.3
PAULO ALEXANDRE,246,47.1
BORJA JOSE,245,33.4
CORNELIO,245,61.0
DIEGO MARIA,245,46.9
ESSAID,245,45.7
GONZALO MARIA,245,39.1
GUILLERMO FRANCISCO,245,48.2
ITZAN,245,12.3
JOSEBA KOLDOBIKA,245,56.6
MATHIAS ALEJANDRO,245,10.6
OMAR JOSE,245,39.3
SERGIO GABRIEL,245,38.1
ZEBENSUI,245,37.9
ALFONSO FRANCISCO,244,54.2
ANDREI ALEXANDRU,244,22.6
ANTONIO DIEGO,244,48.9
AUSIAS,244,23.0
DAIRON,244,20.3
GEORGII,244,26.3
JOSEBA IMANOL,244,55.0
JULIAN CARLOS,244,58.7
TARSICIO,244,66.9
TAYLOR,244,11.0
VEACESLAV,244,46.0
ZAFAR,244,48.9
ABDELFATAH,243,37.3
DERECK,243,9.9
MANUEL FELIX,243,59.8
PEDRO NICOLAS,243,41.0
SANTIAGO RAFAEL,243,37.3
TOMAS MIGUEL,243,53.3
ABDELWAHED,242,32.8
ANDRES VICENTE,242,52.2
HAROON,242,23.0
ISMAEL JOSE,242,39.6
IVAN JAVIER,242,37.8
JASWINDER,242,42.2
JENS,242,52.0
JORGE ROBERTO,242,51.3
LYAM,242,5.0
MARCOS ALBERTO,242,40.8
MOHAMED LAMIN,242,34.7
SALVADOR VICENTE,242,59.5
DANILA,241,24.9
DAVID ALEXANDRU,241,11.7
FRANCISCO JULIO,241,56.7
GUSTAVO ARIEL,241,44.0
HADI,241,28.0
JOSE RAIMUNDO,241,59.9
JUAN RUBEN,241,42.2
MARCIN,241,41.5
MARTXEL,241,21.3
MAXIME,241,23.3
MOUNAIM,241,33.6
NASR EDDINE,241,28.8
RONNY,241,35.5
SERIGNE SALIOU,241,15.5
TAOUFIQ,241,34.9
ABDELMONAIM,240,35.1
ALAE EDDINE,240,17.7
ARITZA,240,39.3
BOUJAMAA,240,50.7
JESUS LORENZO,240,55.9
JOSE MARCELO,240,50.4
MONSEF,240,19.6
PEDRO EUGENIO,240,56.2
PEDRO PASCUAL,240,59.1
RECAREDO,240,66.0
ZURAB,240,44.3
ABEL JESUS,239,40.0
AGUSTIN JAVIER,239,51.7
ALEX JAVIER,239,31.1
BUBA,239,26.5
DARYL,239,12.8
FRANCISCO DIEGO,239,49.8
GEOFFREY,239,64.3
HUI,239,42.3
JAIRO JOSE,239,35.0
JOSE MODESTO,239,59.9
JUAN DAMIAN,239,49.2
JURGI,239,21.6
JUSTO JOSE,239,56.1
LUCAS EZEQUIEL,239,27.1
PABLO AGUSTIN,239,39.7
TOMAS JAVIER,239,50.1
ALFONSO ANGEL,238,51.9
ALIEU,238,30.7
ANDRES ANGEL,238,55.2
ANGEL ESTEBAN,238,48.6
ANGEL JULIAN,238,55.0
CARLOS RODRIGO,238,39.5
FERNANDO NICOLAS,238,37.0
FRANCISCO JAIME,238,56.0
JOAQUIN ENRIQUE,238,51.5
MBARK,238,45.4
RUBEN ALBERTO,238,48.2
RUBEN DANIEL,238,37.1
TOMAS AGUSTIN,238,31.3
ALEC,237,17.7
ALEJANDRO MARTIN,237,37.4
ANGEL GUILLERMO,237,48.2
ARSENII,237,16.4
AZ EDDINE,237,34.8
BERNARDO JESUS,237,49.6
CESAR FERNANDO,237,46.8
HUGO MIGUEL,237,34.4
IONUT DANIEL,237,31.9
JHONATHAN,237,32.7
JOSE LUCIANO,237,57.4
LOKMAN,237,11.1
NICK,237,21.6
PABLO ADRIAN,237,34.6
SOUMAILA,237,34.7
ABDESLEM,236,52.0
ANTONIO RUBEN,236,40.5
CARLOS PEDRO,236,55.4
FILIPE,236,34.7
GONZALO ANDRES,236,39.5
HAMMAD,236,31.6
JOSE LEON,236,60.4
MANUEL NICOLAS,236,46.6
MIGUEL ALEXANDER,236,28.4
SALEK,236,38.3
TUDOREL,236,49.7
VICENTE PASCUAL,236,59.2
WILLIAM DAVID,236,36.7
YICHEN,236,8.6
ANTHONY JOHN,235,66.9
CORNELIU,235,50.5
EDUARDO GABRIEL,235,33.0
FAIZAN,235,23.1
JORGE NICOLAS,235,36.7
JOSE JERONIMO,235,52.5
JULIO CARLOS,235,56.4
KENAN,235,14.0
KOUIDER,235,51.9
MAREN,235,16.9
MARTIN EDUARDO,235,39.0
MYROSLAV,235,41.0
PHILIPP,235,32.8
TIBERIU,235,48.7
TYLER,235,8.8
ACISCLO,234,64.1
ALEXANDRU CRISTIAN,234,24.9
ALEXANDRU MARIAN,234,26.5
CARLOS DOMINGO,234,53.6
CHRISTIAN EDUARDO,234,34.4
HORTENSIO,234,72.0
JOSE VENTURA,234,58.7
KEVIN EDUARDO,234,25.4
MANUEL ROBERTO,234,57.0
MARCO ANDRES,234,30.1
NILS,234,26.1
SOULIMAN,234,37.9
ADRIEN,233,22.7
ANDRES JUAN,233,54.3
ANTONIO IVAN,233,41.0
BRAYAN DAVID,233,25.1
CARLOS FEDERICO,233,50.3
DANIEL ARTURO,233,35.1
GRZEGORZ,233,48.1
IGNACIO RAMON,233,52.5
JESUS GUILLERMO,233,52.4
JOAO VICTOR,233,22.8
MANDEEP,233,33.6
MIHAI ALEXANDRU,233,28.0
TOMAS IGNACIO,233,35.7
ZAKHAR,233,15.7
ABOUBAKR,232,22.9
ALBERTO RAFAEL,232,46.4
CRISTIAN FELIPE,232,28.9
CRISTIAN MAURICIO,232,35.0
DAVID ALFONSO,232,40.1
IFTIKHAR,232,47.7
JULIO EDUARDO,232,49.3
LEONARDO DANIEL,232,32.1
LUCAS MARTIN,232,29.6
MAMADOU SALIOU,232,33.7
MANUEL CARMELO,232,58.8
MAURICIO JAVIER,232,39.3
MIGUEL SANTOS,232,57.8
RUBEN FRANCISCO,232,41.8
THIAGO ANDRES,232,6.8
AAMIR,231,36.2
AMEUR,231,47.5
ANTONIO CARMELO,231,60.4
ANTONIO GUILLERMO,231,55.0
ERNESTO MANUEL,231,49.6
IVAN CARLOS,231,44.9
JOHANN,231,40.7
JONATHAN DANIEL,231,26.9
JORGE SANTIAGO,231,41.5
JOSE EUSEBIO,231,61.4
JUAN JERONIMO,231,50.9
LUCAS NICOLAS,231,22.3
MANUEL ADOLFO,231,56.9
MARCELO JAVIER,231,44.7
SEBASTIAN ENRIQUE,231,28.7
SEMEN,231,23.4
TIGRAN,231,34.5
TIMOFEI,231,17.6
XIAO,231,30.0
ANGEL MARIANO,230,56.8
ANTONIO ROBERTO,230,53.8
CALIN,230,43.9
FERNANDO ALFONSO,230,51.9
HAMADY,230,37.2
HECTOR FABIAN,230,41.8
HECTOR HUGO,230,50.2
JANO,230,16.9
JUAN GERARDO,230,51.9
PEDRO FELIX,230,57.3
RAFAEL ALFONSO,230,50.8
RAFAEL SANTIAGO,230,50.1
ROBERTO FRANCISCO,230,50.4
TOMAS ALBERTO,230,48.7
ABDELKEBIR,229,44.8
ADRIAN DANIEL,229,27.9
ALEJANDRO RAMON,229,43.3
AZZOUZ,229,49.2
ERICK DANIEL,229,19.3
GUILLERMO ALBERTO,229,45.2
IHAB,229,18.2
JESUS AGUSTIN,229,55.5
JUAN RODRIGO,229,38.1
JULIO ERNESTO,229,48.8
LOVEPREET,229,26.4
MARIANO JAVIER,229,50.4
MOISES ALEJANDRO,229,23.7
OSCAR RUBEN,229,47.8
TIMOTHY,229,44.9
ANATOLIE,228,49.2
ANTONIO EUGENIO,228,57.5
BALWINDER,228,44.1
DANIEL MIGUEL,228,38.4
ELICIO,228,69.2
ERNESTO ANTONIO,228,47.8
FAHAD,228,25.8
FRANKLIN JOSE,228,39.9
GEORGIOS,228,40.5
JESUS ARMANDO,228,44.1
JUAN ISMAEL,228,42.1
JULIO RAFAEL,228,49.2
LLIBERT,228,28.5
MAMADOU ALIOU,228,34.8
MARTIN MANUEL,228,43.8
PABLO TOMAS,228,41.4
PERE ANTONI,228,42.3
VICENTE TOMAS,228,57.4
ALFONSO DAVID,227,38.7
ASEN,227,42.3
DANIEL ALFREDO,227,39.8
JOVINO,227,67.6
NOURDIN,227,43.8
PERE JOSEP,227,51.2
RAMON IGNACIO,227,56.5
RUDOLF,227,61.7
WILLIAM JOSE,227,40.7
AOMAR,226,48.5
ASHER,226,8.3
CRHISTIAN,226,28.8
DANIEL NICOLAS,226,23.9
FLOREA,226,57.8
HAGIE,226,34.6
HOSSEIN,226,48.2
JOHN ANTHONY,226,55.7
JOSE LINO,226,63.2
JUVENTINO,226,68.6
LUCAS MATIAS,226,29.3
LUIS MATEO,226,28.4
MAJD,226,12.7
MANUEL ERNESTO,226,48.7
NICULAE,226,59.4
WILSON ANDRES,226,33.7
YAMAL,226,39.1
ADRIAN ALEXANDER,225,20.4
ARSHAD,225,49.8
CARMINE,225,49.1
CHADI,225,16.8
JOSE JONATHAN,225,40.4
MAMADI,225,32.0
MOHAMMED LARBI,225,50.0
PABLO ALFONSO,225,45.7
UWE,225,63.5
ADRIAN FRANCISCO,224,33.7
DAVID CARLOS,224,46.4
ERNESTO JESUS,224,44.8
IOSEBA,224,41.1
JIALE,224,17.8
LUIS OSWALDO,224,48.7
MANUEL DANIEL,224,48.0
MARIO MIGUEL,224,46.9
OSMANY,224,46.4
RODRIGO JESUS,224,34.7
WILBER,224,40.4
ABDELMOUNIM,223,34.5
ANATOLI,223,46.8
ANDRES JULIAN,223,39.1
ANGEL IVAN,223,38.5
BENIAMIN,223,35.5
BENJAMI,223,48.4
CLAUDIO ANTONIO,223,49.9
EDGARD,223,35.8
JACINTO JAVIER,223,53.0
LUIS AGUSTIN,223,52.3
MARIO ROBERTO,223,43.3
NELSON ANTONIO,223,45.2
PEDRO SALVADOR,223,54.0
SERGIO JUAN,223,45.4
XIAOFENG,223,42.1
YUNIOR,223,37.4
ANTHONY ALEXANDER,222,22.5
ANTHONY DAVID,222,34.5
BACARY,222,34.8
CARLOS MARCELO,222,48.3
EL HOSSAIN,222,48.0
IONE,222,28.7
ISMAEL ANTONIO,222,41.5
JOSE EULOGIO,222,59.9
LIAM DAVID,222,6.1
LLUIS MARIA,222,63.6
LORENZO ANTONIO,222,46.3
LUIS AURELIO,222,57.7
LUIS FILIPE,222,44.8
MATHIEU,222,31.4
RAYHAN,222,15.0
TOADER,222,53.5
VICTOR ALEXANDER,222,29.6
ANGEL RUBEN,221,44.3
EDWIN ALBERTO,221,39.7
EMILIO JUAN,221,57.6
GUILLERMO DANIEL,221,42.8
HECTOR FRANCISCO,221,42.5
JEISON,221,26.9
JORGE GUILLERMO,221,48.0
KEVIN JOEL,221,23.8
LAKBIR,221,48.3
MALCOLM,221,59.7
MANUEL MESIAS,221,54.1
MARIUS DANIEL,221,35.6
MARTIN MIGUEL,221,44.9
MATEO NICOLAS,221,11.7
TOMAS ALEJANDRO,221,32.6
WILMAR,221,46.2
ABUBAKAR,220,22.0
ADOLFO JESUS,220,51.4
ALEX GABRIEL,220,18.7
ALEXIS JESUS,220,40.1
BERNARDO ANTONIO,220,53.2
ENRIQUE MARIA,220,56.1
JAIME RAMON,220,55.3
JALIL,220,31.6
JOHAN ALEXANDER,220,27.0
JOSE AITOR,220,44.2
JUAN AURELIO,220,55.4
JUAN GINES,220,49.5
LOIC,220,24.0
PEDRO ESTEBAN,220,54.3
SAMUEL ENRIQUE,220,24.6
DARIAN,219,15.3
DELFINO,219,71.5
EDUARDO VICENTE,219,54.8
ELIEL,219,16.0
FELIX ENRIQUE,219,51.9
HENRY JOSE,219,41.9
JESUALDO,219,58.2
JORGE ESTEBAN,219,41.4
JOSEP ENRIC,219,51.3
KEVIN FERNANDO,219,25.0
MARIO GABRIEL,219,25.2
SEBASTIAN DANIEL,219,28.8
SOLAYMAN,219,12.4
YEVGEN,219,44.2
ABU,218,32.4
ANTONIO AUGUSTO,218,55.5
ANTONIO JULIO,218,57.7
BOUBOU,218,35.9
DANIEL RAMON,218,45.3
DAREN,218,10.6
DIOGENES,218,53.4
DOMINGO GUZMAN,218,58.5
ES SAID,218,41.6
ESTEBAN JAVIER,218,45.5
JOAN DAVID,218,22.8
JORGE ALFONSO,218,47.7
LASHA,218,34.2
LUCAS ALEJANDRO,218,17.7
LUCAS JAVIER,218,29.3
LUIS BENITO,218,56.4
MAURICIO ANTONIO,218,41.1
MIGUEL ANGELO,218,31.2
MUHAMMAD IBRAHIM,218,8.2
OMAR ENRIQUE,218,41.4
SERGIO ADRIAN,218,38.3
SERGIO RAFAEL,218,41.7
SHAHZAIB,218,23.8
TIDIANE,218,33.5
WILLIAM FERNANDO,218,41.5
ANGEL ADRIAN,217,24.8
CHRISTIAN FERNANDO,217,34.9
GUILLERMO JUAN,217,46.3
JORGE WASHINGTON,217,55.6
LEE,217,46.6
LIZER,217,12.1
MOHAMED EL AMINE,217,26.6
NATHANAEL,217,16.8
NESTOR JAVIER,217,41.1
OSCAR JULIAN,217,37.5
PAUL DAVID,217,49.6
PEDRO CESAR,217,51.7
SANTIAGO GABRIEL,217,24.8
SUFYAN,217,27.2
WESLEY,217,31.2
AITOR MANUEL,216,30.3
ALFONSO JUAN,216,53.0
ARAI,216,6.9
ELMEHDI,216,25.7
HAIDER,216,20.7
IELTXU,216,26.5
JONNATHAN,216,35.2
KARL HEINZ,216,73.8
MARINEL,216,49.3
MING,216,41.5
MOHAMED ADAM,216,12.2
MUHAMMAD USMAN,216,25.5
NICOLAS JAVIER,216,36.2
RAY,216,19.4
SIGIFREDO,216,64.0
WILLIAM ALBERTO,216,43.7
YAREY,216,8.8
AUGUSTIN,215,48.3
BINGEN,215,36.0
BRUNO JOSE,215,37.3
ELIAS MANUEL,215,43.8
ENRIQUE RAFAEL,215,52.4
FAICAL,215,38.2
GABOR,215,44.4
HARUN,215,11.6
JAIRO JESUS,215,45.5
JOAN IGNASI,215,49.1
JOAQUIN ALEJANDRO,215,33.8
JOSE MOISES,215,48.0
JOSEP JOAN,215,52.8
JUAN JULIO,215,57.3
MANUEL GONZALO,215,56.7
MARIO ALEXANDER,215,32.7
MATVEI,215,12.9
PABLO SANTIAGO,215,38.0
RICARDO JUAN,215,54.6
ROBERTO DAVID,215,39.0
ROSALINO,215,62.2
SABA,215,17.8
YOAN,215,29.5
AMANDEEP,214,31.7
BLAS JOSE,214,55.5
CLEMENTINO,214,71.8
DANIEL CARLOS,214,48.0
DANIEL MAURICIO,214,32.3
ELOY JOSE,214,43.3
FREDDY JOSE,214,42.7
IAROSLAV,214,28.5
ILYASSE,214,20.7
IVAN LUIS,214,40.2
JORGE MARTIN,214,43.6
JOSE SIMON,214,51.1
JULIAN CAMILO,214,28.1
LAHOUARI,214,52.2
LIN,214,39.6
MANUEL GREGORIO,214,57.7
MARCO ALEJANDRO,214,27.8
NELSON EDUARDO,214,42.5
ANDRES RICARDO,213,38.3
AYMAR,213,16.5
DAVID ISRAEL,213,38.3
DOUDOU,213,37.7
EDGARDO,213,54.1
JAIME DAVID,213,40.4
JHONNY ALEXANDER,213,33.0
NESTOR FABIAN,213,43.9
NOREDDINE,213,43.4
PETER JAMES,213,64.1
RAFAEL EMILIO,213,51.8
ALBERTO ANGEL,212,50.4
ALVARO JUAN,212,39.1
CARLOS OMAR,212,42.9
CIBRAN,212,18.6
DIETER,212,63.6
ESSA,212,27.4
FERNANDO ARIEL,212,42.6
GEORGES,212,57.0
HUGO ANDRES,212,33.3
JEAN FRANCO,212,26.2
JOSE EVARISTO,212,60.3
JUAN OSCAR,212,51.6
MIGUEL SALVADOR,212,54.3
MOHAMED TAHA,212,13.2
NOURDDINE,212,41.3
RAMON ALEJANDRO,212,44.7
ALICIO,211,67.0
ANGEL MARTIN,211,47.7
ARMANDO JESUS,211,46.6
EMILIO RAMON,211,55.9
EUGENIO JESUS,211,54.5
HADJ,211,47.9
HANS PETER,211,69.1
ISIDRO JAVIER,211,51.6
JORGE PEDRO,211,51.1
LUKASZ,211,38.0
MARCELLI,211,65.4
MARIUS IONUT,211,34.5
MUHAMMAD ABDULLAH,211,13.2
NICOLAS MARTIN,211,32.2
RAMZI,211,27.1
ROBERT JAMES,211,58.6
ROBERTO ANGEL,211,49.5
SANDOR,211,46.6
SANTIAGO MARIA,211,40.4
THIAGO JOSE,211,6.7
ALBERTO MARIA,210,53.2
ANTHONY JOSE,210,25.1
ASIEL,210,16.4
EDWIN FERNANDO,210,38.2
FILOMENO,210,68.3
JEAN MICHEL,210,54.9
JEREMI,210,22.5
MADOU,210,32.4
NELSON JESUS,210,44.0
ZOUBIR,210,42.2
ABDOUL AZIZ,209,32.5
ANDRES RAFAEL,209,44.0
AUGUSTO JOSE,209,50.2
DARIUSZ,209,51.4
EUKEN,209,17.6
GELU,209,51.7
GUSTAVO MANUEL,209,46.8
JESUS ERNESTO,209,45.9
JOEL ALEJANDRO,209,22.8
JORGE ANIBAL,209,52.4
JOSUA,209,32.1
MANUEL ADRIAN,209,33.4
MARTIN NICOLAS,209,29.3
MIGUEL ESTEBAN,209,47.4
OSWALDO JOSE,209,42.3
RODRIGO SEBASTIAN,209,29.6
SAEED,209,42.2
SULEIMAN,209,18.7
ADOLFO MANUEL,208,54.1
BORJA MANUEL,208,33.1
CARLOS MARIANO,208,51.8
CARLOS SAMUEL,208,30.8
CHRISTOPHER JAMES,208,50.2
CRISTIAN MIGUEL,208,30.8
DANIEL JUAN,208,44.5
GUSTAVO JESUS,208,46.8
JUVENAL,208,53.0
LI,208,40.5
MIGUEL PEDRO,208,56.9
RAMON FERNANDO,208,60.3
RANJIT,208,43.3
ALBERTO ANDRES,207,45.8
AMIT,207,35.1
CHRISTOPHER DAVID,207,37.7
DAVID LEONARDO,207,32.9
DEEPAK,207,38.8
FELIX LUIS,207,60.9
FRANCISCO CARMELO,207,59.7
GEORGY,207,38.0
IOANNIS,207,42.0
JOSE PAULINO,207,61.0
KUMAR,207,35.4
LUCAS ANDRES,207,18.7
MIGUEL JOAQUIN,207,54.0
MOHSINE,207,32.8
RUBEN ANGEL,207,46.6
SANTIAGO JUAN,207,48.0
SANTIAGO MARTIN,207,35.5
CRISTOFOL,206,45.9
EMIGDIO,206,63.8
ENEAS,206,17.7
ENRIQUE DANIEL,206,42.9
FEDERICO MARTIN,206,37.8
FELIPE CARLOS,206,54.4
FERNANDO JOAQUIN,206,51.5
GUILLAUME,206,37.3
HAORAN,206,16.5
HARKAITZ,206,30.3
HELMUT,206,66.8
JIMMY ALEXANDER,206,33.2
LUCAS ANTONIO,206,28.3
MARCOS FRANCISCO,206,43.8
OSMAR,206,40.1
ROLF,206,67.9
ARIEL ALEJANDRO,205,33.1
CARLOS RICARDO,205,49.0
FRANCISCO ISMAEL,205,42.0
FRANCISCO SEBASTIAN,205,50.5
HAITHAM,205,17.5
HERBERT,205,61.1
JABIR,205,18.2
JUAN CESAR,205,50.7
JULIAN MARIA,205,57.1
KIAN,205,10.7
MANUEL VICTOR,205,57.0
MARIANO ANDRES,205,44.7
SAMER,205,37.0
WILMER JOSE,205,40.6
YEIKO,205,9.1
YEISON ANDRES,205,31.6
YUCHEN,205,10.7
ZAHEER,205,39.1
ALFREDO MIGUEL,204,51.8
GABRIEL IGNACIO,204,32.6
GUILLERMO MIGUEL,204,41.3
HEIKO,204,34.5
IGNACIO ALEJANDRO,204,32.7
ISRAEL DAVID,204,35.7
JESUS NICOLAS,204,46.4
JOAQUIN FERNANDO,204,54.1
JOAQUIN RAFAEL,204,51.7
JOHAN STEVEN,204,24.2
JOSE ABELARDO,204,55.6
KEVIN ANTONIO,204,25.6
MARCO JOSE,204,31.9
MELVIN,204,35.5
OSCAR FABIAN,204,37.7
PABLO EZEQUIEL,204,35.3
PABLO JOAQUIN,204,38.4
PEDRO RICARDO,204,51.2
RAFAEL JOAQUIN,204,53.6
RAHUL,204,27.9
ROBERT ANDREI,204,17.1
SEBASTIAN EDUARDO,204,28.5
ANGEL NICOLAS,203,34.8
BERND,203,64.3
CHRISTIAN ALBERTO,203,35.7
DIMITRIOS,203,42.7
FEDERICO ANTONIO,203,53.8
HECTOR IVAN,203,40.6
JAVIER JUAN,203,47.5
JIAJUN,203,20.7
JOSE GILBERTO,203,53.2
MATIAS ANDRES,203,23.2
PASCASIO,203,69.2
PASQUAL,203,42.1
RAYYAN,203,11.3
RUI MIGUEL,203,42.5
SAIF,203,24.3
SIGFRIDO,203,59.4
VICTOR VICENTE,203,50.6
ADELARDO,202,59.3
ALEXANDRU MIHAI,202,23.5
ANDREI DANIEL,202,22.4
ANGEL AGUSTIN,202,54.3
ARNULFO,202,55.3
CARLOS DAMIAN,202,42.4
CHENG,202,33.6
DAVID ADRIAN,202,20.0
EDISON JAVIER,202,37.6
EDUARDO CARLOS,202,50.5
EDWIN JAVIER,202,37.1
ELIAM,202,9.0
ELIER,202,34.3
EVANS,202,29.4
FLORIN DANIEL,202,37.5
FRANCISCO GREGORIO,202,57.3
ISAAC JOSE,202,37.5
ISTVAN,202,47.3
JULIAN MIGUEL,202,54.9
MOAAD,202,17.1
OMAR ANDRES,202,33.0
RAFAEL PABLO,202,50.2
REINIER,202,38.3
ROBERTO JUAN,202,51.2
VICTOR ADRIAN,202,29.1
XANDRE,202,8.0
YIFAN,202,18.6
AARON JESUS,201,24.3
ALVARO RAFAEL,201,35.6
DAVID RAMON,201,45.5
EDUARDO ANGEL,201,53.6
EL KHALIL,201,45.6
ISKANDER,201,29.5
JESUS OSCAR,201,52.8
JONATHAN ALEJANDRO,201,28.0
JOSE SERGIO,201,53.5
LAYACHI,201,60.9
MARAT,201,31.7
RAUL JAVIER,201,44.4
ROBERT ALEXANDER,201,37.5
SEBASTIAN IGNACIO,201,30.6
ZAKARYA,201,23.6
ABDELADIM,200,32.7
ALAA,200,26.2
ANTONIO ISMAEL,200,43.5
DARWIN JOSE,200,35.5
EDILSON,200,43.8
EMILIO VICENTE,200,59.7
FRANZ,200,49.4
GERHARD,200,64.5
JELLOUL,200,46.3
JOACHIM,200,57.9
JOSE CARMEN,200,54.6
JOSEP XAVIER,200,50.1
JULIO DANIEL,200,41.4
JULIUS,200,39.4
KEVIN ALEXIS,200,24.6
LEANDRO JAVIER,200,38.0
NICOLAS AGUSTIN,200,29.4
RAMIRO JOSE,200,47.9
VICENTE ALBERTO,200,53.8
YOUSSOUPHA,200,36.3
ALPHA OUMAR,199,32.7
ANGEL ALFREDO,199,47.7
CESAR IVAN,199,41.4
DJAMAL,199,47.4
DYLAN GABRIEL,199,9.2
GONZALO MARTIN,199,37.0
HARALD,199,56.4
HUGO ENRIQUE,199,42.5
ILYAN,199,6.6
JESUS ADOLFO,199,53.0
JORGE JOAQUIN,199,47.3
JOSE FAUSTINO,199,61.8
LUCAS ANDREI,199,7.9
LUIS NICOLAS,199,37.9
MAAMAR,199,43.8
PABLO ESTEBAN,199,41.8
PAULO HENRIQUE,199,34.3
PEDRO RAUL,199,48.0
YULIAN,199,23.0
AYAAN,198,6.0
CONNOR,198,11.0
DIEGO PABLO,198,32.5
DIOSDADO,198,56.9
EL HAJ,198,49.9
EUSEBI,198,57.1
GIO,198,4.7
GREGORIO ANTONIO,198,58.3
HECTOR FERNANDO,198,45.3
IMTIAZ,198,45.6
IZAM,198,14.6
JEAN MARC,198,55.0
JIANFENG,198,44.3
JUAN JACOBO,198,36.6
JUSTO ANTONIO,198,58.0
LHOUCINE,198,44.4
MONCEF,198,21.9
OUTMANE,198,27.1
PEDRO VICTOR,198,51.4
RAFAEL JORGE,198,55.5
SEBASTIAN ALBERTO,198,34.7
SUNIL,198,39.7
TAIB,198,49.6
UGO,198,38.6
VICTOR EMILIO,198,46.1
VICTOR JULIAN,198,48.0
WILMER ALEXANDER,198,33.1
XUAN,198,21.7
ALFONSO ENRIQUE,197,49.6
ANATOLY,197,51.7
ANDRES NICOLAS,197,31.9
CARLOS ANIBAL,197,52.0
CLAUDIO ANDRES,197,44.1
CLEMENT,197,36.5
FODAY,197,35.1
GUY,197,50.0
HEITOR,197,16.7
KIM,197,32.6
MARIUS CRISTIAN,197,37.3
MATIES,197,31.9
MORGAN,197,20.2
NICOLAS EDUARDO,197,33.0
OSCAR RAFAEL,197,45.2
PASCUAL JOSE,197,58.1
RENAN,197,35.9
SERGIO RAUL,197,44.3
VICTOR JOAQUIN,197,45.7
XESUS,197,46.4
YUHAO,197,13.6
ZAHIR,197,32.1
ABRAHAM JOSE,196,28.5
ALDEMAR,196,49.1
AMETZ,196,13.6
EMILIAN,196,43.1
JUAN ARMANDO,196,49.0
LUCAS SEBASTIAN,196,23.4
LUCKY,196,41.2
MARCOS AURELIO,196,47.3
PAULO SERGIO,196,43.2
RAMON ANDRES,196,51.1
ROBERT DAVID,196,46.5
SAMUEL EDUARDO,196,24.2
TERENCE,196,70.2
YAIR,196,22.6
AGUSTIN ANGEL,195,60.0
ALFREDO ENRIQUE,195,50.6
AUSTIN,195,18.4
DOMINIQUE,195,44.9
ENRIQUE EDUARDO,195,54.2
ESTEBAN DAVID,195,31.0
GABRIEL MANUEL,195,44.0
HELDER,195,34.1
JOAN VICENT,195,46.9
MAATI,195,50.6
MARCELO ANDRES,195,38.4
PAPE,195,30.7
PRAXEDES,195,64.3
SOLIMAN,195,40.4
VICENTE ALEJANDRO,195,42.6
ALEXIS JAVIER,194,32.7
CRISTOBAL JAVIER,194,47.3
GERARDO ANDRES,194,38.3
JAIME VICENTE,194,54.2
JOSE ADAN,194,40.3
JOSE JUSTO,194,58.1
MATIAS IGNACIO,194,26.3
MILEN,194,41.3
MOUHSINE,194,32.6
REINALDO JOSE,194,43.9
SANA,194,37.2
VICTORIANO MANUEL,194,54.6
ALEJANDRO SEBASTIAN,193,28.0
ALEKSANDRE,193,28.4
ANTONIO JAIME,193,56.1
ARTURO JESUS,193,45.2
EDGAR EDUARDO,193,42.4
EL AMIN,193,49.3
ESTEBAN ANDRES,193,34.2
GUSTAVO GABRIEL,193,43.3
JAVIER RICARDO,193,45.4
JOHN ROBERT,193,61.8
JOHN SEBASTIAN,193,26.6
JONATHAN JOSUE,193,25.5
JORGE ISAAC,193,39.2
JOSIAS,193,29.7
JUSTO JAVIER,193,52.6
LEOPOLDO JOSE,193,53.7
LYAN,193,5.8
MAIOL,193,18.7
MARIO ANGEL,193,48.2
AHARON,192,23.9
ALVARO FERNANDO,192,42.6
ANTONIO FERMIN,192,55.7
CARLOS SALVADOR,192,49.9
CRISTIAN ARIEL,192,37.7
DAVID CRISTIAN,192,18.4
DAVID EMANUEL,192,21.3
EDGAR ANDRES,192,34.2
EDGAR JESUS,192,42.6
EDUARD GABRIEL,192,14.4
EDWIN JOSE,192,37.4
FERNANDO TOMAS,192,54.4
FRANCESC D'ASSIS,192,53.8
JEFFERSON ANDRES,192,30.0
JORGE RUBEN,192,48.8
JORGE SEBASTIAN,192,34.7
KENNY,192,29.7
LAIN,192,15.5
MARK ANDREW,192,54.3
MARTIN FRANCISCO,192,51.1
RUBEN CARLOS,192,46.3
ABDELMOUMEN,191,38.1
ABDERAHIM,191,35.9
ERITZ,191,17.1
GIOVANI,191,28.5
ILYES,191,18.7
IZAR,191,18.0
JAVIER MAURICIO,191,41.2
JULIAN ALEJANDRO,191,30.7
KARL,191,50.6
KINAN,191,6.5
LUIS FEDERICO,191,49.2
MATIAS JESUS,191,33.0
NICOLAS EZEQUIEL,191,29.2
NIKOLAOS,191,40.7
RAUL MIGUEL,191,42.6
SID ALI,191,39.1
YEFERSON,191,29.6
YERAY JESUS,191,34.7
ZULFIQAR,191,48.3
BRIAN DAVID,190,36.5
DANIEL MARIA,190,47.5
DANIEL STEVEN,190,24.7
DENIS ANDREI,190,11.9
DENIS GABRIEL,190,15.4
EDUARDO MARIA,190,51.5
ELOY MANUEL,190,49.8
FEDERICO NICOLAS,190,33.1
FERNANDO AGUSTIN,190,48.0
FREDERICK,190,42.3
GERARDO JESUS,190,48.2
HECTOR GABRIEL,190,33.3
JOAN ANDREU,190,40.3
JOSE DIONISIO,190,61.4
JUAN PATRICIO,190,50.3
KONSTANTINOS,190,41.3
LUIS LORENZO,190,55.0
MARTIN IGNACIO,190,34.5
MIMON,190,48.6
PEDRO JAIME,190,55.8
YAMIL,190,33.7
ARIF,189,43.7
ASHOT,189,45.2
BAYRON,189,17.6
DANIEL ERNESTO,189,40.6
DANIEL JAVIER,189,39.2
EDEY,189,14.1
EDGAR MANUEL,189,38.1
EL MAMOUN,189,48.1
FRANCISCO ISRAEL,189,42.1
HAOYU,189,12.7
HECTOR RAUL,189,49.3
JACINTO MANUEL,189,54.1
JHON EDISON,189,34.1
JOHNATAN,189,35.1
LIAM GAEL,189,3.8
MARTIN ALBERTO,189,41.3
MIGUEL AGUSTIN,189,51.3
PATRICIO JOSE,189,48.2
RICARDO ALFONSO,189,44.7
SIARHEI,189,46.6
TOUHAMI,189,50.6
YOSEF,189,21.6
ALEXANDRU ANDREI,188,20.4
ALFREDO ALEJANDRO,188,38.3
DANIEL JAMES,188,35.7
DAVID VICENTE,188,42.9
EDGAR DAVID,188,31.0
IGNACIO AGUSTIN,188,38.5
IVAN ENRIQUE,188,41.3
JONHATAN,188,34.5
RICARDO RAFAEL,188,45.0
ROBERT GABRIEL,188,20.6
SVETOSLAV,188,40.6
VIGGO,188,7.5
ALAGIE,187,30.2
ALIREZA,187,44.2
ANDREW DAVID,187,47.7
CHRISTOPH,187,48.5
DAYAN,187,22.4
FRANCISCO MARIANO,187,55.9
GUSTAVO EDUARDO,187,46.6
HUGO ALEXANDER,187,28.1
IGNACIO DAVID,187,35.6
JAVIER SANTIAGO,187,42.0
MARCELO JOSE,187,39.1
MIGUEL ALFREDO,187,46.7
OSCAR DARIO,187,42.9
PRIMO,187,71.4
ALEJANDRO VICENTE,186,39.8
ANTONIO ADRIAN,186,32.2
DAVID GEORGE,186,55.0
DIEGO FELIPE,186,33.8
DZMITRY,186,39.2
ERICK DAVID,186,21.3
EUGENIU,186,41.1
FELIX EDUARDO,186,47.5
GUILLERMO DAVID,186,35.7
HENRI,186,51.0
HUSNAIN,186,24.4
IGNACIO ALBERTO,186,46.3
IGNACIO NICOLAS,186,30.1
IONUT ADRIAN,186,32.3
IQBAL,186,45.4
MANUEL RAUL,186,50.4
MANUEL SANTOS,186,59.9
NDIAYE,186,37.8
NESTOR MANUEL,186,41.8
NICCOLO,186,24.2
SAHIL,186,24.1
SALVADOR MIGUEL,186,54.0
SHENG,186,35.2
STEVE,186,39.4
UMER,186,28.0
ABEL ANTONIO,185,40.2
ALEXANDER ANTONIO,185,35.3
ARNALDO ANDRES,185,36.0
ASIS,185,26.3
AYRTON,185,19.6
BILLAL,185,27.9
BLAS JESUS,185,48.2
CRISTIAN FABIAN,185,34.0
DOMINGO LUIS,185,58.2
FERNANDO PEDRO,185,58.1
FIDEL ANGEL,185,57.3
FREDDY ANTONIO,185,47.0
HAYK,185,34.2
IACOB,185,47.8
JOSELITO,185,49.6
JUAN MAURICIO,185,45.3
KOSTYANTYN,185,46.9
MARIUSZ,185,48.4
MILOS,185,29.3
OSCAR GABRIEL,185,35.4
OSCAR JUAN,185,48.6
PABLO ARIEL,185,41.2
SAMUEL ALEXANDER,185,19.0
SOCRATES,185,48.8
WISSAM,185,16.1
ABDELAALI,184,40.9
ACACIO,184,67.5
AGUSTIN MIGUEL,184,53.8
ARIA,184,17.6
BENYOUNES,184,49.3
DANISH,184,25.2
EMERITO,184,69.0
FLORINEL,184,48.9
IGNACIO JUAN,184,49.1
IJAZ,184,46.2
JUAN ALEXANDER,184,29.2
KEVIN GABRIEL,184,19.2
LESTER,184,36.8
LUIS MARCOS,184,49.2
LUIS PATRICIO,184,50.0
MARICEL,184,50.4
MIGUEL TOMAS,184,50.7
MIRON,184,18.5
MUSSA,184,26.4
OSCAR IGNACIO,184,45.3
OSCAR VICENTE,184,49.4
RICARDO ANGEL,184,55.1
RICHARD DAVID,184,40.9
ROSSEND,184,61.6
TAYYAB,184,26.3
YAHEL,184,9.4
ABDELKBIR,183,44.0
ALEJANDRO TOMAS,183,37.0
ALEKS,183,19.8
AMEER,183,25.4
ANDRES ELOY,183,39.9
CLAUDIO ALEJANDRO,183,47.1
CRISTIAN ALEXIS,183,29.8
EL ALAMI,183,46.7
JAIME RAFAEL,183,48.4
JOE,183,31.6
JULIAN FERNANDO,183,50.6
MATT,183,8.4
RAUL GABRIEL,183,19.7
RODOLFO JOSE,183,48.5
SATNAM,183,42.6
SIMON PEDRO,183,44.1
WALTER DANIEL,183,44.4
YESID,183,42.2
YVES,183,47.3
ABDELKADIR,182,36.6
ABDELWAHAB,182,38.5
AGRIPINO,182,73.6
ALBERTO TOMAS,182,48.7
ALONSO JOSE,182,36.7
AMAURY,182,43.4
CARMELO JAVIER,182,52.1
FABIAN ALBERTO,182,41.5
GAVRIL,182,54.6
HEBER,182,35.4
JAKE,182,17.0
JEAN LOUIS,182,60.4
JOEL JESUS,182,28.3
JONATHAN MANUEL,182,32.5
JORGE AUGUSTO,182,44.2
LUIS LEONARDO,182,41.3
MARIA,182,56.2
NAREK,182,20.5
PEDRO GUILLERMO,182,51.1
RAUL ERNESTO,182,46.1
RICARDO GABRIEL,182,36.3
RONALD JOSE,182,38.1
SANTIAGO TOMAS,182,41.3
SANTO,182,50.9
SEBASTIAN FRANCISCO,182,46.3
SOLOMON,182,35.1
TOMAS LUIS,182,56.1
TXABER,182,28.9
WILLIAM JOHN,182,62.2
YAZAN,182,7.8
ZUBAIR,182,34.3
ADOLFO ANTONIO,181,52.6
ANTONIO MARIANO,181,57.8
ASHRAF,181,33.7
BENITO JESUS,181,50.5
BLAS MANUEL,181,51.1
CANDELARIO,181,66.5
CHAO,181,38.5
FELIPE ALEJANDRO,181,34.8
ILIYA,181,44.8
JAIRO ALBERTO,181,45.0
JAVIER MARTIN,181,43.9
LUCAS MIGUEL,181,25.2
NAJI,181,41.8
NESTOR DANIEL,181,41.1
NICHOLAS JOHN,181,55.3
NICOLAS IGNACIO,181,30.7
PEDRO GINES,181,47.4
QI,181,35.2
RAMON JUAN,181,61.6
RICHAR,181,36.2
RUBEN EDUARDO,181,45.4
ADRIAN IONUT,180,28.2
ALEXANDRU FLORIN,180,28.3
AYDEN,180,6.3
BAMBA,180,35.1
ITALO,180,38.2
JADIEL,180,8.7
JEFFERSON ALEXANDER,180,27.7
JESUS ALVARO,180,49.8
JESUS SEBASTIAN,180,42.1
JHAN CARLOS,180,26.9
JULIO ALFONSO,180,53.5
LUIS RUBEN,180,44.7
MAHMUD,180,34.2
MANUEL CRISTOBAL,180,54.6
MATIAS JAVIER,180,31.8
MOHSEN,180,43.4
MORY,180,34.2
MUHAMMAD MUSA,180,6.3
ODON,180,56.2
OSCAR ORLANDO,180,44.9
RAUL DANIEL,180,33.6
ROBERT WILLIAM,180,62.9
YOUNESSE,180,28.8
ADRIAN JAVIER,179,29.5
ALEIXO,179,12.5
ALEXANDRU IOAN,179,27.7
ANIBAL JOSE,179,43.7
ANTONIO VALENTIN,179,50.0
ANYELO,179,20.8
ARIDANI,179,33.5
ARMIN,179,37.8
DANIEL IVAN,179,36.0
HEORHII,179,25.4
LIBARDO,179,55.3
MALEK,179,28.4
MASSAMBA,179,39.4
MATEUSZ,179,28.2
MUBASHAR,179,36.7
NAZARII,179,22.3
OMAR DAVID,179,31.8
PAUL JOHN,179,59.1
TIHOMIR,179,43.8
ABDOUL,178,34.5
AMAN,178,30.0
ANTOLIANO,178,68.8
CARLOS PATRICIO,178,48.5
DAVID ANTHONY,178,59.7
DAVID IGNACIO,178,39.2
FARUK,178,21.2
FERNANDO AUGUSTO,178,50.2
GRIGORII,178,26.7
GUIEM,178,18.2
HENRY ALEXANDER,178,33.2
JAVIER ESTEBAN,178,43.3
JESUS EUGENIO,178,59.7
JOSE HERNAN,178,49.0
JOSE WILLIAM,178,51.6
LAKHWINDER,178,43.3
MANUEL JAIME,178,58.5
MATTHEW JAMES,178,40.6
MIGUEL JORGE,178,55.7
MOHSSIN,178,33.1
NACER,178,42.8
NINO,178,30.5
TSVETAN,178,46.8
VALERY,178,52.6
ABDEL LAH,177,42.2
ALLEN,177,23.8
ANSUMANA,177,36.7
FELIPE IGNACIO,177,37.2
FREDY ALEXANDER,177,37.2
GONZALO NICOLAS,177,29.5
ISAURO,177,68.6
JESUS ALEXIS,177,42.5
JOHAN STIVEN,177,24.8
JORGE ORLANDO,177,47.2
JOSE LAUREANO,177,60.2
JUAN ABEL,177,45.9
JULIO JUAN,177,56.7
SALAMA,177,35.4
STUART,177,57.9
THIAGO GAEL,177,4.3
VICENTE FERNANDO,177,58.6
ABDERAHMAN,176,28.8
ANGEL GUSTAVO,176,44.6
ARKAN,176,4.7
ASDRUBAL,176,40.7
FATEH,176,29.8
FELIPE ALBERTO,176,47.3
FERNANDO PABLO,176,53.3
FIDENCIO,176,71.0
FRANCISCO ADOLFO,176,53.2
ISIDRO ANTONIO,176,57.1
JAIME IGNACIO,176,46.8
JATINDER,176,37.4
JAVIER RAFAEL,176,41.6
JIANWEI,176,45.4
JOHN ANDERSON,176,33.6
JORGE TOMAS,176,46.9
LUIS ALEXIS,176,42.0
MANUEL DAMIAN,176,50.7
MAURICE,176,52.5
MOUAAD,176,20.9
NELSON ANDRES,176,34.7
NEZAR,176,18.5
ROBERT DANIEL,176,26.3
SALMANE,176,15.9
VICTOR SANTIAGO,176,41.6
ABUBAKER,175,14.8
ALEXANDRU CONSTANTIN,175,24.5
ALFONSO RAMON,175,56.4
BRAYAN ALEXIS,175,26.5
CAIO,175,26.5
DAMIEN,175,34.6
DANIEL GABRIEL,175,29.9
DIEGO ADRIAN,175,31.1
ESTIVEN,175,27.1
FELIX ANDRES,175,48.6
FELIX DAVID,175,41.1
GERMAN LUIS,175,53.1
GONZALO LUIS,175,44.8
HAOXUAN,175,12.0
IVAN ALEXANDER,175,29.9
JESUS ISRAEL,175,44.1
MANUEL ISIDRO,175,58.5
MARCOS ENRIQUE,175,42.0
MARIUS ADRIAN,175,38.9
MIGUEL PABLO,175,49.8
THIAGO DAVID,175,6.6
ZORAN,175,48.2
ALHAGIE,174,37.9
ALVARO ALEJANDRO,174,33.0
ANGEL GREGORIO,174,55.8
ANGEL RODRIGO,174,44.5
CARLOS GERMAN,174,47.7
CARLOS JAIME,174,57.0
FABIANO,174,45.3
IGNACIO CARLOS,174,48.5
JAVIER EMILIO,174,45.0
JORGE AGUSTIN,174,46.4
JOSE BAUTISTA,174,60.4
JOSE TEODORO,174,61.2
JUAN JOAQUIN,174,58.8
KINGSLEY,174,40.9
MARCELO ANTONIO,174,46.2
NGAGNE,174,40.4
OVIDI,174,19.5
PASCUAL ANTONIO,174,55.4
PEDRO LORENZO,174,54.4
RABIA,174,37.7
RAVINDER,174,36.3
SLIMAN,174,43.5
SORY,174,34.6
ADOLF,173,59.2
ANDREI CRISTIAN,173,21.4
ANES,173,12.9
ANGEL DAMIAN,173,41.6
ANTONIO VICTOR,173,54.5
CHARLIE,173,21.4
DARREN,173,42.7
FELIPE LUIS,173,52.9
FRANCISCO ALEXIS,173,47.2
FRANCISCO ROMAN,173,51.9
GABI,173,19.4
JAMIE,173,30.5
JAVIER ERNESTO,173,42.3
JORDI JOSEP,173,45.5
JOSE ROLANDO,173,47.0
LIZAR,173,11.6
LYUBOMIR,173,45.9
MANUEL GERARDO,173,57.3
MARIO EDUARDO,173,45.4
MIGUEL ARTURO,173,42.8
MOISES JESUS,173,37.5
PABLO MARCELO,173,49.4
RAMON EMILIO,173,53.8
WELLINGTON,173,38.0
WILLIAM JESUS,173,46.3
XU,173,35.7
ABDELLAZIZ,172,49.6
ADRIAN EDUARDO,172,27.9
ANDRES LEONARDO,172,34.7
ANTONIO ISIDRO,172,60.8
ARTIOM,172,22.4
AYAX,172,9.7
BRYAN ALEJANDRO,172,23.8
DAVID STEVEN,172,29.9
EBRAHIM,172,28.1
EDU,172,10.3
FRANCISCO SAMUEL,172,33.8
GEORGEL,172,48.7
GUILLERMO CARLOS,172,46.6
HENDRIK,172,60.3
IGNACIO RAFAEL,172,44.4
JOSE LEOPOLDO,172,56.1
LUAY,172,12.0
PABLO ROBERTO,172,45.6
SALVADOR DAVID,172,40.9
SANTIAGO AGUSTIN,172,33.7
SANTIAGO ALEXANDER,172,18.3
SERGIO CARLOS,172,46.5
TOMAS ANDRES,172,38.0
TREVOR,172,60.3
VASILII,172,36.8
VENTSISLAV,172,45.3
VICENTE DANIEL,172,47.2
WIFREDO,172,60.2
ABDUL REHMAN,171,21.2
CRISTIAN ANDREI,171,17.0
DANIEL ISAAC,171,23.4
DARIEN,171,20.6
FELIX DANIEL,171,37.8
HICHAME,171,35.8
IVAN MIGUEL,171,36.2
JACKSON,171,28.9
JAVIER AGUSTIN,171,45.9
LUCAS MATEO,171,10.4
MANUEL OSCAR,171,56.5
MARIUS GABRIEL,171,35.0
MITKO,171,45.6
MOMODOU,171,42.3
REZA,171,48.6
RICARDO RAMON,171,56.8
SANTIAGO ANGEL,171,55.3
SERGIO NICOLAS,171,36.7
TOMMY,171,28.5
VICTOR ALFREDO,171,45.8
WAGNER,171,41.7
ABDELTIF,170,47.3
AFZAAL,170,41.6
ANDREI IONUT,170,24.4
ANGEL LEONARDO,170,37.5
ANTONIO GERMAN,170,53.7
CHEIKHOU,170,38.0
CLAUDIO DANIEL,170,47.4
CLODOALDO,170,65.5
DAVID JOSUE,170,27.5
EDUARDO ALFONSO,170,46.2
EDUARDO JORGE,170,56.4
ERIC GABRIEL,170,11.6
ESTEBAN ANTONIO,170,48.4
FERMIN JOSE,170,58.7
FERNANDO IGNACIO,170,51.9
FLORENCI,170,68.0
FRANCISCO ALONSO,170,47.4
HARJINDER,170,41.2
HUGO DAVID,170,27.0
JERONIMO JOSE,170,48.3
JOSE NORBERTO,170,57.5
JUAN SANTOS,170,61.7
MATEO SEBASTIAN,170,15.1
NABEEL,170,30.0
NICOLAIE,170,55.6
RODOLFO ANTONIO,170,49.8
SANTIAGO FERNANDO,170,49.2
SOHAYB,170,12.1
ALAN JOHN,169,69.7
ALEXANDER JAVIER,169,27.1
ALEXIS DAVID,169,29.5
APOLO,169,30.8
BALJINDER,169,39.9
BIRAMA,169,36.6
CARLOS FELIX,169,54.9
DIEGO FABIAN,169,35.5
DIEGO JUAN,169,43.8
EDDIE,169,33.7
EIDER,169,21.1
EL HADJ,169,46.9
EUSEBIO JOSE,169,53.6
FRANCISCO ALFREDO,169,54.8
GAGIK,169,47.6
GUILLERMO EDUARDO,169,46.7
IKER MANUEL,169,13.3
JAIME DANIEL,169,39.4
JAVIER NICOLAS,169,36.7
JEAN MARIE,169,62.3
JESUS JORGE,169,54.0
JONATHAN GABRIEL,169,25.8
JUAN SERGIO,169,51.8
KEBA,169,33.7
LUCAS ADRIAN,169,15.4
MAMERTO,169,66.8
MICHAEL JOSEPH,169,52.1
NAZAN,169,13.7
OSAID,169,1.2
PABLO PEDRO,169,52.2
RAFAEL ERNESTO,169,46.5
SANTIAGO IGNACIO,169,40.9
SINAI,169,12.8
TOMAS DAVID,169,40.3
VICENTE PEDRO,169,59.8
WALTER ANTONIO,169,43.8
WILSON JAVIER,169,39.9
ABBES,168,48.1
ABEL JOSE,168,42.5
ALEJANDRO MARIA,168,43.4
ALEXIS MANUEL,168,39.7
CARLOS ALONSO,168,36.2
CARLOS VICTOR,168,51.3
CESAR MARIA,168,57.8
CLAUDIO ALBERTO,168,52.2
DANIEL MARTIN,168,36.5
DARIO ALEJANDRO,168,31.4
DENIZ,168,19.0
DONALD,168,56.9
ESTEBAN FRANCISCO,168,50.7
EXPEDITO,168,60.0
FAMARA,168,37.1
FLOREAL,168,76.0
FLORINDO,168,71.4
FRANCISCO XABIER,168,50.6
FRANCO NICOLAS,168,29.3
ILAI,168,6.8
ILIYAN,168,41.2
JABIER,168,53.9
JOSE ARIEL,168,38.0
JOSE RENE,168,45.2
LICINIO,168,69.3
MANRIQUE,168,51.0
RUDESINDO,168,67.1
SERGIO GUSTAVO,168,50.8
STANLEY,168,46.0
VSEVOLOD,168,23.7
XOSE ANTON,168,55.7
ALBERTO FERNANDO,167,51.1
ANSAR,167,45.4
ANTONI JOSEP,167,50.1
ARMICHE,167,38.3
BADRE,167,34.3
CRISTHIAN ALEXANDER,167,27.9
DANIEL RAFAEL,167,36.9
EL YAMANI,167,46.2
EUGENIO ANTONIO,167,57.4
FEDIR,167,36.0
FELIX CARLOS,167,59.8
FRANCISCO ARTURO,167,49.7
IEVGEN,167,43.3
IONUT CRISTIAN,167,30.5
IVAN ALBERTO,167,39.4
IVAR,167,16.1
JAIME ALFONSO,167,50.9
JESUS NAZARET,167,33.0
JHON HENRY,167,36.4
JUAN LEONARDO,167,49.6
MARCELO EDUARDO,167,51.7
MESSAOUD,167,52.4
PERCY,167,43.1
SAMVEL,167,42.6
SHAKEEL,167,41.5
SINESIO,167,71.6
XIKER,167,21.0
ADRIAN ENRIQUE,166,29.1
DAVID MARIA,166,35.7
DENZEL,166,11.4
DINO,166,44.1
FANEL,166,50.1
FRANCISCO BERNARDO,166,55.8
FRANCISCO MARIO,166,51.2
GIAN FRANCO,166,32.0
HARRISON,166,31.6
HECTOR RAFAEL,166,42.5
JORGE GUSTAVO,166,49.1
LAZAR,166,39.0
LUIS FERMIN,166,57.9
MARIANO LUIS,166,57.9
MOHAMMED EL AMINE,166,31.3
MOISES ANTONIO,166,40.1
UR,166,10.9
WALEED,166,25.6
AIMANE,165,22.0
ANDRES ESTEBAN,165,36.1
CARLOS JOEL,165,26.2
DAWDA,165,31.0
DOMINGO RAMON,165,58.0
EL MAATI,165,47.6
FERNANDO RAUL,165,46.0
GABRIEL ADRIAN,165,30.8
GAVRILA,165,54.4
GERMAN DARIO,165,44.6
GERMAN JESUS,165,48.9
GURWINDER,165,31.3
HARDEEP,165,36.8
JAIME CARLOS,165,55.2
JAVIER ALFREDO,165,47.4
JORGE OSCAR,165,56.9
JUAN EUSEBIO,165,59.1
LASANA,165,30.2
MARIUS ALEXANDRU,165,27.8
MODY,165,34.9
PATHE,165,37.6
PEDRO ROBERTO,165,55.4
PHILIP JOHN,165,64.4
SERGE,165,55.0
XIAODONG,165,43.0
XIAOWEI,165,41.7
ZIHAN,165,13.7
ABDESSADEK,164,40.8
ABUBACARR,164,23.1
ANDRES ALFONSO,164,43.8
ANDRES FABIAN,164,36.2
BENITO JAVIER,164,52.7
CHRISTIAN GABRIEL,164,29.2
DARIUS ANDREI,164,11.8
DAVID IONUT,164,11.3
EMILIO CARLOS,164,57.5
ERIZ,164,35.4
FERNANDO SANTIAGO,164,51.9
FRANCISCO MATEO,164,44.9
GERARDO JAVIER,164,45.8
GONZALO DANIEL,164,35.0
IGNACIO MARTIN,164,40.2
JESUS VALENTIN,164,54.3
JOAO VITOR,164,24.2
JOSE HIGINIO,164,59.2
KEVIN ALBERTO,164,26.5
MARIUS FLORIN,164,37.5
MEROUANE,164,31.8
NATXO,164,20.4
OSCAR SANTIAGO,164,38.1
ABDELJABBAR,163,38.5
ADOLFO JAVIER,163,50.1
AHMED SALEM,163,38.8
ALBERTO VICENTE,163,53.4
ANTONIO BENITO,163,58.8
ARMANDO JAVIER,163,46.3
BRIAN JESUS,163,25.1
CLEMENCIO,163,70.3
DANIEL STIVEN,163,25.0
DAVID ROBERT,163,56.7
DAVID SALVADOR,163,42.9
EDUARD ANDREI,163,13.0
EDWIN PATRICIO,163,44.2
ELIAS DAVID,163,24.2
FELIX JUAN,163,57.2
FERDINAND,163,50.1
GABRIEL LUIS,163,46.6
GEORGE ALEXANDRU,163,26.6
GERMAN EDUARDO,163,45.6
IDIR,163,33.8
JAVIER ALONSO,163,40.0
JAVIER TOMAS,163,45.1
JUAN LEON,163,48.8
KULDEEP,163,39.4
LUIS MAURICIO,163,40.5
TALHA,163,20.3
TAMAS,163,42.2
YAREL,163,8.6
YENEDEY,163,15.2
ADRIAN MIGUEL,162,28.3
ANTONIO ALFREDO,162,55.2
BORJA JESUS,162,33.7
CESAR RAMON,162,48.4
CHRIS,162,24.6
CLAUDIO JAVIER,162,47.6
EL BEKKAY,162,44.3
ELADIO JOSE,162,52.3
EMILIANO JOSE,162,40.7
FERMI,162,60.0
GERARDO ENRIQUE,162,46.6
IOAN ADRIAN,162,41.6
IONUT CATALIN,162,33.7
JIANJUN,162,50.3
JOHN JOSEPH,162,59.8
JON KEPA,162,48.3
JULIAN FELIPE,162,35.5
JULIAN JAVIER,162,51.5
JUNIOR ALEXANDER,162,27.5
KAEL,162,5.5
KOFI,162,44.3
MANUEL JULIO,162,62.6
NILSON,162,46.2
PAULO ROBERTO,162,47.3
RICARDO VICENTE,162,56.9
SCOTT,162,40.3
SULIMAN,162,26.5
TOMAS VICENTE,162,57.3
VICTOR IGNACIO,162,44.1
XUHAR,162,7.3
ADELAIDO,161,68.5
ALVARO IGNACIO,161,37.3
AMETH,161,30.5
ANDRE FILIPE,161,34.5
ANGEL ARTURO,161,44.4
BALDUINO,161,55.1
BRAHIMA,161,36.1
DEAN,161,35.0
FELIX FERNANDO,161,58.8
GEORGIAN,161,37.6
HENRY DAVID,161,30.2
ILLYA,161,32.7
ISRAEL JESUS,161,38.4
JACEK,161,50.3
JEAN LUC,161,52.8
JOAQUIN PEDRO,161,55.1
JUNYI,161,21.5
LEVON,161,33.8
MAMADU,161,37.1
MANJIT,161,45.4
MARCOS EDUARDO,161,37.7
MIGUEL OSCAR,161,52.6
OREST,161,41.3
RODRIGO ALBERTO,161,39.3
ROSEN,161,42.0
SALVADOR JUAN,161,52.7
SIGFREDO,161,64.9
ABDELBASSET,160,22.4
ALBERTO JOAQUIN,160,48.1
AMRITPAL,160,28.2
ANDRES GABRIEL,160,30.3
ANGEL MATIAS,160,30.2
ARHAM,160,6.4
ATAULFO,160,67.5
BRANDON STEVEN,160,23.8
CARMELO ANTONIO,160,57.6
CLAUDIO MARCELO,160,52.3
CSABA,160,47.1
DANIEL ARMANDO,160,35.7
DAVITI,160,29.2
DIEGO IVAN,160,36.9
EDWIN ANTONIO,160,37.9
EMILIO ALEJANDRO,160,38.5
EUGENIO JAVIER,160,55.5
EZRA,160,8.9
FRANCISCO ABEL,160,43.6
FRANCISCO GERARDO,160,53.5
FRANCISCO MATIAS,160,47.8
FRANCK,160,47.1
FREDDY ALEXANDER,160,35.4
HADDOU,160,50.6
HECTOR ALBERTO,160,48.2
HERVE,160,46.9
JADEL,160,10.2
JONATHAN FERNANDO,160,30.3
JOSE EZEQUIEL,160,47.0
JUAN DARIO,160,33.5
MARIANO FRANCISCO,160,55.7
MATEO JESUS,160,27.9
NUR,160,16.1
PABLO DAMIAN,160,43.2
PEDRO ELIAS,160,49.4
SEBASTIAN JAVIER,160,39.8
SERGIO ALEXANDER,160,28.4
THIAGO DANIEL,160,7.2
VICTOR SAMUEL,160,31.1
VITALI,160,43.6
ZOHAIB,160,26.4
ANTONIO MATIAS,159,52.1
ARCANGEL,159,54.1
BHUPINDER,159,40.4
BRUCE,159,28.5
CARLOS XAVIER,159,33.2
DMITRI,159,39.5
DOMINGO FRANCISCO,159,59.5
EBER,159,30.8
EDEL,159,34.2
EDWIN ALEJANDRO,159,30.4
EUDALDO,159,68.4
FACUNDO NICOLAS,159,27.2
GUSTAVO ADRIAN,159,45.2
HERNAN JOSE,159,45.3
HUGO CESAR,159,45.5
ISOLINO,159,69.5
JESUS GERARDO,159,53.7
JESUS RUBEN,159,44.1
JHON MARIO,159,35.5
JOEL JOSE,159,30.8
JOSE LAZARO,159,56.3
JOSE RUFINO,159,60.5
JULIAN ENRIQUE,159,46.4
MARIO NICOLAS,159,21.5
MARTIN ALONSO,159,36.5
MARTIN SEBASTIAN,159,34.8
NIKA,159,25.0
REGINALDO,159,47.7
RUY,159,16.1
SEDDIK,159,44.6
THOR,159,25.1
WU,159,42.4
YANNIS,159,9.9
ABDENNASSER,158,39.3
AMADOU TIDIANE,158,33.9
ANDREJ,158,38.1
AUGUST,158,51.1
BADAR,158,19.7
DIEGO RAUL,158,39.4
DYLAN DAVID,158,10.5
ERNESTO ALEJANDRO,158,35.9
FELIX ALEJANDRO,158,39.1
GEVORG,158,39.1
HARRIET,158,20.1
ISIDRO JESUS,158,52.0
JERRY,158,41.7
JOSE ANSELMO,158,62.4
JOSE FULGENCIO,158,56.0
KEVIN ADRIAN,158,21.5
MATEO GABRIEL,158,9.6
MOSAAB,158,11.5
OUAIL,158,24.5
RAUL ANDREI,158,14.9
RODRIGO MARTIN,158,35.3
STEPHEN JAMES,158,59.8
STEPHEN PAUL,158,62.8
ULRICH,158,59.1
ADRIAN ARTURO,157,29.9
ADRIAN VASILE,157,39.1
ASLAM,157,27.2
AURITZ,157,14.9
BERNARDO MANUEL,157,52.8
BOUZIAN,157,53.5
CHOUAIB,157,28.9
DANIEL OSCAR,157,52.3
DAVID SAMUEL,157,32.1
DYLAN DANIEL,157,9.5
ERICK JOSE,157,29.7
FRANCISCO ELIAS,157,50.4
FRANCISCO MARCOS,157,52.7
GONZALO FRANCISCO,157,48.2
HAN,157,24.3
IGNACIO ANGEL,157,58.2
IOAN ALEXANDRU,157,32.0
JORGE MAURICIO,157,41.2
JUAN GERMAN,157,54.2
LIAM ALEXANDER,157,5.9
LIAM MATEO,157,3.7
LUCAS NAHUEL,157,25.9
LUIS OMAR,157,43.6
MANUEL ALVARO,157,51.4
OCTAVIO JOSE,157,48.8
RAUL ANGEL,157,48.9
RICHARD JAMES,157,54.9
ROBERTO EDUARDO,157,49.8
RONAL,157,38.0
SAMBOU,157,36.8
WILSON FERNANDO,157,42.8
ZAZA,157,46.7
AGUSTIN MARIA,156,56.1
ALBERTO IGNACIO,156,48.1
ALEIXANDRE,156,35.6
ALVARO GABRIEL,156,28.6
AMAIUR,156,15.8
ANGEL CRISTO,156,39.8
DOMINICK,156,10.1
FOUSSEYNI,156,35.9
FRANCISCO CRISTOBAL,156,52.8
GABRIEL NICOLAS,156,26.1
GAGANDEEP,156,30.2
GIORDANO,156,46.3
GONZALO MIGUEL,156,39.7
GREGORIO JAVIER,156,53.3
IGNACIO ENRIQUE,156,42.9
JOSUE ALEJANDRO,156,21.0
LUIS RAMIRO,156,51.6
MACIEJ,156,40.3
MANUEL AURELIO,156,59.3
MANUEL ELIAS,156,49.0
MARIO ERNESTO,156,48.4
MIGUEL ADRIAN,156,30.0
MIGUEL FELIPE,156,48.8
MOUHAMADOU LAMINE,156,30.4
NAZIM,156,32.8
OLAU,156,11.2
PEDRO NOLASCO,156,50.9
RAMON DAVID,156,42.0
SANDY,156,38.7
SARFRAZ,156,39.9
SEBASTIAN ALEXANDER,156,17.1
VICTORIANO JOSE,156,59.6
WEIJIE,156,30.6
YOSVANY,156,41.0
ABED,155,40.4
ABSELAM,155,57.5
ANGEL DARIO,155,35.3
BOGDAN IONUT,155,31.2
ELIA,155,25.2
FATHI,155,38.2
GEOVANNY,155,36.2
GERMAN DAVID,155,34.9
IAN ALEJANDRO,155,9.7
IOAN DANIEL,155,38.3
IONUT GABRIEL,155,29.1
ISRAEL JOSE,155,40.4
JOEL ANDRES,155,24.5
JORGE ARIEL,155,41.5
JOSE ELISEO,155,57.8
JOSE HERMINIO,155,61.5
KABIR,155,31.9
LEONARDO MANUEL,155,39.6
MARTINO,155,26.2
MONSIF,155,18.8
MOUHAMADOU MOUSTAPHA,155,29.4
RAFAEL DANIEL,155,40.8
RAFAEL RICARDO,155,47.2
REHAN,155,19.5
SALVADOR ENRIQUE,155,48.0
THIAGO ALESSANDRO,155,6.8
YOUSSOU,155,35.1
YUXUAN,155,14.5
AARON ALEJANDRO,154,16.1
ABRAHAM DAVID,154,21.7
ALAN GABRIEL,154,19.2
ALEJANDRO IGNACIO,154,39.3
ANDREI GABRIEL,154,20.7
BOUMEDIENE,154,49.2
CANDIDO JOSE,154,52.4
CESAR GABRIEL,154,31.4
DAMIAN JESUS,154,40.0
DANIEL OMAR,154,44.4
DMITRIY,154,33.9
EDGAR ENRIQUE,154,45.9
EDWIN DAVID,154,32.2
EMILIO ENRIQUE,154,52.6
ENETZ,154,15.9
EUGENIO FRANCISCO,154,58.6
FAROOQ,154,43.5
FERMIN JAVIER,154,55.6
FLORIN ADRIAN,154,37.6
FRANCESC PAULA,154,53.8
FRANCISCO SALES,154,57.6
GABRIEL SEBASTIAN,154,25.5
HUGO JESUS,154,32.8
JAMES ALEXANDER,154,37.1
JAVIER IVAN,154,41.4
JESUS ARTURO,154,49.2
JESUS PASCUAL,154,56.8
JONATHAN STEVEN,154,28.3
LEONARDO RAFAEL,154,32.3
LUIS DAMIAN,154,48.5
LYES,154,41.4
MANUEL RUBEN,154,46.0
MARIUS CATALIN,154,36.7
MILTON CESAR,154,45.3
NAUFAL,154,21.3
PAUL ALEXANDER,154,33.8
PEDRO ARTURO,154,52.3
XERACH,154,32.0
YACOUB,154,14.5
YUNIER,154,38.5
ZHENG,154,35.9
ZOSIMO,154,73.9
AGUSTIN IGNACIO,153,38.6
ALEXI,153,35.2
ANDRES ALEXANDER,153,25.8
BADARA,153,38.7
CRISTIAN IONUT,153,28.5
DIEGO CARLOS,153,43.4
FIDEL ANTONIO,153,54.4
GUAYRE,153,13.0
IKER JOSE,153,14.7
JAMES WILLIAM,153,52.0
JESSE,153,30.4
JESUS BENITO,153,57.0
JIANPING,153,55.4
JIN,153,37.7
JOHAN ALEJANDRO,153,24.5
JORGE PATRICIO,153,46.3
JUAN FEDERICO,153,51.9
KURT,153,59.6
LARRY,153,39.3
LHOUSSAIN,153,43.4
MARIO RAUL,153,46.0
OLIVER JESUS,153,32.6
PEDRO SEBASTIAN,153,44.6
RALPH,153,50.2
RUSTAM,153,37.2
SERGIO ESTEBAN,153,36.5
SILAS,153,20.3
VASILY,153,44.9
ABDENABI,152,44.9
ABRAHAM JESUS,152,27.3
ALBERTO GABRIEL,152,33.2
ANDRES GUILLERMO,152,39.8
ANTONIO BLAS,152,58.0
ANTONIO CRISTOBAL,152,53.2
DANIEL GUSTAVO,152,47.1
DIEGO ARIEL,152,39.0
EDGAR ALEJANDRO,152,33.1
ELVIO,152,51.7
FERNANDO ARTURO,152,47.8
HECTOR RAMON,152,48.7
JIANHUA,152,52.8
JOHN RICHARD,152,63.1
JOSE AQUILINO,152,62.3
JOSE HERIBERTO,152,53.7
KEMEN,152,14.8
KEMO,152,35.9
LIAM GABRIEL,152,5.2
MAGATTE,152,42.1
MAGDALENO,152,69.7
MANUEL ARMANDO,152,52.1
MAXIMO JOSE,152,46.1
NICOLAS FERNANDO,152,33.2
NOUREDINE,152,41.9
PEDRO ISMAEL,152,43.2
PEDRO NEL,152,54.5
RAFAEL TOMAS,152,56.0
RAVI,152,29.1
ROHIT,152,30.1
SALVI,152,44.1
SASCHA,152,38.6
SHERAZ,152,30.4
VALERICA,152,51.4
WOJCIECH,152,46.5
XAQUIN,152,28.6
ZOHIR,152,32.1
ALBERTO EDUARDO,151,49.8
ANGEL JULIO,151,58.3
ANGEL PATRICIO,151,47.6
BRYAN JOSE,151,23.6
CARLOS AURELIO,151,51.8
CARLOS DARIO,151,40.5
CHARAF EDDINE,151,25.3
DANIEL ELIAS,151,30.9
DAVINDER,151,38.2
DESTINY,151,21.5
DOMINGO JUAN,151,61.9
EL HACHMI,151,50.6
ELI,151,34.7
ERICK SANTIAGO,151,16.7
ESTEBAN ALEJANDRO,151,32.6
ESTEBAN LUIS,151,54.6
GINES JOSE,151,48.1
ISAAC ALEJANDRO,151,19.8
JEFFERSON DAVID,151,28.1
JHON EDINSON,151,33.6
JOSE CELESTINO,151,61.0
JOSE SEGUNDO,151,58.1
KELIAN,151,14.8
MANOEL,151,44.0
MANUEL VALENTIN,151,51.0
MARIO JORGE,151,50.9
MARIO RAFAEL,151,40.7
NEITHAN,151,6.1
NICOLAS ENRIQUE,151,32.1
OLIMPIO,151,70.8
SAIBO,151,28.4
SERGIO VICENTE,151,46.2
ADHAM,150,16.2
ADOLFO LUIS,150,58.9
ADRIAN FERNANDO,150,28.5
ANIL,150,36.5
BATHIE,150,39.6
BRUNO MANUEL,150,35.2
CARLOS GERARDO,150,48.3
CESAR IGNACIO,150,48.4
DANIEL IONUT,150,27.0
ELIAS DANIEL,150,23.8
EMILIO RAFAEL,150,51.6
ESTEFAN,150,31.4
FABIO NELSON,150,41.2
GORDON,150,65.9
HENRY ALBERTO,150,44.8
IBRAHIMA SORY,150,33.6
IKER DANIEL,150,13.0
IKER DAVID,150,12.1
ISAC,150,21.9
JAIRO ENRIQUE,150,46.0
JAMES EDWARD,150,53.1
JHOEL,150,16.7
JHON JAMES,150,39.9
JOAQUIN DAVID,150,39.0
JOSE MARINO,150,62.7
JULIO MARIA,150,60.9
MANUEL MARIANO,150,57.9
MARLON ANDRES,150,28.7
MICHELANGELO,150,34.0
MUHAMMAD BILAL,150,24.5
OROITZ,150,25.4
PABLO GUILLERMO,150,44.6
PATRYK,150,25.5
PAUL MICHAEL,150,52.5
QUIRZE,150,23.8
RODION,150,25.7
RODRIGO NICOLAS,150,29.4
SANTOS MANUEL,150,52.9
SIDAHMED,150,32.0
SOUFYAN,150,23.1
WEIFENG,150,40.5
WILLEM,150,61.8
XIAOJUN,150,42.8
ADDA,149,43.6
ALEKSANDRS,149,41.3
ANTHONY DANIEL,149,21.9
AUREO,149,63.0
BERNARDO JAVIER,149,52.5
BRAYAN ALEJANDRO,149,23.9
BRIAN ALEXANDER,149,25.7
CARLOS JOSUE,149,26.0
CESAR ALFONSO,149,45.4
CRISTIAN LEONARDO,149,32.9
FERNANDO ALONSO,149,31.5
FIZ,149,14.7
FLAVIANO,149,65.1
GONZALO ALBERTO,149,45.6
GUILLERMO NICOLAS,149,32.2
GUSTAVO ALFONSO,149,46.7
GUSTAVO DAVID,149,39.6
IKER JAVIER,149,16.3
IÑIGO MARIA,149,41.0
JOSE FRANCISCO JAVIER,149,70.5
JOSE HECTOR,149,50.8
JUAN REYES,149,54.7
JUNIOR JOSE,149,30.5
KARMELO,149,59.7
KHURAM,149,38.8
KYLE,149,15.3
LHOU,149,48.3
LORENZO MIGUEL,149,49.4
LUIS DARIO,149,40.8
MOHAMED LEMINE,149,39.6
NICOLAS SANTIAGO,149,28.4
PABLO ALEXANDER,149,25.7
RICHARD ANTONIO,149,39.6
VICENTE EDUARDO,149,53.5
VICTOR CARLOS,149,50.2
VICTOR IVAN,149,39.5
AKHTAR,148,48.2
ALIRIO,148,55.9
ANTHONY JESUS,148,23.8
ARAMIS,148,32.3
AROUNA,148,35.2
BAKARI,148,29.8
CARLOS LEONARDO,148,38.3
CARLOS ORLANDO,148,46.7
CLAUDIO MANUEL,148,51.1
CRISTIAN LUIS,148,34.6
EDUARDO NICOLAS,148,33.2
EL AYACHI,148,53.7
FEDERICO LUIS,148,49.3
FRANCISCO MOISES,148,46.8
GUALBERTO,148,53.0
JANOS,148,49.5
JOAN ANTON,148,55.2
JONATHAN ALBERTO,148,34.8
JORGE MARCELO,148,51.3
JOSEP IGNASI,148,53.3
JUAN BARTOLOME,148,52.7
JUAN CLEMENTE,148,58.1
MARIO ALFONSO,148,46.9
MARTIN JOHN,148,61.1
MICHAEL WILLIAM,148,60.9
MIN,148,44.8
MUHAMED,148,25.0
NIGEL,148,51.9
OSCAR ALFONSO,148,45.9
OTONIEL,148,45.0
PEDRO ALEXANDER,148,35.3
RUBEN MIGUEL,148,36.0
STEVEN JOHN,148,59.4
SUHAR,148,9.8
YADEL,148,10.2
ZOUMANA,148,34.2
AFTAB,147,38.2
ALEKSEY,147,28.9
ALONSO MANUEL,147,39.0
ANGEL CARMELO,147,60.6
ANGELINO,147,67.2
ANGHEL,147,50.9
ANTHONY JOSUE,147,20.5
ARGELIO,147,64.1
BRIGHT,147,37.1
CRISANTOS,147,67.5
DARIO ANTONIO,147,41.5
DAVID RAUL,147,34.0
DAVID STEFAN,147,11.0
DOMINGO MIGUEL,147,54.5
ERICK ALEJANDRO,147,21.1
GIAN CARLO,147,34.7
IAN ALEXANDER,147,17.4
ISAAC ANTONIO,147,37.0
ISAAC JESUS,147,36.3
IVAN EDUARDO,147,38.8
JESUS ABEL,147,50.0
JONATHAN EDUARDO,147,31.2
JULIAN IGNACIO,147,45.0
LIAM ANDRES,147,4.6
LLUIS MIQUEL,147,48.9
LONG,147,35.9
MARTIN ANGEL,147,50.9
MARTIN EZEQUIEL,147,32.6
PETRISOR,147,47.1
RADI,147,48.8
ROBER,147,22.6
SAMUEL ESTEBAN,147,16.9
THOMAS JAMES,147,38.3
YORO,147,38.3
YVAN,147,40.7
AGUSTIN CARLOS,146,56.4
AGUSTIN NICOLAS,146,29.2
ALBERTO MARTIN,146,45.4
ANTONIO GINES,146,46.5
ARTURO ALEJANDRO,146,32.6
AUGUSTO CESAR,146,47.9
BRYAN ALEXIS,146,26.5
CARLOS ELIAS,146,39.2
CARLOS OSCAR,146,54.1
CESAR ALEXANDER,146,28.9
COSIMO,146,49.0
DAVID MARTIN,146,46.1
DAWID,146,26.2
DIEGO VICENTE,146,45.9
EMILIO ALBERTO,146,51.5
EMILIO DAVID,146,38.7
ENRIQUE ALFONSO,146,54.1
ETELVINO,146,69.3
FERNAN,146,30.6
FERNANDO EMILIO,146,54.0
FRANKLIN EDUARDO,146,38.8
GURPREET SINGH,146,30.7
HAJI,146,40.5
HLIB,146,14.9
HUBERT,146,48.7
JAVIER PEDRO,146,52.2
JHONY,146,40.1
JOSE OVIDIO,146,63.7
JUAN ISRAEL,146,40.0
LEONARDO ALBERTO,146,41.7
LUIS OCTAVIO,146,47.3
MAIQUEL,146,33.1
MANUEL ALONSO,146,45.4
MUHAMMAD HASSAN,146,11.8
NASER,146,32.2
PABLO JORGE,146,45.8
PEDRO ALEXIS,146,46.9
PETRONILO,146,70.1
SEBASTIAN NICOLAS,146,26.7
SEBASTIANO,146,44.1
SERIGNE MBACKE,146,35.9
VICTOR MARIO,146,49.1
YIXUAN,146,11.9
AARON DANIEL,145,14.9
ABDELAH,145,29.8
ABDOU KARIM,145,32.1
ALEX EDUARDO,145,33.6
ANGEL SAMUEL,145,24.0
AUGUSTINE,145,44.0
BARAA,145,7.8
BENITO ANTONIO,145,58.5
CARLOS GREGORIO,145,51.5
EMILIO ANDRES,145,45.8
ENRIQUE PEDRO,145,59.1
FACUNDO NAHUEL,145,29.3
FLORIN CRISTIAN,145,37.5
FRANCISCO FERMIN,145,57.7
FREDDY ALEJANDRO,145,31.6
GERMAN ALBERTO,145,47.1
HOUDAIFA,145,18.6
ISAAC DANIEL,145,20.7
JEAN POOL,145,20.9
JESUS ELIAS,145,47.5
JOHAN ESTEBAN,145,24.4
JORGE DOMINGO,145,51.8
JOSE REINALDO,145,49.5
JULIO ALFREDO,145,53.8
KASSIM,145,34.5
LENNY,145,16.0
LESMES,145,60.4
LIAM ALEJANDRO,145,4.7
MARCELO ADRIAN,145,45.5
MARCOS RAFAEL,145,38.0
MAXIMO ANTONIO,145,47.3
NESTOR JESUS,145,38.8
NICETO,145,70.0
NORDINE,145,42.6
RICARDO ARTURO,145,41.9
ROMICA,145,52.8
SALVADOR JAVIER,145,50.8
ADAMS,144,27.3
ALAEDDINE,144,20.1
ALIOUNE BADARA,144,36.5
ANDRIAN,144,30.9
ANTHONY JAVIER,144,20.9
BERNHARD,144,63.3
CAI,144,14.6
CARLOS ABEL,144,43.7
CARLOS GONZALO,144,48.0
CONOR,144,19.4
DAMIAN ALEJANDRO,144,29.1
DAVID ALAN,144,63.5
DUSAN,144,44.7
EDISON FERNANDO,144,40.7
FEDERICO ANDRES,144,40.0
GERARDO LUIS,144,53.6
HAROLD ANDRES,144,33.2
HARRI,144,20.7
JAYSON,144,29.0
JOSE HORACIO,144,58.0
JOSE VIRGILIO,144,56.0
JOSUE ALEXANDER,144,23.1
JUAN MOISES,144,44.0
MATEO DAVID,144,12.6
NICOLAS SEBASTIAN,144,28.4
OMAR ALEXANDER,144,34.1
PABLO JULIAN,144,43.3
RUBEN JAVIER,144,39.1
SALVADOR ANGEL,144,57.7
SANTIAGO VICENTE,144,56.3
WEIJUN,144,44.4
YUAN,144,32.9
ZSOLT,144,46.6
ABDELWAHID,143,38.0
ABRAR,143,28.5
ALFREDO FRANCISCO,143,56.3
ALFREDO RAMON,143,58.6
ANGEL ALEXANDER,143,25.3
ANGEL CESAR,143,53.5
DAMIAN JOSE,143,46.2
DANIEL CRISTIAN,143,30.5
DARELL,143,4.8
EDGAR DANIEL,143,30.4
ETTORE,143,36.5
FABIO JOSE,143,32.9
FRANCISCO VALENTIN,143,53.7
JORG,143,58.1
KALOYAN,143,32.9
KEVIN JOHN,143,59.0
LESLIE,143,68.4
MARIO RAMON,143,50.5
MARKOS,143,23.5
MARTIN DANIEL,143,32.0
MARTIN DAVID,143,36.5
MARTIN EMILIO,143,42.4
MAURICIO ALEXANDER,143,33.3
NICOLAS MIGUEL,143,39.7
PARAMJIT,143,46.3
RAJESH,143,44.1
RONY,143,36.2
VICENTE IGNACIO,143,50.1
WALDEMAR,143,55.6
WENHAO,143,18.7
ABDERAZAK,142,37.7
ALADJI,142,38.7
ALEXANDRU ADRIAN,142,31.9
ALONSO JESUS,142,43.4
ALVARO NICOLAS,142,28.0
ANGEL DIEGO,142,45.3
ANTONIO BERNARDO,142,57.9
ANTONIO MOISES,142,45.9
ARMANDO MANUEL,142,55.0
ARUN,142,22.0
BILEL,142,24.9
BRYAN DANIEL,142,24.2
CESARE,142,45.4
CEZAR,142,40.7
CHRISTOFER,142,27.1
CHRISTOPHER ALEXANDER,142,22.9
CORRADO,142,54.8
DANIEL HUMBERTO,142,40.2
DRAGAN,142,50.6
ENZO GABRIEL,142,11.7
ERICH,142,51.0
GIGI,142,44.4
HOLGER,142,59.5
JAIRO ALEXANDER,142,34.9
JAVIER PABLO,142,49.8
JESUS MARCOS,142,53.3
JHONATAN DAVID,142,24.8
JOSE ALBEIRO,142,53.0
JOSE EFRAIN,142,44.7
JOSE JOEL,142,29.7
JOSE NARCISO,142,59.8
JOSEPH DAVID,142,23.3
MARIYAN,142,40.6
MIGUEL SEBASTIAN,142,37.5
MOUHSSIN,142,35.5
NICOLAS ALEXANDER,142,21.2
ORLANDO ANTONIO,142,51.0
OSCAR ANGEL,142,50.2
OSCAR ROBERTO,142,51.5
REHMAN,142,26.8
SANTIAGO CARLOS,142,50.5
VALTER,142,52.1
WASHINGTON,142,51.5
YUSUPHA,142,33.6
ABIMAEL,141,27.0
ALEXIS DANIEL,141,28.4
ALIAKSEI,141,36.1
ANTONIO GREGORIO,141,59.7
ANTONIO MARIO,141,56.6
ARETX,141,10.3
ARMINDO,141,61.8
ARTYOM,141,26.5
CHEICKNE,141,34.4
DANAIL,141,44.4
DANIEL EMILIO,141,39.6
DANIEL ROBERTO,141,44.3
DAVID CHARLES,141,68.2
DUMITRU DANIEL,141,42.1
FEDERICO JESUS,141,51.6
FELIX RAFAEL,141,49.9
FERNANDO SEBASTIAN,141,35.9
GADIEL,141,11.0
GERMAN MANUEL,141,50.6
JESUS JULIO,141,61.6
JORGE SALVADOR,141,47.5
LEANDRO MARTIN,141,38.0
M BAREK,141,45.6
MAHIR,141,13.4
MARCO PAULO,141,43.9
MIHAI GABRIEL,141,34.9
OSTAP,141,21.3
PING,141,48.9
RAJINDER,141,44.5
RONALD ALEXANDER,141,36.5
SANTIAGO EDUARDO,141,38.8
VICENTE EMILIO,141,56.9
VICENTE GABRIEL,141,51.5
YEICO,141,9.8
ABDERRAZZAQ,140,32.2
AGUSTIN ALEJANDRO,140,37.0
AITOR JESUS,140,28.6
ALEJANDRO SALVADOR,140,35.0
ANGEL MARCOS,140,53.6
ARONA,140,34.5
AURELIO JESUS,140,54.1
BENJAMIN JOSE,140,44.5
CARLOS MATIAS,140,37.3
DANIEL FLORIN,140,34.2
DARIO JESUS,140,37.8
DEIVID,140,17.1
DIEGO ARTURO,140,32.4
DYLAN JESUS,140,10.0
ENEA,140,12.9
EUGENIO LUIS,140,55.4
EUTIQUIANO,140,75.6
FABIAN ANTONIO,140,39.6
FELIPE MIGUEL,140,53.2
FRANCISCO ALEXANDER,140,31.1
GUNTER,140,66.1
GUSTAVO ALFREDO,140,46.9
ISSMAIL,140,27.9
IVAN FERNANDO,140,38.9
JOAQUIN EDUARDO,140,43.3
JOHAN JOSE,140,34.5
JORDA,140,23.6
JOSE OSWALDO,140,48.9
JULIO ALEXANDER,140,31.8
LUPICINIO,140,75.8
MOHAMED KARIM,140,29.3
MOHAMMED YASSINE,140,29.3
NESTOR LUIS,140,46.8
NOA,140,11.8
OSCAR HUMBERTO,140,45.6
SEBASTIAN MIGUEL,140,42.0
TOMA,140,43.5
WALTER ENRIQUE,140,44.5
WENJIE,140,28.6
XOSE LOIS,140,58.0
ABDELATI,139,37.4
ADEXE,139,24.4
ADRIAN NICOLAS,139,20.2
ALEJANDRO JOAQUIN,139,34.8
ALEXANDRU STEFAN,139,22.8
ASCENSIO,139,69.4
CHRISTIAN PAUL,139,38.3
DANIEL JORGE,139,47.6
DANNY ALEXANDER,139,30.3
DIEGO ESTEBAN,139,35.9
EDAHI,139,7.6
ENRIQUE IGNACIO,139,50.8
FERNANDO ADRIAN,139,39.4
HAMADOU,139,34.3
HENRRY,139,41.9
IKER ALEJANDRO,139,13.4
IURI,139,30.6
JAVIER ARTURO,139,42.5
JESUS MOISES,139,45.8
JHON EDWIN,139,32.9
JONATHAN PAUL,139,38.5
JOSE AARON,139,27.1
JOSE FLORENTINO,139,64.9
JOSE VICTORIANO,139,62.2
LUIS MATIAS,139,45.0
MANUEL BERNARDO,139,59.0
MAURICIO ALBERTO,139,45.3
MICHAEL STIVEN,139,25.4
MIGUEL DOMINGO,139,54.5
PEDRO MARIO,139,51.9
RODRIGO IGNACIO,139,29.3
SHAMRAIZ,139,35.6
SIDIKI,139,32.9
SUKHDEV,139,45.6
THIAGO JESUS,139,7.1
TOMAS FERNANDO,139,53.9
VALENTIN JOSE,139,53.0
VICENTE AGUSTIN,139,57.2
WILLIAM JAMES,139,52.1
ABDELMONIM,138,36.5
AFRODISIO,138,73.0
ALES,138,32.3
ALEX MANUEL,138,25.6
ALEXANDER MANUEL,138,28.2
ANGEL ERNESTO,138,46.0
ANGEL LORENZO,138,54.8
ANTONI MARIA,138,64.2
ASHOK,138,50.4
ASTOR,138,19.1
BISER,138,44.2
BONAVENTURA,138,61.5
DEJAN,138,41.7
ERIC DANIEL,138,20.5
ESTEBAN DANIEL,138,33.6
HECTOR ALEXANDER,138,33.5
IVAN GABRIEL,138,27.2
IÑIGO LOYOLA,138,47.6
JEAN JACQUES,138,63.8
JOSE JAIRO,138,45.7
KEBBA,138,34.6
LLEO,138,9.1
LUCAS ARIEL,138,27.0
MARIO ANDREI,138,12.3
MATE,138,20.8
MAXWELL,138,28.0
MIGUEL EMILIO,138,48.7
MIGUELANGEL,138,31.3
MUHAMMAD UMAR,138,19.1
PATRICK JOSEPH,138,61.9
RAMON PEDRO,138,60.6
ROBSON,138,41.9
SEGUNDO JOSE,138,58.5
TOMAS EDUARDO,138,42.4
VASILE ADRIAN,138,41.2
VASILE CRISTIAN,138,40.5
WILMER ANTONIO,138,40.2
YASMANY,138,36.5
ADRIAN FLORIN,137,32.9
ANTONIO ALEXIS,137,47.3
ANTONIO GONZALO,137,56.7
BRYAN JOSUE,137,24.8
CARLOS ISMAEL,137,38.9
CRISTIAN RAFAEL,137,32.0
DAVID JULIAN,137,41.6
DIEGO EZEQUIEL,137,31.7
DIEGO RICARDO,137,36.9
DOMINGO ALBERTO,137,52.6
EDGAR JAVIER,137,38.0
EDUARDO MARTIN,137,43.9
HANI,137,36.5
HANS JOACHIM,137,73.4
JIACHENG,137,19.0
JOAQUIN SANTIAGO,137,51.0
JONATHAN ALEXIS,137,29.9
KAY,137,16.9
KEVIN MAURICIO,137,25.6
LUIS VICTOR,137,52.9
MANUEL DIEGO,137,50.0
MEHMET,137,43.4
MIGUEL ERNESTO,137,44.9
NESTOR RAUL,137,51.5
NICOLAS ESTEBAN,137,29.0
OSMEL,137,42.3
PAUL ANDREW,137,56.2
PEDRO AUGUSTO,137,39.6
POMPEYO,137,68.0
ROBERT ALEXANDRU,137,23.5
ROBERT JOSE,137,38.2
SURINDER,137,46.2
TORNIKE,137,28.6
VASILE DANIEL,137,38.5
VICENTE MARIA,137,58.8
VICTOR TOMAS,137,46.3
ABABACAR,136,36.8
ABDOUL KARIM,136,31.2
ABDUL HADI,136,10.3
ADUEN,136,15.7
AKIRA,136,17.3
ALEX MAURICIO,136,35.2
ALEXANDROS,136,29.4
ANGEL AUGUSTO,136,46.7
ANGEL MATEO,136,22.6
ANGEL VICTOR,136,54.7
ANTONIO OSCAR,136,54.6
BRIAN JOHN,136,70.8
CAMIL,136,36.9
CARLOS PABLO,136,54.1
CESAR ARTURO,136,39.8
DANIEL AUGUSTO,136,38.6
DAVID ANDREW,136,57.3
DAVID MOISES,136,36.6
DAVID PAUL,136,53.4
DAVID TOMAS,136,42.1
DIONICIO,136,49.6
DYLAN SANTIAGO,136,10.2
ELISEI,136,15.5
ELUR,136,10.1
EMILIO FERNANDO,136,57.4
ERNESTO LUIS,136,52.8
FRANCISCO GONZALO,136,50.0
FRANKLIN ANTONIO,136,41.7
GABRIEL ESTEBAN,136,36.8
GABRIEL OMAR,136,29.7
GUILLERMO RAFAEL,136,39.9
GUSTAVO FABIAN,136,48.1
IOAN FLORIN,136,43.9
JESUS JAIME,136,58.4
JHON EDWARD,136,33.7
JOAQUIN SALVADOR,136,55.8
JORGE ELIAS,136,43.8
JOSE BORJA,136,38.6
JOSE CAYETANO,136,56.1
KEITA,136,32.2
KHELIFA,136,43.2
LEANDRO MANUEL,136,35.6
LORETO,136,66.5
LUIS JULIO,136,58.9
MAICOL,136,24.7
MATHEW,136,22.7
MATIAS NAHUEL,136,27.7
MIGUEL RICARDO,136,49.5
MYRON,136,25.9
OMER,136,34.8
PABLO ERNESTO,136,42.4
RICARDO ALFREDO,136,50.2
SEBASTIAN CAMILO,136,26.6
SOFYAN,136,22.2
WALTER DAVID,136,37.7
XIAOPING,136,54.5
YERO,136,38.9
AARON MANUEL,135,23.1
ABDELOUAFI,135,43.0
ALEJANDRO EDUARDO,135,41.6
ALFONSO RAFAEL,135,49.7
ANTONIO REYES,135,58.8
ANTONIO SERGIO,135,51.5
ASLAN,135,10.8
BABOU,135,36.5
CARLOS MOISES,135,40.3
CRISTOBAL ANTONIO,135,48.9
EDUARDO IGNACIO,135,44.3
FABIAN EDUARDO,135,35.2
FABIO ANTONIO,135,40.0
FERAS,135,13.2
GABRIEL ALFONSO,135,34.6
GEORGE ADRIAN,135,33.0
GERMAN ENRIQUE,135,48.9
GHENADIE,135,46.1
HAOJIE,135,24.2
HECTOR MARIO,135,51.7
IGNACIO DANIEL,135,37.6
IZAI,135,14.7
JESUS DIEGO,135,46.9
JESUS LEONARDO,135,40.0
JIANYONG,135,49.1
JIRI,135,48.5
JON KOLDO,135,50.3
JONATAN JESUS,135,37.1
JOSE WILSON,135,49.7
JULIAN LUIS,135,59.5
LUIS GILBERTO,135,50.7
MAMADOU ALPHA,135,34.1
MARCELO GABRIEL,135,44.5
MEDARDO,135,64.7
MIGUEL NICOLAS,135,36.9
NICOLAS MATIAS,135,28.4
OLEXANDR,135,47.8
OSCAR ADRIAN,135,30.1
OSCAR MARIO,135,51.0
PABLO FEDERICO,135,38.3
RABI,135,37.0
RAUL VICENTE,135,47.0
ROMAIN,135,35.8
VALER,135,56.9
WILLIAM ANTONIO,135,43.9
YE,135,34.2
YEIDEN,135,6.3
ABDELMJID,134,51.0
ABDERAZZAK,134,37.0
ANDI,134,22.2
ANDOITZ,134,31.0
ARQUIMEDES,134,56.4
AURELI,134,53.6
BRAYAN JOSE,134,24.4
CARLOS DIEGO,134,41.6
CESAR ANGEL,134,55.9
DAVID ERNESTO,134,35.7
FABIAN JESUS,134,30.4
IMAD EDDINE,134,25.0
JAVIER ORLANDO,134,42.7
JESUS VICTOR,134,58.6
JORGE JULIO,134,50.8
JULIAN MAURICIO,134,36.8
KADA,134,46.1
KOSTADIN,134,45.4
LEANDRO EZEQUIEL,134,32.7
MADALIN,134,35.1
MADI,134,28.8
MATEO ANDRES,134,16.6
MIRCO,134,39.8
MOUSA,134,22.3
NESTOR DAVID,134,35.3
RAUL ADRIAN,134,24.5
RIU,134,4.3
TOMAS RAMON,134,59.7
XISCO,134,16.1
AFONSO,133,31.7
ALBERTO JORGE,133,52.7
ALEJANDRO ALFONSO,133,39.8
ALEJANDRO PABLO,133,44.5
ALEJANDRO RAUL,133,40.0
ANDRIUS,133,38.3
ANGEL EUGENIO,133,58.8
ANGEL MAURICIO,133,34.0
ARTURO MIGUEL,133,47.4
ASHFAQ,133,44.4
ASUR,133,16.3
CRISTIAN ENRIQUE,133,32.6
DALMIRO,133,68.2
DILAN ANDRES,133,17.0
DIOP,133,36.1
DONG,133,40.3
ENRIQUE SALVADOR,133,53.8
GILDARDO,133,54.5
GREGORIO FRANCISCO,133,58.7
HOUSSINE,133,39.6
IGNACIO TOMAS,133,44.6
IGNACIO VICENTE,133,47.6
JESE,133,18.0
JHON STIVEN,133,26.3
JOHN EDISON,133,37.5
JORGE JULIAN,133,44.5
JOSE ROQUE,133,57.4
JOSEP CARLES,133,51.1
JUAN AUGUSTO,133,48.0
JULES,133,19.3
KARAMO,133,39.1
LORIS,133,36.3
LUCRECIO,133,67.0
MARCO JAVIER,133,35.2
MARTIN GABRIEL,133,32.4
MATEO ANTONIO,133,28.3
MATEO DANIEL,133,11.0
MAURO JOSE,133,39.5
MODEST,133,63.8
NELSON DANIEL,133,35.8
NORDDINE,133,42.7
NOURDDIN,133,45.2
PABLO RICARDO,133,42.5
PASCUAL VICENTE,133,58.6
PATRICIO JAVIER,133,42.6
PAUL JAMES,133,54.4
RAFAL,133,41.7
ROCHDI,133,33.5
RODRIGO DANIEL,133,30.5
RUBEN ANDRES,133,34.2
SALIH,133,35.9
SAMUEL FELIPE,133,16.5
SENY,133,34.1
SERGIO FABIAN,133,44.7
VASCO,133,27.2
VISHAL,133,32.9
YAN CARLOS,133,29.6
ADELIO,132,66.5
ALFONSO FERNANDO,132,54.2
ANASSE,132,24.7
ARTURO LUIS,132,52.8
BREHIMA,132,37.5
CATALIN IONUT,132,34.5
CESAR ADRIAN,132,29.8
CESAR EMILIO,132,47.2
CRISTHIAN DANIEL,132,26.6
CRISTO JOSE,132,37.9
DANYIL,132,13.1
DIADIE,132,37.6
ENRIQUE ANDRES,132,51.7
ERVIN,132,42.2
GEDEON,132,20.9
GEORGE DANIEL,132,34.0
IAN DANIEL,132,10.6
JAMES MICHAEL,132,44.4
JESUS ORLANDO,132,45.7
JHONATAN ANDRES,132,30.1
JOSE BASILIO,132,59.0
LASSINE,132,33.5
LEONARDO FABIAN,132,40.9
LUCAS EMANUEL,132,22.6
MAMADOU MOUSTAPHA,132,39.1
MIGUEL MARTIN,132,48.1
MOHAMMED RIDA,132,22.1
RAFAEL AGUSTIN,132,52.8
RODRIGO MIGUEL,132,28.3
SERGUEI,132,45.3
VICENTE PAUL,132,54.1
XANET,132,16.1
ZAKI,132,35.7
ADIEL,131,18.8
AFZAL,131,47.0
AMARJIT,131,45.0
ARTEMII,131,13.5
ASAAD,131,19.1
CESAR GUSTAVO,131,45.9
CRISTO JAVIER,131,40.7
DAMIANO,131,37.0
DIEGO JOAQUIN,131,38.3
EL MAHFOUD,131,46.4
ELIAS JESUS,131,44.4
FERNANDO ALEJANDRO,131,40.0
FLORIN ALEXANDRU,131,30.4
HADES,131,9.1
HENRY JESUS,131,43.9
ILIES,131,20.1
JORGE RODRIGO,131,43.1
JOSEPH ALEXANDER,131,22.9
JUAN FLORENCIO,131,58.8
JUAN SAMUEL,131,35.1
JULIAN EDUARDO,131,39.0
JULIAN VICENTE,131,58.7
KEYLOR,131,6.3
KULWINDER,131,41.7
LAWRENCE,131,42.9
LIAM DANIEL,131,5.8
MANUEL GERMAN,131,56.5
MARIO VICENTE,131,49.3
MILCIADES,131,44.9
MOHAMEDI,131,53.6
MOMAR,131,41.9
NORBERTO JOSE,131,51.0
OSCAR FELIPE,131,41.4
PASCUAL MANUEL,131,56.6
PETKO,131,48.4
STEFAN ALEXANDRU,131,23.4
YEREMAY,131,17.9
YOUSSOUPH,131,33.5
ZBIGNIEW,131,59.7
ADRIAN IOAN,130,41.7
AHMIDA,130,57.1
ANDRES JOAQUIN,130,52.8
ANTONIO ISRAEL,130,41.0
ARMANDO ANTONIO,130,51.0
CARLOS VALENTIN,130,44.2
CELIO,130,58.7
CRISTIAN FLORIN,130,36.8
DANIEL JOHN,130,39.6
DANIEL JOSUE,130,24.5
DANIEL SALVADOR,130,40.7
DAVID JOAQUIN,130,43.2
DIEGO GERMAN,130,42.0
EZIO,130,31.7
FELIX IGNACIO,130,56.9
GONZALO ENRIQUE,130,42.1
HENRIK,130,47.4
IGNACIO JOAQUIN,130,43.8
IOAN CRISTIAN,130,40.0
IONUT MARIAN,130,32.1
JESUS BERNARDO,130,55.5
JOAQUIN DANIEL,130,40.1
JOHN FERNANDO,130,40.5
JORDY,130,26.2
JUAN JACINTO,130,61.0
LUCAS JESUS,130,34.1
LUCIANO ANDRES,130,25.0
MAMUKA,130,45.1
MATIAS AGUSTIN,130,29.7
MATTIAS,130,14.9
OLIVER JOSE,130,29.2
OSCAR HERNAN,130,47.4
PABLO IVAN,130,37.9
PABLO SALVADOR,130,38.7
RAED,130,20.4
RUBEN ENRIQUE,130,42.6
SAFUAN,130,9.2
SI MOHAMED,130,43.2
SUKHJINDER,130,39.2
TALAL,130,33.4
TIBOR,130,47.5
TINO,130,29.0
VENERANDO,130,69.8
WALTER JAVIER,130,43.9
YOHAN,130,28.6
YUNIEL,130,35.8
ABDERRACHID,129,49.8
AGUSTIN RAMON,129,57.9
ALEXIS ANTONIO,129,39.8
ALFREDO DAVID,129,42.8
DAREL,129,9.0
DATIVO,129,71.1
DIONIS,129,47.5
EFRAIM,129,37.4
ENRIQUE JOAQUIN,129,55.9
FABIAN ALEXANDER,129,24.1
FABIAN ENRIQUE,129,34.3
FABRICE,129,44.6
GUSTAVO ALEXIS,129,46.0
HMAD,129,45.1
ISAAK,129,16.6
JAIME RODRIGO,129,45.0
JEAN BAPTISTE,129,43.7
JERICO,129,19.6
JESUS ISMAEL,129,40.7
JOSAFAT,129,45.9
JOSE AMADEO,129,56.2
JOSE ISIDORO,129,61.8
KALILOU,129,34.2
KEVIN PAUL,129,38.2
LUIS BELTRAN,129,50.8
MAGUETTE,129,33.5
MAHJOUB,129,49.0
MATEO ALEXANDER,129,8.7
MATIAS ANTONIO,129,38.8
MATTHEW JOHN,129,44.5
ORLANDO JAVIER,129,46.0
OSCAR EMILIO,129,46.1
OSCAR LEONARDO,129,37.1
PEDRO MARIANO,129,59.5
RAMON SANTIAGO,129,59.0
RAYCO JESUS,129,38.2
TAHER,129,40.4
TAIEB,129,50.3
ADAY JESUS,128,28.7
ALHASSANE,128,33.5
ALVIN,128,32.4
AMR,128,25.0
ANDERSON JOSE,128,30.9
ANGEL MOISES,128,37.7
BEKA,128,31.3
CANDIDO MANUEL,128,56.2
CARLOS HENRIQUE,128,35.9
CARLOS LORENZO,128,50.8
CESAR ALFREDO,128,46.1
CRISTIAN ALEXANDRU,128,24.0
DAVID JORGE,128,46.5
EDUARDO TOMAS,128,49.5
FELIPE JUAN,128,50.5
FREDDY ALBERTO,128,44.9
FULVIO,128,52.5
GROVER,128,42.3
ICARO,128,21.4
JAIRO MANUEL,128,29.7
JESUS FERMIN,128,58.7
JESUS REYES,128,52.5
JIANGUO,128,53.2
JOHN CHARLES,128,64.1
JOHN STEVEN,128,31.2
JOHNSON,128,45.8
JON MIRENA,128,57.4
JOSE DEMETRIO,128,61.8
JULIO SANTIAGO,128,54.8
JUNWEI,128,38.3
KEVIN NICOLAS,128,16.0
MAKHTAR,128,38.1
MANUEL MARCOS,128,55.7
MARTIN LUIS,128,49.6
MIGUEL DANIEL,128,41.6
MILOUDI,128,53.2
MOSES,128,39.2
NELSON ALEJANDRO,128,34.2
OMAR ALBERTO,128,46.3
OMAR EDUARDO,128,40.9
OUADIE,128,31.0
OXEL,128,16.7
RAFAEL GUILLERMO,128,48.7
RAFAEL SALVADOR,128,55.4
SYLVAIN,128,46.2
VOLKER,128,60.5
ADRIAN ANDRES,127,26.2
AGUSTIN ALBERTO,127,47.0
ALEXANDER DANIEL,127,25.2
ALEXANDER JAMES,127,32.4
ALEXANDRU NICOLAE,127,28.3
ANDRES EMILIO,127,42.1
ANTONIO ELIAS,127,51.7
ANTONIO GERARDO,127,58.1
BANGALLY,127,36.6
BORJA ANTONIO,127,34.0
CARMELO MANUEL,127,54.8
CHARIF,127,36.8
CRISTIAN FRANCISCO,127,33.0
DOMINGO ANGEL,127,59.3
ELOY JESUS,127,47.7
ESTEBAN MIGUEL,127,49.0
FAN,127,31.6
FILEMON,127,65.1
GUILLERMO ALFONSO,127,48.6
ISA,127,21.1
ITAMAR,127,31.1
JAVIER FELIPE,127,43.2
JESUS GONZALO,127,57.0
JOAN GABRIEL,127,29.0
JOSE BARTOLOME,127,58.4
JOSE LEONEL,127,41.6
JOSE URBANO,127,60.7
JOSEP ALBERT,127,46.1
JULIO RICARDO,127,52.4
LUCIANO JOSE,127,47.6
MARCOS ADRIAN,127,27.1
MARIANO ANGEL,127,60.5
MIHAI CRISTIAN,127,33.6
PARDEEP,127,34.3
SANTIAGO ALFONSO,127,43.7
STEVEN ALEXANDER,127,23.5
URKI,127,16.8
ABDELMADJID,126,41.6
ABOUBAKAR,126,25.5
AHMADOU,126,32.3
ALEJANDRO ANGEL,126,45.8
ANDRE LUIZ,126,42.5
BELGACEM,126,47.7
BENAISA,126,50.5
BOUBA,126,31.6
CRISTIAN MARCELO,126,40.4
DANIEL PABLO,126,41.3
DIEGO TOMAS,126,35.9
EDGAR FERNANDO,126,40.9
EDGAR PATRICIO,126,47.3
ENRIQUE JORGE,126,57.3
GERMAN FRANCISCO,126,48.9
HAMILTON,126,35.6
HANG,126,33.0
HARUNA,126,30.6
HECTOR JULIO,126,48.8
IBRAR,126,34.8
INSA,126,36.3
IURGI,126,25.9
IÑIGO JAVIER,126,43.2
JERSON,126,31.8
JOSE ALBINO,126,62.1
JOSUE MANUEL,126,27.3
LAZARO JESUS,126,45.5
LIBRADO,126,67.1
MANUEL FERMIN,126,59.8
MARIUS CONSTANTIN,126,40.5
MARTIN ENRIQUE,126,43.2
MIGUEL EUGENIO,126,53.8
MOR TALLA,126,38.7
MOSTEFA,126,50.5
NADIM,126,23.8
NAJEM,126,41.9
NICOLAE ADRIAN,126,39.2
OSCAR DANILO,126,39.2
PAULO ANDRES,126,37.2
PIERLUIGI,126,48.1
QUITERIO,126,68.7
RICARDO FERNANDO,126,51.3
VICENTE DOMINGO,126,62.6
VICTOR MARIANO,126,47.6
YUVRAJ,126,12.9
ZAKARIAA,126,26.5
ZHEN,126,37.1
AGOSTINHO,125,57.2
ALVARO EDUARDO,125,36.6
ANGEL BENITO,125,57.9
ANGEL JOSUE,125,21.8
ARGOITZ,125,33.8
BANGALY,125,33.0
BRIAN STEVEN,125,24.6
CARLOS ISAAC,125,33.4
CONSTANTIN CATALIN,125,39.6
CRISTIAN JOSUE,125,24.9
CRISTIAN NICOLAS,125,25.3
DANIEL TOMAS,125,39.7
FAUSTINO JOSE,125,58.5
FELIPE FRANCISCO,125,55.0
GORGONIO,125,68.9
GRACIAN,125,58.7
HERNAN DAVID,125,32.9
HOVHANNES,125,40.1
HUGO FRANCISCO,125,31.9
ISIDORO JOSE,125,57.0
JHOAN MANUEL,125,31.0
JIAYI,125,18.1
JOHAN CAMILO,125,24.7
JOSE SAUL,125,40.3
KRISTIYAN,125,24.9
LEANDRO JESUS,125,32.7
MANUEL ALEXIS,125,46.0
MICKAEL,125,31.2
MOCTAR,125,38.8
PEDRO ADRIAN,125,32.4
PERE LLUIS,125,56.3
RICARDO IGNACIO,125,48.9
RICARDO MARIA,125,54.0
SALEC,125,39.6
SEBASTIAN LUIS,125,47.7
SUHAIL,125,17.1
YASIEL,125,25.9
YONAY,125,25.5
ZIXUAN,125,13.3
ALBERTE,124,32.9
ALEJANDRO ESTEBAN,124,40.7
ANDEKA,124,30.7
ANDRES MARTIN,124,43.0
ANTONIO SAMUEL,124,34.5
BIRANE,124,36.6
CHRISTOPHER MICHAEL,124,47.2
DARIO MANUEL,124,31.4
DIEGO ERNESTO,124,34.7
EDGAR FABIAN,124,40.7
FERNANDO ESTEBAN,124,49.0
GHASSAN,124,41.1
GILBERTO ANTONIO,124,50.8
GILBERTO JOSE,124,47.0
GODWIN,124,38.2
GUSTAVO LUIS,124,53.5
HENRY ANTONIO,124,43.1
IAN GABRIEL,124,9.0
JAMES ROBERT,124,50.0
JAVIER JOAQUIN,124,46.1
JEAN PHILIPPE,124,50.5
JESUS SAMUEL,124,35.5
JHONNATAN,124,33.9
JORGE OSWALDO,124,51.2
JUAN HILARIO,124,58.8
JULIAN RAMON,124,57.1
LHASSAN,124,52.8
LIAM JOSE,124,5.2
M HAMMED,124,49.0
MARCOS IVAN,124,38.9
MARLON DAVID,124,26.8
MIGUEL ANXO,124,44.5
MINDAUGAS,124,42.3
NELSON MANUEL,124,41.9
OLAI,124,15.1
OSCAR RICARDO,124,44.5
PABLO EUGENIO,124,47.2
PEDRO RUBEN,124,43.2
PETER WILLIAM,124,68.2
PIETER,124,61.0
QING,124,44.1
RAFAEL ALEXANDER,124,28.7
RAMDAN,124,48.8
RICHARD DANIEL,124,35.7
SAMUEL ELIAS,124,25.1
SANTIAGO JOAQUIN,124,40.8
SAUL ANTONIO,124,36.2
TAREQ,124,28.1
WLADIMIRO,124,59.0
ADAL,123,32.8
ADRIAN RAFAEL,123,27.7
ALEJANDRO AGUSTIN,123,38.7
ALEJANDRO JORGE,123,44.0
AURELIO MANUEL,123,57.8
BASHARAT,123,44.4
CARSTEN,123,55.6
DIALLO,123,35.9
EDWIN MAURICIO,123,37.9
EL MILOUDI,123,50.8
FATAH,123,45.5
FEI,123,38.8
FILIPP,123,21.2
FRANCISC,123,53.9
FUAD,123,38.4
HERMANN,123,56.8
HUMBERT,123,42.0
JAKOB,123,36.3
JAROSLAW,123,51.2
JASPREET,123,27.6
JESUS AURELIO,123,58.2
JOSE LUCIO,123,59.9
JOSE PAULO,123,46.8
JOZEF,123,55.9
KARAN,123,25.4
LANSANA,123,36.8
LUIS SERGIO,123,46.6
MARCO DAVID,123,30.8
MOHAMED ACHRAF,123,27.2
NAYAN,123,11.2
NUHAZET,123,16.7
ORTZI,123,24.3
PEDRO MARCOS,123,49.0
RAFAQAT,123,42.8
RAMON JOAQUIN,123,60.7
REMBERTO,123,48.4
RIDUAN,123,26.2
ROBERTO FERNANDO,123,50.4
RUBEN OSCAR,123,58.5
SAMUEL FRANCISCO,123,32.0
SANDER,123,27.1
SAUC,123,9.8
SERAJ,123,8.5
TEODULO,123,73.8
THIAGO SEBASTIAN,123,8.3
WALTER ALEJANDRO,123,42.0
WALTER JOSE,123,43.5
YEVGENIY,123,43.8
ADRIAN NICOLAE,122,38.1
AGUSTIN EZEQUIEL,122,27.0
AHMED AMINE,122,23.1
ALEXANDER GABRIEL,122,18.2
ALVARO RAMON,122,41.0
CARLOS EFRAIN,122,47.7
CESAR HUMBERTO,122,49.9
CESAR RAUL,122,48.7
CHRISTOS,122,40.5
CLAUDIO JESUS,122,50.4
CORNELIS,122,70.1
DYLAN GAEL,122,4.5
DYLAN JAVIER,122,10.5
ELIJAH,122,10.6
ENRIQUE GABRIEL,122,45.0
EUSEBIO MANUEL,122,55.7
FEDERICO CARLOS,122,53.7
FERNANDO EDUARDO,122,51.3
FRANCISCO ELOY,122,51.9
FRANCISCO FIDEL,122,53.3
FREDERICO,122,36.1
GOCHA,122,49.8
GONZALO EZEQUIEL,122,30.1
HUGO ARMANDO,122,43.2
HUSSNAIN,122,24.6
JACOBO JOSE,122,39.8
JAVIER ALEXIS,122,39.1
JILLALI,122,52.7
JOAQUIN NICOLAS,122,29.3
JORGE FELIPE,122,46.9
JOSE OLIVER,122,43.4
JOSE VENANCIO,122,61.5
JOSEP ANDREU,122,46.8
KEVIN SEBASTIAN,122,21.9
LAUDINO,122,70.8
LUIS PASCUAL,122,56.2
MANUEL MARIO,122,57.3
MARIANO MANUEL,122,54.7
NESTOR EDUARDO,122,43.2
SARJO,122,32.7
THIAGO GABRIEL,122,7.2
TOMAS SANTIAGO,122,39.6
VICTOR EUGENIO,122,45.9
WILLIAM ENRIQUE,122,44.8
ADRIAN LUIS,121,36.0
AHMADOU BAMBA,121,20.5
AIMEN,121,21.1
ALBERTO NICOLAS,121,34.5
ALONSO JAVIER,121,37.9
AMAT,121,27.3
ANDRAS,121,46.1
ARTURO FRANCISCO,121,50.8
BILLY,121,32.1
BOYAN,121,38.7
BOZHIDAR,121,38.1
CARLOS MATEO,121,27.8
CONSTANTIN CRISTIAN,121,41.7
CRISTHIAN JAVIER,121,29.6
CRISTIAN PAUL,121,32.6
DANIEL JOAQUIN,121,37.7
DUBERNEY,121,42.6
DYLAN JOSUE,121,9.7
EL KBIR,121,55.9
ERIK DANIEL,121,19.3
FERNANDO JULIAN,121,51.2
FRED,121,50.0
GERARDO DANIEL,121,41.1
GHEORGHE DANIEL,121,40.7
GONZAGA,121,24.2
GURUTZ,121,43.7
IGNACIO GABRIEL,121,38.6
IONUT FLORIN,121,32.1
IVAN RAFAEL,121,38.7
JOAQUIN EMILIO,121,52.6
JOSE BERNARDINO,121,59.8
KE,121,37.9
KLAUS DIETER,121,72.3
LEONARDO MIGUEL,121,31.9
LUIS ELIAS,121,46.4
MAHFUD,121,31.5
MANUEL RODRIGO,121,51.9
MARCELINO JOSE,121,58.2
MATHIS,121,11.7
MATIAS DAVID,121,19.9
MBACKE,121,42.5
MIREL,121,43.1
MURILO,121,25.7
NAPOLEON,121,54.9
NESTOR ALEJANDRO,121,38.3
PABLO FELIPE,121,36.1
PAUL ANDRES,121,30.4
PAULO JOSE,121,46.7
PAULO MANUEL,121,51.4
PEDRO ERNESTO,121,49.8
PROSPERO,121,65.1
RUBEN IVAN,121,39.3
SIMON JOHN,121,55.1
SIMON JOSE,121,43.1
TRAVIS,121,9.5
WAHEED,121,40.5
WALTER ALEXANDER,121,33.1
WILSON DAVID,121,30.8
YONE,121,26.3
YUXIANG,121,21.7
AGUSTIN LUIS,120,59.0
AJAY,120,32.6
ANTHONY GABRIEL,120,19.2
AVTAR,120,43.8
BENALI,120,45.6
CARLOS RODOLFO,120,53.4
CECILIO JOSE,120,49.0
CHEIKHOUNA,120,25.3
COSTIN,120,40.8
CRISTOPHER ALEXANDER,120,20.6
DAVID EDWARD,120,63.0
DAVID PEDRO,120,45.9
DIEGO LEON,120,40.4
DORAMAS,120,30.3
FABIAN JOSE,120,31.8
FAVIO,120,28.7
IGNACIO FERNANDO,120,50.4
JAROSLAV,120,48.3
JAY,120,27.4
JOAO ANTONIO,120,48.5
JOHN PATRICK,120,53.2
JOSE ARCADIO,120,58.4
JUAN LEANDRO,120,47.4
LONGINO,120,67.8
LUCAS SANTIAGO,120,20.8
LUIS ISMAEL,120,44.4
LUIS SANTOS,120,56.9
MANUEL DARIO,120,39.9
MARK JOHN,120,53.7
MICHAEL THOMAS,120,55.8
NARINDER,120,43.5
NICHOLAS JAMES,120,45.3
NOUR,120,18.0
OCTAVIO JESUS,120,52.5
OUMAROU,120,32.6
PAUL ROBERT,120,57.2
RAID,120,17.5
RICHARD EDUARDO,120,38.9
SALVADOR LUIS,120,57.5
SINUHE,120,32.7
STANISLAW,120,53.5
THIAGO MANUEL,120,6.8
VICTOR MARTIN,120,45.0
AITHOR,119,15.0
ALEJANDRO CESAR,119,44.9
ALEXANDRU VALENTIN,119,25.3
ANGEL BERNARDO,119,54.1
ANGEL JOEL,119,20.9
ANTONIO SANTOS,119,60.1
ARIDAY,119,14.0
ARTEMI,119,44.6
BAKR,119,17.2
BRIAN JOSE,119,23.5
BUBACAR,119,32.1
CARLOS ISIDRO,119,51.6
CHRISTIAN ANTONIO,119,32.6
DAVID EZEQUIEL,119,27.3
DESMOND,119,36.8
DIEGO LEONARDO,119,33.8
DUVAN,119,31.5
EDUARDO FELIPE,119,47.6
EDUARDO FERNANDO,119,52.4
ENDER,119,12.7
FRANCISCO SERGIO,119,56.0
GABRIEL JUAN,119,50.4
GERMINAL,119,60.8
GONZALO RAFAEL,119,41.8
GONÇALO,119,28.7
HAMMA,119,34.8
HERIBERT,119,44.8
HILARIO JOSE,119,49.8
HOSAM,119,17.6
HUMBERTO ANTONIO,119,49.4
INTI,119,16.4
IONUT BOGDAN,119,34.0
IVAN MAURICIO,119,38.6
JOAO GABRIEL,119,21.8
JOEL MANUEL,119,25.9
JOHN CARLOS,119,40.1
JONATHAN ANTONIO,119,32.5
JOREL,119,10.3
JORGE FABIAN,119,44.3
JUAN EVANGELISTA,119,60.4
JULIO ROBERTO,119,52.7
KEVIN STIVEN,119,24.2
LEANDRO ANTONIO,119,39.0
LENIN,119,37.9
LUIS EDGARDO,119,42.2
MANUEL ELOY,119,53.7
MAODO,119,36.9
MARIO JUAN,119,49.7
MIGUEL GABRIEL,119,41.7
MIKHEIL,119,40.7
MOHAMED YASIN,119,18.8
MORIBA,119,35.4
MUHAMMAD AHMAD,119,12.4
MURAT,119,41.7
OCTAVIANO,119,67.6
OSIRIS,119,30.9
PEDRO ALONSO,119,45.9
PETER DAVID,119,66.0
QUIRINO,119,68.0
RAFAEL DOMINGO,119,55.6
RAFAEL ESTEBAN,119,50.7
RAIMUNDO JOSE,119,52.2
TASAWAR,119,38.8
WILFREDO JOSE,119,42.3
XAIME,119,34.2
XULIO,119,40.6
ABEL ALEJANDRO,118,29.3
AHCENE,118,49.7
ALFONSO EDUARDO,118,50.1
ANTONIO ERNESTO,118,54.6
AQIB,118,28.2
BASSAM,118,41.9
CESAR JULIO,118,53.4
CLAUDE,118,64.1
CONSUELO,118,72.3
DORINEL,118,51.5
EDISON PATRICIO,118,41.5
EL MADANI,118,48.5
ERICO,118,42.9
ERIK ALEXANDER,118,20.2
ESAUL,118,33.2
FELIX PEDRO,118,59.5
FERENC,118,51.7
FERMIN ANTONIO,118,56.6
FRANCHO,118,27.7
GAEL ALEJANDRO,118,6.1
GEORG,118,57.1
GIAN,118,12.0
GUILLERMO RAMON,118,53.0
HALIM,118,40.4
HECTOR MAURICIO,118,40.5
IAN ANDRES,118,7.7
JEREMY ALEXANDER,118,17.7
JOHN EDWIN,118,41.9
JORDI XAVIER,118,42.8
JOZSEF,118,54.3
KALEL,118,6.0
KWAME,118,45.3
MAHAMADU,118,18.6
MANISH,118,32.8
MARCO JESUS,118,34.2
MIHAI DANIEL,118,33.3
NAHEL,118,5.5
NICOLAS JUAN,118,41.0
OBED,118,33.6
PAUL ALEJANDRO,118,26.5
PEDRO OSCAR,118,50.7
RAMESH,118,53.1
RENE ALEJANDRO,118,36.2
ROBERT ADRIAN,118,27.3
ROBERT CRISTIAN,118,26.9
SADDIK,118,47.3
SALAH EDDIN,118,18.9
SERGIO RICARDO,118,44.4
SHABBIR,118,47.6
SHOTA,118,36.7
VICTOR NICOLAS,118,32.0
WILFRIDO,118,48.4
ADI,117,27.8
ALBERTO SANTIAGO,117,49.1
ALFONSO DANIEL,117,43.1
ANDREI FLORIN,117,25.0
ANDROS,117,31.4
ARTURO ANTONIO,117,54.3
EFREM,117,28.2
EL YAZID,117,42.2
ELDAR,117,25.5
FEDERICO MIGUEL,117,48.9
FERNANDO FELIX,117,60.0
GEORGE CRISTIAN,117,33.3
GERARDO MIGUEL,117,49.4
GHEORGHE FLORIN,117,43.1
HECTOR RUBEN,117,49.6
JAMES DAVID,117,38.2
JAVIER SEBASTIAN,117,37.0
JEROEN,117,44.6
JESUS CRISTOBAL,117,49.5
JOAQUIN JUAN,117,57.9
JOAQUIN TOMAS,117,47.9
JOHN MARIO,117,42.0
KEVIN MICHAEL,117,42.4
KHAWAR,117,35.2
KIKO,117,13.0
LEONARDO MARTIN,117,40.6
LUCAS EDUARDO,117,25.7
LUIS FIDEL,117,51.7
MARIANO ALBERTO,117,51.8
MATIAS EDUARDO,117,28.1
MICHAEL ANDREW,117,50.9
PABLO MATIAS,117,35.9
RAFAEL EUGENIO,117,56.1
RAM,117,39.2
ROBERTO PABLO,117,46.6
RODRIGO FERNANDO,117,37.9
RONNIE,117,39.1
RUDI,117,43.2
SACRAMENTO,117,68.1
SALAM,117,35.6
ANTHONY JOEL,116,22.8
BENEHARO,116,34.6
BRANDAN,116,23.3
CRAIG,116,49.8
DARWIN ALEXANDER,116,28.4
DYLAN MANUEL,116,9.1
EDISON ANDRES,116,33.8
EDMOND,116,45.0
EL HOUSSEIN,116,47.2
FACUNDO MARTIN,116,34.8
FERNANDO SALVADOR,116,53.7
FRANCISCO AURELIO,116,55.2
FRANCISCO ISIDRO,116,59.5
GERALDO,116,51.5
GUILLERMO LEON,116,50.1
GURDEEP,116,37.0
HORST,116,74.9
ILAY,116,8.4
JAIME ARTURO,116,49.9
JESUS SANTOS,116,57.6
JONATHAN MIGUEL,116,29.5
JONNY,116,36.9
JOSE BRAULIO,116,58.5
JOSE NOEL,116,41.0
JUANMA,116,9.4
LAARBI,116,53.8
LUCAS AGUSTIN,116,27.5
LUIZ FERNANDO,116,34.8
MANUEL AVELINO,116,62.9
MANUEL MATIAS,116,52.4
MARIO RUBEN,116,45.0
MOHIT,116,28.6
MONICO,116,70.9
NEYTHAN,116,5.2
NICOLAS RAFAEL,116,36.4
PASCUAL JESUS,116,53.8
RODRIGO EZEQUIEL,116,32.3
SAVERIO,116,47.0
SIMON DAVID,116,43.1
THIAGO NICOLAS,116,8.7
TIMOTHY JOHN,116,58.4
VICENZO,116,45.6
YASMANI,116,35.2
YOUSAF,116,25.5
ZOUBAIR,116,32.4
ALAN DANIEL,115,18.2
ALAN JOSE,115,19.3
ALEJANDRO IVAN,115,40.6
ALEJANDRO PEDRO,115,45.1
ALFREDO CARLOS,115,57.0
ANDERSON DAVID,115,24.1
ANDRIA,115,11.5
ANTONIO MATEO,115,44.7
ANTONIO ROMAN,115,55.6
ARFANG,115,37.7
BIRAME,115,37.3
BOGDAN ALEXANDRU,115,29.9
CESAR MAURICIO,115,36.8
CESAR VICENTE,115,55.6
CRISTIAN JOEL,115,24.8
DANIEL ANDREI,115,19.9
DANIEL PEDRO,115,45.6
DAVID IVAN,115,41.3
EDWIN ENRIQUE,115,39.0
FABIO ALEJANDRO,115,25.0
FLORIN IOAN,115,42.4
FRANCISCO YERAY,115,34.7
GUSTAVO RAMON,115,44.8
JAIME ALEXANDER,115,37.7
JAIRO ALONSO,115,42.5
JAN CARLOS,115,26.1
JIANMIN,115,54.2
JOSE DANILO,115,44.3
JOSE EMMANUEL,115,26.3
JOSE HUGO,115,47.7
JOSE MELCHOR,115,55.2
LEWIS,115,26.9
LUCAS FRANCISCO,115,30.8
MALAMINE,115,35.1
MARCOS VINICIUS,115,29.0
MARK DAVID,115,49.0
MICHAEL PETER,115,62.2
MICHAEL ROBERT,115,59.8
MIHAI ADRIAN,115,33.2
MIJAIL,115,27.2
NICOLAS ADRIAN,115,21.9
OLIVER JAMES,115,24.9
PABLO GERMAN,115,45.5
RABII,115,40.1
RAMON ALFONSO,115,57.8
RAUL CARLOS,115,50.6
RIAZ,115,50.7
RICARDO ERNESTO,115,47.4
SALVIO,115,61.2
SIMON ANTONIO,115,42.8
STEFFEN,115,50.1
VIJAY,115,41.6
WADIE,115,21.4
WLADIMIR,115,45.9
YASINE,115,23.3
YIHAO,115,16.9
YIMING,115,25.6
ZINEDDINE,115,22.7
ZION,115,10.6
ABDERRAHIME,114,36.8
AKSEL,114,16.3
ALTAIR,114,15.8
ALVARO SANTIAGO,114,32.9
ARMANDO LUIS,114,54.5
BOGDAN ANDREI,114,25.7
BONOSO,114,63.2
BRUNO ANTONIO,114,36.7
CESAR RICARDO,114,44.9
CONSTANTIN ADRIAN,114,39.2
DANIEL AGUSTIN,114,37.2
DANIEL ORLANDO,114,39.5
DIEGO ALEXIS,114,28.8
ESMERALDO,114,67.0
EUSEBIO JESUS,114,57.3
GOR,114,29.8
GUILLERMO MARTIN,114,42.1
HASEEB,114,23.1
IAN GAEL,114,4.3
JAVIER OSCAR,114,51.9
JIAWEI,114,22.4
JOAN JORDI,114,50.9
JOHAN DANIEL,114,20.9
JORDI LLUIS,114,55.2
JORGE FEDERICO,114,48.1
JOSE BRUNO,114,53.7
JUAN IVAN,114,42.7
KEVIN LEONARDO,114,24.7
LYUBOMYR,114,47.5
MANUEL CESAR,114,58.4
MARLON JOSE,114,35.1
MAURO ANTONIO,114,39.3
MEDOUNE,114,37.6
NAIN,114,17.4
NANDO,114,13.5
NESTOR ANTONIO,114,42.4
NICOLAS MARIA,114,42.4
ORLANDO MANUEL,114,50.1
RAFAEL AUGUSTO,114,43.5
RAMON RAFAEL,114,56.0
RAUL ALFREDO,114,50.0
RAZVAN IONUT,114,28.6
ROBERTO MARTIN,114,47.7
ROMMEL,114,40.7
SERGIO ARIEL,114,40.7
SERGIO PABLO,114,46.0
SOREN,114,20.2
VARINDER,114,36.8
VICTOR AUGUSTO,114,42.7
ALAA EDDINE,113,19.0
ALFREDO DANIEL,113,46.3
BALTAZAR,113,32.8
BRANDO,113,23.5
CESAR ARMANDO,113,44.0
CHISTIAN,113,28.6
EDUARDO JOAQUIN,113,46.8
EGAN,113,6.4
ESTEBAN GABRIEL,113,34.3
EUGENIO MIGUEL,113,56.3
FAIZ,113,38.0
FELIX VICENTE,113,60.3
FERNANDO EZEQUIEL,113,34.8
FRANCISCO BLAS,113,57.5
FRANCISCO VICTOR,113,58.5
GIAN MARCO,113,29.2
GRIGOR,113,42.4
HANS JURGEN,113,71.1
HECTOR ADRIAN,113,31.5
HUGO GABRIEL,113,22.5
HUGO RICARDO,113,42.2
ISSAME,113,29.1
JAVIER DANIEL,113,38.4
JESUS DARIO,113,41.5
JHON CARLOS,113,34.3
JOHN ANDREW,113,54.5
JORGE VICTOR,113,51.2
JOSE DELFIN,113,57.4
KONRAD,113,34.9
LEANDRO GABRIEL,113,29.5
LUDOVIC,113,43.4
MAME MOR,113,34.5
MARIANO MIGUEL,113,57.4
MARLON ALEXANDER,113,29.6
MAXIMILIANO ANDRES,113,28.3
MITICA,113,52.4
MOHAMED MAHMOUD,113,41.1
MOHAMMAD ALI,113,32.7
MOISE,113,33.8
MONAIM,113,33.3
MOUHSIN,113,31.5
MUHAMMAD HUSSAIN,113,5.7
NAYIM,113,31.1
NDIOGOU,113,37.8
NELSON FERNANDO,113,42.8
NIKLAS,113,22.7
NISAR,113,41.8
RAFIQ,113,33.2
RAUL IGNACIO,113,43.3
RICHARD JAVIER,113,38.2
ROBERT MICHAEL,113,58.8
ROBERTO NICOLAS,113,34.3
SHAYAN,113,14.5
STEFAN DANIEL,113,25.9
TAWFIK,113,31.5
VASILE FLORIN,113,42.1
WILSON EDUARDO,113,46.4
ABDELMOUGHIT,112,32.5
AGUSTIN FERNANDO,112,49.7
ALEJANDRO JOSUE,112,22.3
ALEX DARIO,112,28.7
ALOU,112,32.8
ANGEL FABIAN,112,33.9
ASGHAR,112,48.1
BASILIO JOSE,112,51.4
CAIN,112,21.5
CARL,112,47.6
CARLOS ISRAEL,112,41.2
CARLOS JUNIOR,112,24.2
CARLOS RENE,112,46.1
CLETO,112,66.7
CRISTHIAN ALEJANDRO,112,23.8
DANIAL,112,18.3
DIAMANTINO,112,61.5
DIEGO ALFREDO,112,35.5
DOMITILO,112,74.7
EDGAR MAURICIO,112,40.0
EDWIN FABIAN,112,39.2
ELIAS ANTONIO,112,45.8
ENRIQUE PABLO,112,54.8
ERICK GABRIEL,112,16.6
ERICK JOSUE,112,22.7
GREGORIO LUIS,112,60.7
GUSTAVO MIGUEL,112,44.0
HAMIDO,112,58.5
HEINZ,112,71.1
HOMERO,112,41.5
IAN MATEO,112,5.7
IONUT MARIUS,112,35.2
IONUT VALENTIN,112,32.8
ISMAEL ALEJANDRO,112,27.1
JAVIER ADRIAN,112,35.5
JAVIER AUGUSTO,112,45.7
JHON MICHAEL,112,25.9
JHON STEVEN,112,26.0
JOAN DANIEL,112,24.9
JOHAN ALEXIS,112,25.9
JORGE ALEXIS,112,40.4
JORGE HUGO,112,52.8
JORGE JAIME,112,52.0
JOSE NELSON,112,49.7
JUAN GUSTAVO,112,47.1
KILIAN JOSE,112,23.9
LAUREN,112,20.3
LEANDRO NICOLAS,112,32.1
LUIS VALENTIN,112,51.1
LUIZ CARLOS,112,46.9
MAHMOOD,112,48.6
MARIANO ALEJANDRO,112,42.9
MIGUEL JULIAN,112,55.6
MOHAMMADINE,112,49.6
NAYEM,112,32.5
NIKOLOZI,112,18.1
PABLO RAUL,112,45.8
PARMINDER,112,36.6
QAISER,112,42.3
RAMIRO ANTONIO,112,55.0
RAMY,112,19.1
RAUL OSCAR,112,58.9
ROBERTO GABRIEL,112,34.7
ROGELIO JOSE,112,54.0
ROLDAN,112,42.6
SERGIO ANGEL,112,42.7
SERGIO IGNACIO,112,42.0
SHAH,112,32.4
SION,112,18.4
VICENTE JULIAN,112,57.3
VICTOR GUILLERMO,112,44.5
WAHID,112,37.3
XURDE,112,15.9
YELCO,112,26.6
YULIYAN,112,43.9
ZHIHAO,112,23.1
ADRIAN CRISTIAN,111,31.5
ADRIAN ESTEBAN,111,30.8
AGOSTINO,111,50.4
ALEJANDRO SANTIAGO,111,40.7
ALEXANDER RAFAEL,111,33.3
ALVARO MARTIN,111,33.9
ANDRE LUIS,111,41.1
BRAULIO JOSE,111,46.5
CHEDEY,111,29.8
DARIUS GABRIEL,111,12.3
DARKO,111,34.0
DARWIN JAVIER,111,37.1
DAVID JONATHAN,111,41.4
DYLAN MATEO,111,5.6
EDGAR ALBERTO,111,45.8
EDOUARD,111,42.6
EDUARDO ALFREDO,111,51.6
EDWIN DANIEL,111,30.0
EL MATI,111,54.8
ELISEU,111,50.8
EMMANUEL DAVID,111,19.6
FEDERICO DANIEL,111,38.3
GIAN LUCA,111,32.4
GLENN,111,45.0
GONÇAL,111,46.3
IAN JOSE,111,8.9
IBOU,111,38.5
IKER ALEXANDER,111,13.8
JOAN CARLOS,111,42.3
JOAO LUIS,111,41.7
JOSE AMABLE,111,62.1
JOSE MAXIMO,111,55.6
KABA,111,36.3
LUIS CRISTOBAL,111,51.0
LUIS ROMAN,111,50.1
MANUEL GUSTAVO,111,51.5
MANUEL ISAAC,111,42.6
MARIO ADRIAN,111,28.3
MARIO GERMAN,111,47.5
MATIAS ARIEL,111,29.9
MHAND,111,55.2
MIGUEL LORENZO,111,53.4
MOHAMED RAYANE,111,12.9
NICOLAE DANIEL,111,41.1
PABLO RUBEN,111,42.8
RAUL NICOLAS,111,24.2
RICHARD ANTHONY,111,53.7
SANTIAGO FELIPE,111,47.0
SANTOS JAVIER,111,54.6
SUNNY,111,35.7
VICTOR FABIAN,111,36.3
WILSON ANTONIO,111,45.6
YOSSEF,111,18.5
ABSALON,110,27.7
AGUSTIN JUAN,110,55.8
AITOR JAVIER,110,34.9
ALBERTO MARIO,110,43.9
ALEJANDRO FABIAN,110,42.8
ALVARO SEBASTIAN,110,26.4
AMATH,110,36.4
ANDREW PAUL,110,53.5
ANJE,110,10.7
ARIEL ANTONIO,110,37.1
BOUABDELLAH,110,45.3
CHRISTIAN ENRIQUE,110,35.3
CLARO,110,69.5
CLAUDIO FABIAN,110,51.7
CONSTANTIN DANIEL,110,37.4
CRISTIAN IVAN,110,33.2
DANIEL ALEXANDRU,110,24.4
EDWARD ALEXANDER,110,32.5
ENRIQUE TOMAS,110,54.1
FELIPE ANGEL,110,60.2
FLORIN IONUT,110,31.5
FRANCISCO ARMANDO,110,52.0
FRANCO AGUSTIN,110,26.1
FRIDAY,110,47.3
GRAHAM JOHN,110,69.7
HAI,110,43.8
HUGO LUIS,110,40.6
HUMBERTO JESUS,110,53.0
JAMES ANTHONY,110,51.3
JAVIER DARIO,110,42.6
JESUS MATIAS,110,47.5
JOHNNY ALEXANDER,110,36.8
JOSE CECILIO,110,59.0
JULIO GABRIEL,110,42.2
JULIO PEDRO,110,59.2
KACPER,110,19.8
LEONEL ANTONIO,110,37.6
LIDIO,110,63.3
LIJUN,110,46.4
MAIKOL,110,19.0
MARCOS SEBASTIAN,110,34.5
PABLO HERNAN,110,44.0
PEDRO CELESTINO,110,63.0
PEDRO LUCAS,110,32.0
PELEGRIN,110,70.3
RAFAEL MARTIN,110,48.8
RAZA,110,32.8
REYNIER,110,37.7
RODRIGO ALONSO,110,28.8
ROMEL,110,42.5
SABRI,110,32.7
SAGAR,110,33.4
SALVADOR RAMON,110,59.0
SANTIAGO PEDRO,110,56.6
SELIM,110,26.1
SERGIO RUBEN,110,45.6
SETH,110,27.5
ADIB,109,21.2
ALEX ANTONIO,109,30.5
ANDRES IVAN,109,38.4
ANGEL CRISTOBAL,109,48.4
BRAN,109,14.4
CRISTIAN OMAR,109,33.7
DAVID ALFREDO,109,40.7
DIEGO MATIAS,109,32.6
DIEGO PATRICIO,109,38.7
ELMAHDI,109,26.9
EMILIO JOAQUIN,109,53.2
EVARISTO JOSE,109,57.3
FERNANDO OSCAR,109,53.0
FLORIANO,109,67.6
FREDDY ENRIQUE,109,46.2
GIGEL,109,50.8
GUILLE,109,7.9
GUSTAVO FERNANDO,109,47.6
HECTOR ALFONSO,109,43.3
JONATAN DAVID,109,30.7
JOSE EDGAR,109,50.1
JOSE ISAIAS,109,43.8
JOSE JACOBO,109,46.1
JOSEBA XABIER,109,53.8
JUAN MODESTO,109,58.0
KAIS,109,22.0
KILIAM,109,16.6
LEONARDO SEBASTIAN,109,27.6
MANUEL AMADOR,109,54.4
MANUEL JACINTO,109,58.7
MARIO RICARDO,109,48.1
MARIUS VASILE,109,41.3
MIROSLAW,109,56.7
PAUL ADRIAN,109,34.3
PETER MICHAEL,109,65.8
RICARDO ALEXANDER,109,30.4
ROBERT IONUT,109,24.2
SAMAEL,109,11.3
SEYDINA MOUHAMED,109,8.2
SIKANDAR,109,34.4
SLAWOMIR,109,52.6
SOULIMANE,109,29.8
STEVEN DAVID,109,37.6
TAMBA,109,38.4
VYTAUTAS,109,50.5
WAJID,109,36.9
WALTER ANDRES,109,35.4
XENXO,109,20.7
ADOLFO ENRIQUE,108,48.5
ALEXIS GABRIEL,108,24.7
ALFREDO RAFAEL,108,51.3
ALI SALEM,108,38.3
ALVARO ANGEL,108,39.0
ANDERSON JAVIER,108,25.4
ANDRANIK,108,40.5
ANTHONY JAMES,108,56.5
ARNAUD,108,41.9
AXEL DAVID,108,15.5
BRAYAN ESTIVEN,108,25.3
CAMILO ERNESTO,108,38.5
CESAR LEONARDO,108,38.0
CRISTOBAL FRANCISCO,108,53.1
DANIEL MARIAN,108,31.7
DAVID MAURICIO,108,33.0
DIEGO AGUSTIN,108,37.2
EL HOUARI,108,51.0
ELVIN,108,33.4
EUGENE,108,45.9
FLORIN MARIUS,108,39.6
FRANKLIN JAVIER,108,37.3
GANIX,108,23.2
GUILLERMO GABRIEL,108,39.2
HENRY DANIEL,108,30.7
HERNAN JAVIER,108,44.2
HONG,108,42.5
INAZIO,108,40.1
IRAY,108,7.6
IRINEO,108,61.9
ISAK,108,13.4
IVON,108,48.7
JANUSZ,108,55.3
JAVIER SALVADOR,108,45.6
JEISON ANDRES,108,29.2
JESUS YERAY,108,37.9
JORGE DIEGO,108,44.7
JOSE CONSTANTINO,108,60.4
JOSE HIPOLITO,108,62.6
JUAN SERAFIN,108,45.1
LIVAN,108,42.5
MARCOS ALEXANDER,108,24.7
MATVEY,108,15.1
MENCEY,108,17.7
MICHAEL ANTONIO,108,27.8
MICHAEL JOSE,108,32.7
MIGUEL ARCANGEL,108,52.7
MITXEL,108,37.5
NAIL,108,18.8
RAGNAR,108,14.3
RAIDEL,108,35.1
ROHAN,108,16.0
SEBASTIAN ALONSO,108,23.5
SEBASTIAN ANDREI,108,14.9
SERGIO MARTIN,108,38.6
SUBHAN,108,14.8
THORSTEN,108,52.8
VICTOR RICARDO,108,48.8
YANKUBA,108,32.6
YARIEL,108,20.8
AARON GABRIEL,107,12.6
AGUSTIN ANDRES,107,40.1
ALEXANDER ENRIQUE,107,36.5
AMELIO,107,62.6
ANGEL HUMBERTO,107,48.0
ANTHONY MICHAEL,107,53.8
ANTONIO ADOLFO,107,52.4
ARTURO ENRIQUE,107,48.5
ATILA,107,26.1
AYOUBE,107,23.0
BIEITO,107,25.4
BRYAN EDUARDO,107,26.7
CARLOS FERMIN,107,51.5
CARLOS RAMIRO,107,50.4
EDUARDO SEBASTIAN,107,30.3
EZEQUIEL ALEJANDRO,107,26.8
FADIL,107,40.2
FRANCISCO CESAR,107,53.7
GALIN,107,36.9
GANG,107,47.1
GIAN CARLOS,107,30.9
GREGORIO MIGUEL,107,56.4
HACENE,107,49.0
HRYHORII,107,38.0
IAN SANTIAGO,107,7.4
IOAN MARIUS,107,43.2
JAVIER HERNAN,107,45.3
JESUS ABRAHAM,107,28.9
JESUS ELOY,107,57.7
JHOAN ANDRES,107,24.9
JING,107,35.9
KENNEDY,107,42.1
LASSINA,107,36.5
LEONEL ALEJANDRO,107,24.4
LUCAS ALBERTO,107,26.5
MAMA,107,37.4
MARIUS ANDREI,107,27.2
MARTIN FERNANDO,107,46.9
MATTHIEU,107,36.0
MAURICIO JESUS,107,37.3
MIGUEL ARMANDO,107,41.5
MOHCIN,107,31.2
MUHAMMAD IMRAN,107,40.2
NEHEMIAS,107,21.7
NORBEY,107,48.2
OSCAR ERNESTO,107,46.7
PEDRO GONZALO,107,54.9
PEDRO SAMUEL,107,32.6
ROGER ANTONIO,107,42.4
SAMEER,107,23.1
SEBASTIAN FELIPE,107,31.7
WILLIAM ALEJANDRO,107,29.9
WILMAN,107,46.9
ABDUL RAHMAN,106,27.1
ABNER,106,30.3
ALVARO RODRIGO,106,33.9
BRIAN ANDRES,106,25.9
BRYANT,106,16.2
CRISTHIAN EDUARDO,106,30.7
DAVID ARTURO,106,35.3
DAVID ELIAS,106,29.8
DAVID VALENTIN,106,25.1
DIEGO MARCELO,106,39.7
ELADIO MANUEL,106,57.2
ERNESTO MIGUEL,106,50.2
ERO,106,22.0
FADEL,106,34.2
GASTON ALEJANDRO,106,37.1
GONZALO DAVID,106,34.3
HASSEN,106,44.8
IGNACIO PEDRO,106,53.0
ISHTIAQ,106,44.2
IÑIGO JOSE,106,42.3
JASKARAN,106,23.9
JASVIR,106,41.8
JESUS MATEO,106,39.0
JUAN PAULO,106,37.9
JUNXI,106,14.1
KALIFA,106,35.5
KEVIN ARIEL,106,25.1
LEANDRO ARIEL,106,39.1
LUCAS DAMIAN,106,28.9
LUIS ARIEL,106,37.5
LUIS BORJA,106,39.5
MARK JAMES,106,51.8
MATIAS FERNANDO,106,29.4
MELCIOR,106,54.4
MIGUEL IVAN,106,41.8
OSCAR GUILLERMO,106,47.8
OSCAR RENE,106,42.1
RADWAN,106,27.9
RAKESH,106,42.9
RAYCO JOSE,106,36.8
ROBERTO RAFAEL,106,44.3
SERGIO TOMAS,106,42.2
SIDI AHMED,106,44.8
SURJIT,106,45.8
TAMER,106,24.0
THOMAS MICHAEL,106,48.8
TOMAS JUAN,106,57.2
TOMAS RAFAEL,106,53.2
WALTER EDUARDO,106,47.8
ANGEL ADOLFO,105,54.7
ANGEL ARMANDO,105,43.1
ANGEL GONZALO,105,51.9
ANGEL PASCUAL,105,57.1
ARGEMIRO,105,60.4
ARTAK,105,42.3
AUGUSTO MANUEL,105,53.5
AURELIO ANTONIO,105,57.5
BERNARDO LUIS,105,56.6
CAMILO ALEJANDRO,105,24.2
CAMILO ANTONIO,105,45.2
CRISTHIAN FERNANDO,105,31.3
DANIEL GUILLERMO,105,40.6
DAVID AGUSTIN,105,38.1
ELVIS JOSE,105,37.1
ENRIQUE SANTIAGO,105,55.1
ERICK JAVIER,105,24.9
FACUNDO EZEQUIEL,105,28.1
FARHAD,105,41.8
FEDERICO ALEJANDRO,105,36.9
FLORIN GABRIEL,105,34.2
FRANCISCO AMADOR,105,54.0
GABRIEL ERNESTO,105,38.0
GHAZANFAR,105,47.2
GONZALO IGNACIO,105,40.3
HILARI,105,55.3
JAHANGIR,105,40.0
JAIME HUMBERTO,105,52.3
JESUS CESAR,105,58.1
JOSE EMANUEL,105,23.3
JOSE WALTER,105,50.2
JUAN ROQUE,105,56.4
JUANITO,105,52.5
JULIAN PEDRO,105,59.4
LIAM SANTIAGO,105,5.0
LIAQAT,105,51.7
LUCAS IGNACIO,105,24.2
MAMADOU OURY,105,35.0
MIMUN,105,54.5
MUHAMMAD ARHAM,105,6.0
NAZARIY,105,26.6
OSCAR MARIA,105,51.9
PABLO ARTURO,105,39.4
PEDRO BENITO,105,60.0
RAFAEL IVAN,105,41.1
RICARDO MARTIN,105,47.9
RICHARD PAUL,105,50.5
ROBERT CHARLES,105,69.3
ROBERTO IGNACIO,105,51.1
ROBERTO MARIO,105,47.0
SIDNEY,105,45.7
SUNDAY,105,46.6
TOMAS CARLOS,105,55.5
XAVIER ALEXANDER,105,25.8
ZAIN UL,105,26.6
ABUL,104,42.5
AGUSTIN VICENTE,104,59.4
ALATZ,104,23.9
ANGEL VALENTIN,104,46.1
ANTONI JOAN,104,42.8
ANTONIO ABEL,104,45.4
BISMARK,104,38.2
BOUAMAMA,104,48.5
CAIRO,104,6.7
CRISTIAN IOAN,104,39.1
DANIEL VASILE,104,38.6
DAVID PABLO,104,45.2
DIEGO RODRIGO,104,35.2
EDESIO,104,70.1
EDUARDO JOSUE,104,23.7
ELAN,104,10.8
ELOY ANTONIO,104,49.8
ERIC ALEXANDER,104,23.2
ERICK JOEL,104,20.7
FELIPE EDUARDO,104,43.7
FERRIOL,104,25.5
FRANCISCO JERONIMO,104,53.6
FRANCO EZEQUIEL,104,26.4
GILEN,104,16.7
GONZALO JUAN,104,48.7
HAIMAR,104,20.9
HARIS,104,20.0
HASNAIN,104,23.0
HECTOR ALFREDO,104,49.6
HUA,104,45.6
IAN JAMES,104,56.4
IOAR,104,12.6
IONUT ANDREI,104,27.0
ISRAEL ANTONIO,104,41.4
IVANO,104,50.6
JESUS OMAR,104,36.8
JHONATAN ALEXANDER,104,29.1
JIANXIN,104,49.1
JOAN ANDRES,104,23.3
JOAQUIM MARIA,104,57.5
JOAQUIN ALFONSO,104,55.9
JOSE ALIRIO,104,51.1
JUAN AMADOR,104,54.4
LAHCENE,104,45.3
LINUS,104,16.7
LUIS RODOLFO,104,50.9
M'BAREK,104,42.1
MANUEL MATEO,104,47.2
MARCELO DAVID,104,32.8
MARIAN IONUT,104,30.0
MARIO ALFREDO,104,46.7
MODESTO JOSE,104,57.2
MUHAMMAD AWAIS,104,23.4
MURAD,104,33.8
NASAR,104,40.3
ORESTE,104,55.9
PATRICIO ALEJANDRO,104,45.4
PEDRO ADOLFO,104,56.7
PEREGRIN,104,66.0
RAFAEL GABRIEL,104,39.0
RAICO,104,36.0
RAMAN,104,31.0
REINEL,104,51.4
ROKE,104,18.4
SARGIS,104,38.7
SAYON,104,35.5
SERGIO SEBASTIAN,104,32.6
STANIMIR,104,42.4
TOMAS MARIA,104,44.9
TRIFON,104,55.8
VALERIAN,104,50.8
ALAMI,103,53.5
ALEJANDRO FERNANDO,103,40.2
ANTONIO ELOY,103,49.6
ARAFA,103,40.9
CAMERON,103,22.3
CRISTO DAVID,103,38.7
DANIEL IOAN,103,37.1
DIEGO EMILIO,103,35.6
EDUARDO AGUSTIN,103,45.1
EDWIN EDUARDO,103,38.0
FERNANDO DAMIAN,103,43.5
FLORENCIO JOSE,103,58.9
FOUZI,103,39.8
FRANCISCO ERNESTO,103,51.6
FRANCISCO SIMON,103,51.5
FRANKLIN ALEXANDER,103,33.9
FREDY ANTONIO,103,46.2
GERSON DAVID,103,29.1
GHEORGHE ADRIAN,103,42.3
GUSTAVO ALONSO,103,38.8
HASIER,103,30.0
HECTOR JUAN,103,42.6
ILDEFONSO JOSE,103,52.5
IZAN DAVID,103,9.0
JASPAL,103,40.9
JOAQUIN GABRIEL,103,36.5
JOEL ENRIQUE,103,32.6
JOHN FREDERICK,103,72.7
JOSE ROSENDO,103,60.1
JOSE SERAFIN,103,58.1
JULIAN ALFONSO,103,48.0
JULIO TOMAS,103,53.7
KISSIMA,103,42.8
LIMBER,103,38.3
LUIS HORACIO,103,57.5
MADJID,103,46.4
MANJINDER,103,35.7
MANUEL PASCUAL,103,56.4
MARCOS FERNANDO,103,43.3
MARIUS NICOLAE,103,40.3
MARTIN ARIEL,103,39.2
MICHAEL ALEJANDRO,103,23.4
MICHAEL GEORGE,103,67.2
MLADEN,103,46.1
OSWALDO ANTONIO,103,47.9
PABLO ALFREDO,103,45.8
PABLO FABIAN,103,42.2
PABLO RODRIGO,103,38.2
PAULINO JOSE,103,54.8
PEDRO GERMAN,103,52.7
PEDRO VALENTIN,103,51.0
RAFAEL ARTURO,103,44.5
RAUL ALEXANDER,103,30.5
RAUL LUIS,103,49.5
RICHARD WILLIAM,103,60.7
RONALD DAVID,103,35.4
SEGUNDO FRANCISCO,103,55.9
TERRY,103,53.0
WILMER ANDRES,103,33.8
YAW,103,44.3
ZHIWEI,103,34.7
ZOUHEIR,103,38.6
ADRIAN CONSTANTIN,102,34.4
ALVARO CARLOS,102,41.2
ANDRES SALVADOR,102,49.3
ANSOU,102,36.6
AXEL DANIEL,102,16.5
BLAS MIGUEL,102,54.9
BRAYAN CAMILO,102,26.8
BRAYAN JOSUE,102,23.6
CHRISTIAN ALEXIS,102,34.1
CLEMENTE JOSE,102,53.7
CRISTOBAL ANDRES,102,35.0
DANIEL CONSTANTIN,102,32.9
DAVID EMILIO,102,40.1
DEYAN,102,33.9
DJELLOUL,102,48.0
EBRAHIMA,102,25.6
ERIC ANDREI,102,9.1
ERICK FERNANDO,102,25.9
FERNANDO JOSUE,102,23.3
GABRIEL ALEXANDRU,102,22.0
GABRIEL MIGUEL,102,42.4
GERARDO ALBERTO,102,47.6
GURMEET,102,40.4
HILARION,102,56.7
IGOTZ,102,28.0
ISHAC,102,9.1
JERO,102,7.7
JHON DAVID,102,26.9
JHONNY JOSE,102,39.6
JOEL ALBERTO,102,33.0
JUAN RAMIRO,102,56.0
KEVIN MIGUEL,102,26.5
KRISHNA,102,30.4
LUCA ANDREI,102,8.4
LUIZ HENRIQUE,102,31.6
MASOUD,102,49.8
MATIAS ALBERTO,102,32.3
MIGUEL FELIX,102,59.0
PABLO GUSTAVO,102,47.3
PEDRO ARMANDO,102,51.0
PEDRO FERMIN,102,60.7
RAFAEL FELIPE,102,52.0
REMY,102,35.6
ROLANDO JOSE,102,45.7
TORSTEN,102,55.8
ULISSES,102,21.6
VARDAN,102,43.2
WILSON DANIEL,102,33.1
YAKOUB,102,16.7
ZAKARYAE,102,23.5
ZHI,102,36.4
AARON ALEXANDER,101,15.1
ABASS,101,33.5
ABBA,101,33.0
ABDERRAFIE,101,35.2
ABDERRAOUF,101,31.0
ABDERREZAK,101,39.2
ADILSON,101,42.3
ADRIAN FELIPE,101,25.1
ALBAN,101,31.5
ALEJANDRO RUBEN,101,41.1
ALFONSO ANDRES,101,47.5
AMARU,101,9.1
ANDRES PEDRO,101,57.9
ANTONIO FEDERICO,101,53.9
ARTURAS,101,42.7
BERNARDO FRANCISCO,101,57.0
BRUNO DANIEL,101,28.3
CHENHAO,101,14.3
DANIEL MATEO,101,19.4
DENIS ALEXANDRU,101,15.8
DIONISIO JOSE,101,55.8
EDUARDO SANTIAGO,101,45.6
ELIAS GABRIEL,101,21.8
ERICK ANTONIO,101,29.9
FEDERICO GABRIEL,101,39.4
GAOUSSOU,101,33.8
GARETH,101,29.1
GENNADY,101,59.5
GONZALO AGUSTIN,101,32.7
HANSEL,101,28.4
HELI,101,52.6
HUGO MARCELO,101,45.8
HUGO RAFAEL,101,34.1
IKRAM,101,34.1
ISAEL,101,36.7
ISMAEL DAVID,101,35.8
IVAN SANTIAGO,101,30.8
IVELIN,101,38.3
JAVIER GUSTAVO,101,47.2
JOAN ANTONIO,101,48.1
JOEY,101,33.3
JORGE GONZALO,101,44.9
JOSE AMADO,101,57.5
JUAN CRISOSTOMO,101,60.8
JUAN DIONISIO,101,62.6
JUAN HUMBERTO,101,52.5
LUIS ABEL,101,50.0
MAHY,101,24.5
MATIAS MANUEL,101,38.9
MIGUEL AUGUSTO,101,40.8
NOUR EDDIN,101,43.7
OLIVER ALEXANDER,101,22.4
PABLO CARLOS,101,50.2
PEDRO DIEGO,101,47.4
RAFAEL JULIAN,101,56.1
RAFAEL NICOLAS,101,38.9
ROBERTO ADRIAN,101,36.7
ROBERTO RAMON,101,51.9
RODNEY,101,48.2
RODRIGO EDUARDO,101,35.4
ROSTISLAV,101,31.2
SEBASTIAN ARIEL,101,37.0
SEM,101,32.1
ULADZIMIR,101,44.4
XING,101,36.6
YERIK,101,10.9
YEROBE,101,13.9
ABIBOU,100,39.9
ALFREDO JUAN,100,57.3
ARLINDO,100,60.1
BRUNO NICOLAS,100,25.0
CARMELO FRANCISCO,100,56.6
CESAR ORLANDO,100,45.8
CHEJ,100,36.7
CORSINO,100,70.2
COSTINEL,100,44.7
DANIEL MIHAI,100,29.7
DIEGO ALESSANDRO,100,14.7
DYLAN ADRIAN,100,10.5
EDWIN MANUEL,100,34.9
EL HADJI MALICK,100,34.3
ELHADJI MALICK,100,38.1
EMILIO DANIEL,100,42.7
ERICK MANUEL,100,21.7
ERUNDINO,100,70.7
EVGENI,100,46.5
FABIAN DAVID,100,24.9
GABRIEL SANTIAGO,100,27.0
GERARDO FRANCISCO,100,53.4
GHAITH,100,6.3
GILLES,100,54.4
GONZALO GABRIEL,100,33.4
IZAN DANIEL,100,8.3
JALID,100,33.7
JAMAL EDDINE,100,42.2
JHON FERNANDO,100,38.7
JORDI ALBERT,100,42.9
JORGE ADALBERTO,100,53.0
JOSE ALEJO,100,55.3
JOSE GIL,100,59.1
JOSE ULISES,100,47.2
JOSHUA DAVID,100,22.2
JOSUE ANTONIO,100,29.4
JULIANO,100,40.4
KARIN,100,38.3
LLATZER,100,34.1
LUCAS FERNANDO,100,25.4
LUIS VIDAL,100,52.4
M'HAMMED,100,47.1
MARIO AUGUSTO,100,54.4
MARIUS IOAN,100,44.3
OSCAR ARTURO,100,46.4
PRAKASH,100,45.1
RICHARD ALEJANDRO,100,33.9
RUDDY,100,37.1
SALVADOR ALEJANDRO,100,38.5
SAMUEL ALBERTO,100,29.2
SAQLAIN,100,27.6
SERGIO ALFONSO,100,40.9
SHAHIN,100,35.3
STEPHEN MICHAEL,100,60.3
TESIFON,100,55.8
VICENTE RAUL,100,49.1
VICENTE SANTIAGO,100,57.9
WILHELM,100,63.0
WILSON ENRIQUE,100,44.0
XIAOYONG,100,46.3
YOSEBA,100,41.8
YUE,100,31.4
AARON JOSUE,99,19.8
ABDELLAHI,99,41.0
ABDENNACER,99,39.1
ADRIAN MARCELO,99,40.8
ADRIAN MIHAI,99,30.0
AKETX,99,16.6
ALEXIS RAFAEL,99,37.7
ALFONSO IGNACIO,99,49.7
ALFONSO TOMAS,99,53.6
ALFONSO VICENTE,99,52.9
ALVARO JOAQUIN,99,34.9
ANGEL ISAAC,99,27.5
ANISS,99,20.1
ANSELMO JOSE,99,56.3
AZMAN,99,34.5
BERTO,99,26.7
BOCAR,99,37.5
CESAR RAFAEL,99,44.2
COLLINS,99,40.3
CRISTIAN SEBASTIAN,99,32.1
DIEGO SANTIAGO,99,35.3
EDUARDO EMILIO,99,54.5
EDWIN JESUS,99,35.5
ELKIN,99,41.7
ETOR,99,43.0
FINN,99,25.9
GABRIEL IONUT,99,24.8
GAYE,99,35.1
GUSTAVO RAFAEL,99,45.9
HAMAD,99,29.8
HARAN,99,11.5
HAZAEL,99,24.3
HECTOR DARIO,99,44.0
HSSAIN,99,45.1
JESUS JOSE MARIA,99,73.3
JIM,99,37.8
JON KOLDOBIKA,99,55.2
JUAN GUALBERTO,99,60.2
KAROL,99,35.9
KEN,99,37.4
KEPA MIRENA,99,59.7
KEVIN ENRIQUE,99,26.1
KLAUS PETER,99,72.1
MAIK,99,31.1
MANUEL HUMBERTO,99,50.6
MARCO DANIEL,99,26.3
MARIAN ALEXANDRU,99,26.5
MATEO FRANCISCO,99,34.4
MILTON FABIAN,99,44.2
MORITZ,99,28.2
MUHAMMAD AHMED,99,12.1
NOUHOUM,99,35.3
PANAGIOTIS,99,42.9
PEDRO MOISES,99,44.0
REGULO,99,66.3
RICHARD ANDRES,99,32.9
RICKY,99,33.8
ROBERT GEORGE,99,51.6
RUIMAN,99,39.7
SANTOS JOSE,99,52.7
SERGIO DAMIAN,99,38.9
TXEMA,99,38.8
VICENTE PABLO,99,55.9
VICTOR ARMANDO,99,44.4
ZHIYONG,99,47.0
ABDEL ALI,98,37.1
ABDELJABAR,98,37.1
ABU BAKAR,98,20.7
ADERITO,98,59.8
ALEX JOSE,98,28.8
ANTONIO JOAQUIM,98,56.7
AYTHAMY,98,26.5
BENAOUDA,98,47.1
CHRISTOPHER PAUL,98,56.6
DANIEL ALEXIS,98,29.6
DAVID ISAAC,98,30.5
DAVID THOMAS,98,56.6
DAWOOD,98,20.3
DIAKARIDIA,98,36.9
DYLAN JOEL,98,10.6
EDGAR IVAN,98,42.1
EDUARDO SALVADOR,98,48.5
EDWAR,98,39.8
ERNESTO FRANCISCO,98,55.0
FABIEN,98,39.7
FEDERICO GUILLERMO,98,48.7
FRANCISCO ISAAC,98,44.0
FRANCISCO SANTOS,98,58.7
FREDDY FERNANDO,98,45.1
GABRIEL FELIPE,98,29.2
GENNADII,98,52.7
GINES FRANCISCO,98,49.3
GONZALO ALEJANDRO,98,37.4
GRIGORY,98,39.3
GUILLERMO ARTURO,98,41.7
HECTOR EMILIO,98,44.0
IANIS,98,9.5
IONUT COSMIN,98,31.3
IVAN FELIPE,98,33.4
IZAN MANUEL,98,9.7
JOAN ALEXANDER,98,20.9
JOHN EDINSON,98,36.4
JORDI ALEXANDER,98,19.3
JOSE ANASTASIO,98,58.8
JUAN ELADIO,98,57.6
JUAN ISIDORO,98,58.0
MANTAS,98,33.5
MANUEL ISRAEL,98,44.5
MARTIN CARLOS,98,47.6
MASSIN,98,9.4
MAXIMILIANO JOSE,98,35.9
MOHAMED GHALI,98,5.4
NASEER,98,42.4
NESTOR ANDRES,98,38.1
NOR EDDINE,98,43.3
PEDRO GREGORIO,98,59.9
PETER ANTHONY,98,63.7
ROBERT ANTONIO,98,36.7
SAFDAR,98,51.2
SEBASTIAN CARLOS,98,48.3
SHAFQAT,98,43.8
SIMON ANDRES,98,30.2
STEVEN ALEJANDRO,98,21.5
SULEYMAN,98,20.7
VICENT JOSEP,98,52.0
XIM,98,17.2
YANKO,98,42.2
YOVANI,98,32.6
ZICHEN,98,10.1
ABDELRAHMAN,97,19.2
ABU BAKR,97,10.7
ALAN JAMES,97,66.4
ALFREDO ANGEL,97,58.6
AMOR,97,55.3
ANDREI CATALIN,97,26.1
ARNOLDO,97,56.2
ASEL,97,28.5
ATILIO,97,55.0
BARRY JOHN,97,70.3
BASILISO,97,72.4
BLAS FRANCISCO,97,58.3
BOUARFA,97,57.5
BOUBAKER,97,39.1
BOWEN,97,20.4
BRENO,97,26.0
BRYAN JESUS,97,23.6
CHAOUKI,97,38.9
CRISTIAN RAUL,97,30.5
DALMAU,97,23.6
DANIEL CAMILO,97,28.5
DARWIN ANTONIO,97,38.6
DAVID ROBERTO,97,39.3
DIEGO ROBERTO,97,39.2
DYLAN STEVEN,97,11.7
EHEDEY,97,20.1
ENRIQUE RAUL,97,50.2
ERIC JOSE,97,27.6
FAHIM,97,30.8
FEDERICO AGUSTIN,97,35.7
FELIX SANTIAGO,97,57.7
FODIE,97,35.4
GABRIEL ARTURO,97,31.1
GABRIEL DANIEL,97,28.8
GERMAN ALEJANDRO,97,40.8
GILMAR,97,44.2
GINES ANTONIO,97,55.0
HADRIAN,97,24.9
ISMAEL FRANCISCO,97,40.7
JAIME ANGEL,97,51.6
JAIME GABRIEL,97,42.2
JAVIER DOMINGO,97,47.5
JESUS ISIDRO,97,57.9
JHON ESTEBAN,97,26.0
JOAO FRANCISCO,97,41.7
JOHN THOMAS,97,64.6
JONATHAN FRANCISCO,97,31.7
JORGE DARIO,97,42.3
JORGE EUGENIO,97,50.6
JOSE CHRISTIAN,97,35.5
JOSE GENARO,97,56.4
JOUD,97,6.0
JUAN CRISTIAN,97,35.4
JUAN ORLANDO,97,53.4
LAZARO JOSE,97,46.0
LENNON,97,10.1
LIWEI,97,42.6
LUIS JACINTO,97,55.9
LUIS RENE,97,46.9
MANUEL FEDERICO,97,52.4
MARCOS NICOLAS,97,28.6
MATEO JAVIER,97,21.5
MAXIMILIANO EZEQUIEL,97,33.8
MAXIMO ALEJANDRO,97,20.5
NOLBERTO,97,49.7
NUNO FILIPE,97,42.0
OSCAR MARINO,97,46.8
PATRICE,97,52.9
PEDRO MATIAS,97,49.7
RAIMOND,97,49.6
RAUL SANTIAGO,97,42.0
REMO,97,47.3
ROBERTO JORGE,97,55.3
RUI PEDRO,97,39.5
SADEK,97,41.8
SAUL JOSE,97,30.8
SEBASTIAN MATIAS,97,35.6
STEFAN ADRIAN,97,29.9
SURESH,97,45.6
VITALIANO,97,67.6
WALY,97,37.0
WILSON ALEXANDER,97,34.3
ABDOU KHADRE,96,30.6
ALEX FABIAN,96,29.4
ANDRES ARTURO,96,33.7
ARUNAS,96,50.4
BENYAMIN,96,10.9
BRUNO JAVIER,96,28.1
CARLOS HERNANDO,96,48.3
CARLOS STEVEN,96,27.2
CRISTIAN SANTIAGO,96,29.1
CRISTOBAL DAVID,96,37.6
CRISTOBAL MIGUEL,96,50.3
DALJIT,96,41.0
DANIEL JOSEPH,96,44.1
DANIEL LEONARDO,96,35.9
DANNY ALEJANDRO,96,24.8
DAREY,96,5.4
DAVID RUBEN,96,41.3
DAVID STIVEN,96,28.7
DAWEI,96,35.5
DIODORO,96,73.6
DUNCAN,96,38.1
EL AMINE,96,42.1
FLORIN CATALIN,96,35.5
FRANCISCO EZEQUIEL,96,38.6
HARWINDER,96,35.7
IKER ANDRES,96,11.8
JAIME SANTIAGO,96,49.0
JAVIER GONZALO,96,46.0
JHOAN DAVID,96,21.1
JORDAN ALEXANDER,96,18.7
JORDI RAMON,96,51.0
JOSE PLACIDO,96,60.5
JUAN BENIGNO,96,60.8
LAU,96,11.3
LEANDRO DANIEL,96,29.9
LUIS SAMUEL,96,33.2
MANUEL JERONIMO,96,55.5
MARC ANTHONY,96,25.7
MARLON ANTONIO,96,36.0
MATHIAS DANIEL,96,14.1
MAURICIO ENRIQUE,96,39.1
MAURILIO,96,65.5
MAURO ALEJANDRO,96,29.0
MAXIMO MANUEL,96,43.2
MAZEN,96,32.3
MOISES JOSE,96,44.9
MORO,96,36.3
MUHAMMAD QASIM,96,20.5
NACEUR,96,49.5
PAULO RICARDO,96,36.5
RAIAN,96,11.7
RICARDO CARLOS,96,53.8
ROGELIO MANUEL,96,56.3
ROGER ALEXANDER,96,36.8
SAIFEDDINE,96,17.1
SANTIAGO EZEQUIEL,96,25.3
SANTIAGO PABLO,96,50.4
SERIGNE MODOU,96,33.0
STEPHEN WILLIAM,96,66.3
SURAJ,96,34.5
TIMO,96,38.8
TOMAS PEDRO,96,52.8
TOME,96,19.3
VICTOR PEDRO,96,50.7
XIAOMING,96,44.9
YONGJUN,96,46.3
AADIL,95,39.6
ABDOURAHAMANE,95,37.3
AIHEN,95,3.9
ALEJANDRO ARIEL,95,41.2
ALIN GABRIEL,95,29.6
ALVARO VICENTE,95,39.6
ANGELO JOSE,95,30.8
ARJUN,95,25.2
ARSENIY,95,20.4
BERENGUER,95,32.4
CARLOS HORACIO,95,56.0
CARLOS OSWALDO,95,46.6
CHOUKRI,95,39.0
CHRISTIAN OMAR,95,37.4
CRISTIAN VASILE,95,39.9
DAHMANE,95,47.4
DAUD,95,20.1
FERNANDO IVAN,95,43.1
HOUSSAME,95,23.9
IOAN VASILE,95,45.0
JAIRO DAVID,95,31.0
JAVIER JORGE,95,49.8
JHON EDUARD,95,36.4
JHONATTAN,95,35.2
JIBRIL,95,11.3
JOAN BAUTISTA,95,57.9
JOHAN ALBERTO,95,34.5
JONATHAN XAVIER,95,29.1
JORGE DAMIAN,95,41.7
JORGE ISRAEL,95,40.2
JORGE WILLIAM,95,49.6
JOSE CIPRIANO,95,61.4
JOSE JOAQUIM,95,58.6
JOSE JONATAN,95,42.1
JUAN GASPAR,95,52.5
JUAN PAULINO,95,58.5
JULIO JOAQUIN,95,52.3
KEVIN FRANCISCO,95,27.4
KOA,95,4.0
LEHBIB,95,36.9
LIAM SAMUEL,95,5.2
LILIAN,95,41.9
LUIS ALBEIRO,95,50.1
MANUEL ROMAN,95,51.2
MARCOS ALEXIS,95,42.2
MARCOS VICENTE,95,49.1
MARIANO NICOLAS,95,35.4
MARIUS IULIAN,95,36.3
MILTON JAVIER,95,39.1
MUKHTAR,95,49.2
OLIVER DAVID,95,21.7
RAFAEL MARCOS,95,52.3
RAMON AGUSTIN,95,60.3
RAUL SEBASTIAN,95,28.1
RAYMOND JOHN,95,73.8
RICARDO CESAR,95,50.6
SALIFOU,95,38.0
SANJAY,95,43.3
SERGIO AGUSTIN,95,39.4
SERGIO ARTURO,95,40.4
THOMAS DAVID,95,31.3
TIMOFEY,95,22.0
URI,95,21.9
VICTOR ELIAS,95,41.2
WANG,95,39.1
WILSON JESUS,95,46.5
XIAOMIN,95,49.7
YEREMY,95,18.9
ZIRUI,95,9.1
ABDEL KARIM,94,24.6
ADRIAN MARIUS,94,38.0
AIMRANE,94,12.7
ALBERTO PABLO,94,45.9
ALI HASSAN,94,21.3
ANDRES ROBERTO,94,44.8
ANTHONY JOSEPH,94,43.6
ANTONELLO,94,45.7
APARICIO,94,64.2
ATMANE,94,37.9
AYDAN,94,10.9
BALAZS,94,38.7
CARLOS BENJAMIN,94,40.1
CHEICK OUMAR,94,34.6
CRESCENCIANO,94,74.7
DARWIN PATRICIO,94,40.0
DENILSON,94,30.1
DIEGO ORLANDO,94,36.2
ELVIRO,94,68.7
EMAD,94,32.5
FERDINANDO,94,49.9
FERNANDO DIEGO,94,48.1
FREDDY JAVIER,94,40.9
GONZALO SEBASTIAN,94,35.8
HAMLET,94,39.1
HERNAN JESUS,94,48.5
IGNACIO SANTIAGO,94,48.3
IVAN CAMILO,94,30.6
JIAJIE,94,23.1
JIAQI,94,22.9
JOAN SALVADOR,94,49.2
JOHAN FERNANDO,94,27.3
JOHN HAROLD,94,47.3
JUAN VENTURA,94,54.9
KALIN,94,42.2
KHALIFA ABABACAR,94,27.5
KILIAN JESUS,94,25.8
KRYSTIAN,94,26.1
KWAKU,94,44.0
KYRYL,94,16.3
LEROY,94,30.0
LIYONG,94,46.6
LUCAS ALEXANDER,94,13.8
LUCIANO ALEJANDRO,94,18.8
LUIS EVELIO,94,53.9
MANUEL CRUZ,94,57.2
MANUEL EUSEBIO,94,58.2
MANUEL LEONARDO,94,49.1
MARCO ALBERTO,94,40.5
MILTON EDUARDO,94,44.4
MUNEEB,94,23.5
NAKOR,94,10.2
NASSIR,94,33.4
OCTAVIO MANUEL,94,48.6
OSCAR OMAR,94,42.1
PAUL DANIEL,94,36.1
PAUL WILLIAM,94,60.0
RAMON ERNESTO,94,50.4
RAUL ALFONSO,94,43.5
RICHARD MANUEL,94,40.4
ROBERT ALEJANDRO,94,24.7
ROBERT ANTHONY,94,54.5
SADURNI,94,57.1
SERGIO OMAR,94,48.5
STEVEN PAUL,94,49.2
TAIMOOR,94,26.9
TSVETOMIR,94,34.6
VICTOR ALONSO,94,37.5
VICTOR SEBASTIAN,94,32.9
WANDER,94,33.0
XOSE RAMON,94,56.6
ZHE,94,29.7
ADRIAN SEBASTIAN,93,25.4
ALBERTO JULIAN,93,49.2
ALCIBIADES,93,54.5
ALEJANDRO EMILIO,93,43.2
ALI RAZA,93,27.5
ARNEL,93,46.4
BALJIT,93,43.2
BARTOSZ,93,32.0
BERNARDO MIGUEL,93,49.8
BERTIN,93,28.5
CARLES ALBERT,93,46.3
CHEIKH MBACKE,93,37.2
CHRISTIAN MIGUEL,93,32.0
COSMIN IONUT,93,29.5
DAVID FLORIN,93,14.5
EZEKIEL,93,19.6
FERNANDO ALFREDO,93,51.7
GABRIEL JAIME,93,47.0
GUILLERMO ALFREDO,93,47.9
GURVINDER,93,35.0
HAMSA,93,25.0
HARUTYUN,93,40.5
HUGO EDUARDO,93,47.2
IGNACIO PABLO,93,46.9
INGO,93,52.5
ISSAC,93,28.0
IVAN MARCELO,93,39.8
JAVIER LORENZO,93,46.1
JERONIMO MANUEL,93,48.2
JESUS AMADOR,93,58.0
JHONNY ALBERTO,93,43.6
JHONNY ALEJANDRO,93,30.0
JOHN FRANCIS,93,62.2
JOSE AMBROSIO,93,62.9
JUAN JUSTO,93,58.6
JULIO MARTIN,93,52.0
KAWSU,93,29.0
LUCAS SAMUEL,93,13.3
LUIS CLEMENTE,93,54.3
MATIAS ADRIAN,93,21.4
MATIAS EMANUEL,93,31.1
MUNAWAR,93,48.2
NOEL ANTONIO,93,37.2
OSCAR HUGO,93,48.9
RAHIM,93,32.3
RAMON DANIEL,93,47.2
RAUDEL,93,44.2
RENAT,93,28.8
ROGER DAVID,93,39.3
RUSSELL,93,46.1
SALVADOR MARIA,93,52.0
SANDEL,93,49.0
SERAFIM,93,31.7
SORINEL,93,52.0
SUGOI,93,14.4
SUREN,93,39.8
TOMAS JOAQUIN,93,48.8
UDAI,93,8.0
VICTOR ALEXIS,93,37.5
VICTOR ERNESTO,93,44.5
XANTI,93,34.5
XOAN CARLOS,93,53.5
YANIEL,93,29.9
YAO,93,33.5
YICHENG,93,13.4
YOVANY,93,42.3
YUZE,93,10.6
ABDESAMAD,92,31.1
AHMET,92,40.5
ALBERTO AGUSTIN,92,53.7
ALEX ALBERTO,92,36.4
ALFREDO VICENTE,92,56.4
ANDREW MARK,92,57.3
ANTON MARIA,92,58.0
ANTONIO AURELIO,92,56.8
BALDIRI,92,55.7
BENNACEUR,92,45.8
BENOIT,92,44.8
BRIAN DANIEL,92,24.9
BRYAN JAVIER,92,26.3
CARLOS AITOR,92,31.3
CAYETANO JOSE,92,43.4
CESAR MARTIN,92,44.5
CONSTANTIN ALEXANDRU,92,28.5
CRISTHIAN JOSE,92,28.4
CRISTIAN MARIAN,92,35.7
CRISTIAN ROBERTO,92,37.7
DAVID MIHAI,92,11.9
DILAN SANTIAGO,92,13.6
DJILY,92,35.3
DOMINGO ANDRES,92,52.8
EDUARDO RAUL,92,50.7
EMMANUEL JOSE,92,27.1
ENRIQUE AGUSTIN,92,54.1
FABIO ALBERTO,92,41.4
FESTUS,92,42.7
GUSTAVO HENRIQUE,92,30.5
HARMANPREET,92,22.6
HASHIM,92,17.2
HECTOR CARLOS,92,49.3
HODAIFA,92,14.7
IRIAN,92,15.5
JACINTO JESUS,92,54.2
JHON KEVIN,92,25.0
JOAQUIN PABLO,92,52.6
JOEL FRANCISCO,92,29.1
JOHNY,92,43.1
JOSE ANTOLIN,92,60.0
JUAN VIDAL,92,54.7
JUDE,92,29.5
JULIAN SANTIAGO,92,37.9
JUNYONG,92,45.7
JUST,92,51.2
LOUTFI,92,38.8
MAMOUR,92,38.8
MARCUS VINICIUS,92,36.0
MARIAN CRISTIAN,92,35.9
MIGUEL ADOLFO,92,50.8
MIKEL XABIER,92,42.3
MOHAMADI,92,52.4
NOLASCO,92,42.3
PABLO OSCAR,92,46.9
RAMON SALVADOR,92,58.8
RAYMUNDO,92,46.8
SAMMY,92,32.0
SEBASTIAN FERNANDO,92,36.7
SERGIO ARMANDO,92,41.5
SIDI MOHAMMED,92,44.2
TOMAS DANIEL,92,34.3
TOUMANI,92,30.7
VICENTE RICARDO,92,59.6
WEN,92,41.2
WILLIAM EDUARDO,92,40.5
YAHIR,92,12.0
YERAY MANUEL,92,29.8
ABDULAH,91,17.3
AKIER,91,17.3
ALBERTO RAUL,91,50.9
ALDAIR,91,25.0
ALFONSO ALEJANDRO,91,42.0
ANGEL ISIDRO,91,56.4
ANTONIO ISAAC,91,43.4
ARIEL FERNANDO,91,40.6
BRAIMA,91,40.5
BRAYAN DANIEL,91,23.0
CESAR GUILLERMO,91,50.0
CESAR ROBERTO,91,49.0
CRISOSTOMO,91,59.2
CRISTIAN DARIO,91,35.3
DANIEL ROBERT,91,44.0
DIEGO RUBEN,91,39.1
DOUGLAS JOSE,91,41.9
DRAGOMIR,91,45.9
EITAN,91,13.9
ELIDIO,91,68.6
EMILE,91,33.2
ERIC NICOLAS,91,11.3
ERIK GABRIEL,91,13.7
FERNANDO ROBERTO,91,50.3
GONZALO EDUARDO,91,42.1
GREGORIO ANGEL,91,59.8
HECTOR JAIME,91,48.9
HENRY ALEJANDRO,91,28.4
IAN MICHAEL,91,55.4
IAN SAMUEL,91,8.5
IGNACIO EDUARDO,91,42.6
IGNAZIO,91,47.8
JACINTO ANTONIO,91,57.9
JEAN CHRISTOPHE,91,51.7
JONATHAN ENRIQUE,91,31.7
JOSE CELSO,91,63.0
JOSE EDWIN,91,41.1
JOSE GABINO,91,57.2
JOSE LEONCIO,91,60.2
JUAN STEBAN,91,16.3
KHIZAR,91,33.4
LAFDIL,91,48.9
LEANDRE,91,54.4
LEVANI,91,33.8
LIUBOMYR,91,28.7
LUCIANO MARTIN,91,33.5
LUDOVICO,91,36.7
LUIS ELOY,91,53.5
LUKMAN,91,15.6
MARIANO ENRIQUE,91,51.7
MARIO SERGIO,91,39.4
MAURICIO DANIEL,91,32.6
MIGUEL JAIME,91,52.9
MOHAMED AYMAN,91,17.4
MUHAMMAD SAAD,91,13.0
NIELS,91,37.1
NILTON CESAR,91,44.7
OSCAR AUGUSTO,91,45.4
PASCUAL FRANCISCO,91,57.0
QUICO,91,19.5
RAMON ELIAS,91,52.9
RAUL ALEXANDRU,91,20.3
RICARDO NICOLAS,91,36.8
RICARDO TOMAS,91,54.2
RICART,91,45.6
ROBERTO ALEXANDER,91,35.5
ROBERTO OSCAR,91,59.0
RUBEN FERNANDO,91,42.4
SALAHEDDIN,91,23.5
SANTIAGO EMILIO,91,43.2
SEGUNDO ANTONIO,91,57.9
SHALVA,91,39.9
STELICA,91,51.8
THIAGO MATIAS,91,7.1
VICTOR FELIPE,91,45.9
VICTOR PABLO,91,47.8
WALTER JESUS,91,45.0
XACOBO,91,30.6
XEVI,91,17.8
XI,91,31.1
XIAOJIE,91,35.4
XINYU,91,22.8
ADAHY,90,13.4
ALBERTO PEDRO,90,50.9
ALEJANDRO ROBERTO,90,41.2
ALIN IONUT,90,30.7
AMADU,90,34.2
ANDRES MATEO,90,25.1
ANGEL OSWALDO,90,47.6
ANIBAL JESUS,90,46.4
ANTONIO ALVARO,90,47.3
ANTONIO LUCAS,90,46.4
ARIDANY,90,36.5
ARNALDO JOSE,90,44.2
ASCENSION,90,74.6
BASHIR,90,45.4
BASSOU,90,44.7
BERTRAND,90,43.8
BRYAN ANTONIO,90,24.4
CAETANO,90,16.2
CARLOS BERNARDO,90,50.0
CHENYU,90,13.8
CHRISTIAN MAURICIO,90,36.0
CLAUDIO CESAR,90,46.3
CRISTIAN DAMIAN,90,34.6
CRISTIAN RAMON,90,35.8
DANIEL VALENTIN,90,30.5
DAVID ORLANDO,90,38.9
DIOMEDES,90,55.7
EDWARD ANDRES,90,33.4
ELHASSAN,90,42.5
EMILIO PEDRO,90,62.8
ENRIQUE GUILLERMO,90,52.5
ENZO JOSE,90,13.6
FANICA,90,52.3
FEDERICO ALBERTO,90,45.9
FIAZ,90,41.4
GARY JOHN,90,59.8
GAURAV,90,31.8
GONZALO FERNANDO,90,46.4
HENNADII,90,52.5
HERMINIO JOSE,90,51.8
IGNACIO ALFONSO,90,44.7
ISACIO,90,71.8
IVAN ALFONSO,90,39.8
JAGTAR,90,43.1
JHONNY JAVIER,90,37.6
JOHN PETER,90,55.6
JONATAS,90,37.8
JONATHAN RAFAEL,90,34.5
JORGE CESAR,90,51.1
JOSE NOE,90,41.1
JUAN SEGUNDO,90,48.4
JUSTO LUIS,90,63.9
KENNETH JOHN,90,70.8
KEVIN ANTHONY,90,38.2
LEONE,90,13.1
LEVENTE,90,40.3
MARCO ALEXANDER,90,26.9
MATHIAS GABRIEL,90,10.1
MATIAS MIGUEL,90,38.3
MAURICIO FERNANDO,90,41.5
MILLER,90,40.6
MIQUEAS,90,24.4
MONDAY,90,46.8
NENAD,90,48.4
OSCAR ALEXIS,90,37.5
OSCAR MARTIN,90,42.9
PAUL RICHARD,90,58.5
PEDRO GUSTAVO,90,50.4
RAZVAN ANDREI,90,21.2
RICARDO ESTEBAN,90,47.0
SAER,90,36.5
SAMSON,90,40.2
SERGEJS,90,47.2
SERGIO HERNAN,90,48.7
STEPHEN DAVID,90,60.5
TULIO,90,41.7
TYRONE,90,15.7
XAVIER ALEJANDRO,90,23.0
XOSE MARIA,90,58.3
ABDELQADER,89,44.5
ABDUR,89,32.9
ABEL ANGEL,89,51.9
ADRIAN ALEXANDRU,89,30.5
ALEJANDRO GUILLERMO,89,43.1
ALEJANDRO MARCELO,89,47.4
ANGEL BENIGNO,89,56.0
ANSELM,89,58.9
ANSOUMANA,89,36.6
ARBEY,89,51.9
BRADLEY,89,19.2
BRENDAN,89,44.5
BRUNO ALEJANDRO,89,27.4
CRISTIAN HERNAN,89,40.1
DANIEL ALONSO,89,29.3
DAVID CONSTANTIN,89,12.2
DAVID GUILLERMO,89,40.7
DENNIS ALEXANDER,89,27.3
DONACIANO,89,73.8
EDISON FABIAN,89,38.9
EIHAR,89,11.9
ELIAS JOSUE,89,19.5
ENRIQUE NICOLAS,89,43.2
ERIC MANUEL,89,23.4
EVANGELINO,89,71.5
EVANGELISTA,89,66.1
EZEQUIEL DAVID,89,22.0
FELICE,89,54.7
FRANCISCO BENITO,89,57.8
FRANK ALEXANDER,89,35.3
GABRIEL ISAAC,89,17.3
GELASIO,89,72.1
GUILLERMO MARIA,89,44.7
HOUMMAD,89,50.8
HUGO HERNAN,89,46.4
ISAAC GABRIEL,89,16.5
ISIDRO MIGUEL,89,55.8
ISSOUF,89,33.3
JAMES ANDREW,89,42.9
JAYRO,89,22.7
JESUS GERMAN,89,55.8
JORGE ISMAEL,89,44.2
JOSE JUNIOR,89,26.3
JOSE WILMER,89,45.8
JUAN ISAAC,89,35.6
KUN,89,35.4
LLEIR,89,19.4
LUCAS GAEL,89,5.0
MANUEL JOAQUIM,89,60.0
MARIO RENE,89,44.7
MARIO SEBASTIAN,89,33.6
MARVIN ANTONIO,89,37.5
MAXI,89,10.2
MAXIMO JESUS,89,48.1
MERLIN,89,24.7
MICHAEL DANIEL,89,29.4
MUSLIM,89,13.7
OSMANI,89,48.0
OSWALDO ENRIQUE,89,46.4
PEDRO ELOY,89,53.7
QUINTILIANO,89,68.9
RAJU,89,41.8
RAMON ALFREDO,89,52.3
RAZVAN GABRIEL,89,24.0
SERGIO EMILIO,89,44.5
SERGIO ROBERTO,89,45.2
TAMAZ,89,49.3
VICENTE ALFONSO,89,56.1
WALTER ALBERTO,89,46.0
WILLIAM JAVIER,89,38.1
YUN,89,38.2
ZHONG,89,43.5
ABDESALAM,88,35.2
ADAN JESUS,88,36.2
ADRIAN MARIAN,88,33.4
ALEJANDRO MATIAS,88,31.4
AMRIK,88,45.6
ANDREI VALENTIN,88,22.5
ANDRES TOMAS,88,52.4
ANGEL GERARDO,88,52.5
ANTONIO SIMON,88,54.5
ARASH,88,36.9
ARSHDEEP,88,23.3
BANDIOUGOU,88,37.1
BIKENDI,88,27.0
BLAS JAVIER,88,45.5
BOJAN,88,40.2
BORJA JAVIER,88,34.0
CARLES XAVIER,88,45.5
CARLOS BENITO,88,54.4
CARLOS ROMAN,88,51.3
CELSO MANUEL,88,54.6
CLAUDIO MIGUEL,88,46.3
CONCEPCION,88,72.2
CYRIL,88,44.2
EBENEZER,88,36.5
EDUARDO ERNESTO,88,48.4
ELIAS MIGUEL,88,40.3
ELOY FRANCISCO,88,51.1
ETXAHUN,88,13.9
FELIPE RAMON,88,56.3
FERNANDO RICARDO,88,55.3
FRANCO NAHUEL,88,25.8
GERRIT,88,63.8
GINES JESUS,88,45.7
GUEORGUI,88,51.2
GUILLERMO FEDERICO,88,44.0
GUILLERMO FERNANDO,88,46.0
HATEM,88,35.6
HMIDA,88,48.2
HOUD,88,7.8
IVAN RODRIGO,88,36.2
JAMSHAID,88,35.9
JESUS ROMAN,88,54.9
JIANZHONG,88,51.4
JOHAN MAURICIO,88,29.7
JONATHAN JOEL,88,27.6
JONATHAN LUIS,88,33.9
JORGE RAMIRO,88,48.0
JOSE DIMAS,88,54.0
KEVIN OMAR,88,25.8
KWABENA,88,44.5
LEANDRO DAVID,88,26.0
LUIS ROLANDO,88,47.0
MAMUDOU,88,27.3
MANOJ,88,42.0
MARCELO ENRIQUE,88,49.8
MARIUS VALENTIN,88,35.8
MATEO BENJAMIN,88,9.5
MIRAN,88,8.1
MOISES ALBERTO,88,38.8
MOULOUDI,88,51.4
MUHAMMAD ASIF,88,44.4
NEHUEN,88,15.3
NESTOR IVAN,88,39.6
NICOLAS ANGEL,88,49.5
NICOLAY,88,27.5
ORHAN,88,26.3
ORLANDO RAFAEL,88,46.3
OSCAR CARLOS,88,53.8
PEDRO CARMELO,88,61.1
RAFAEL LEONARDO,88,41.1
RAJ,88,40.9
REDWAN,88,22.5
REMI,88,30.5
RICARDO AUGUSTO,88,46.7
RICHARD ALBERTO,88,41.5
RICHARD CHARLES,88,64.8
RUBEN ALEXANDER,88,29.8
SALEEM,88,44.0
SALVADOR ANDRES,88,46.7
SASHO,88,45.7
SAUL ALEJANDRO,88,20.3
SERGIO AUGUSTO,88,46.4
SERGIO JOAQUIN,88,43.8
TALEB,88,38.7
TEIMURAZ,88,47.0
TEOFIL,88,50.2
THOMAS WILLIAM,88,52.5
TIMOTHY JAMES,88,53.0
TOMAS GABRIEL,88,36.3
WILMER ENRIQUE,88,41.0
YOANDY,88,38.4
YONI,88,27.7
ZOE,88,23.3
ABDIEL,87,19.1
ABEL FRANCISCO,87,41.1
ADOLFO MIGUEL,87,55.2
ADRIAN STEFAN,87,27.9
AHREN,87,7.9
ALEXANDRU CATALIN,87,29.2
ANDERSON JESUS,87,27.3
ANDREI MARIAN,87,25.9
ANDREI MIHAI,87,27.8
ANDREW PETER,87,56.2
ANGEL ALEXIS,87,35.1
ANTONIO JACINTO,87,58.3
ARA,87,40.9
AUSENCIO,87,75.0
AXEL GABRIEL,87,14.1
BRANDON STIVEN,87,22.6
BRYAN FERNANDO,87,25.5
CARLOS AARON,87,21.9
CARLOS ELOY,87,47.2
CHRISTIAN ADRIAN,87,34.1
CONSTANTIN MARIUS,87,42.8
DANIEL JULIAN,87,39.8
DANNY JAVIER,87,35.1
DAVID RICHARD,87,58.8
DENIS STEFAN,87,13.0
DIMITRII,87,32.6
EDUARDO PEDRO,87,56.8
ENRIQUE ALFREDO,87,56.4
ENRIQUE EMILIO,87,57.3
FAZAL,87,45.2
GABRIEL VICENTE,87,47.2
GEORGICA,87,48.1
GUSTAVO MARCELO,87,53.2
HECTOR JULIAN,87,41.8
HECTOR ORLANDO,87,47.3
HOUSSEIN,87,39.9
HUGO MARIO,87,50.0
IAN MANUEL,87,10.9
JAIME NICOLAS,87,35.1
JAVIER JULIAN,87,47.7
JESUS ALONSO,87,40.3
JIAMING,87,22.0
JOAN POL,87,25.1
JOHN CHRISTOPHER,87,58.7
JOSE VALERIANO,87,60.5
JUAN BENJAMIN,87,52.4
KALEB,87,9.4
LADJI,87,33.9
LORENZO DAVID,87,38.1
LUIS MOISES,87,43.5
MANUEL BENJAMIN,87,56.7
MANUEL RAMIRO,87,60.2
MANUEL SERGIO,87,53.6
MARCO PATRICIO,87,49.0
MARIANO GABRIEL,87,42.2
MAURICIO GABRIEL,87,35.2
MIGUEL GUILLERMO,87,48.8
MOHAMED YASSIR,87,14.9
MORENO,87,47.0
MUHAMMAD ISMAIL,87,8.2
NICOLAE FLORIN,87,42.8
NIRMAL,87,48.4
ORKATZ,87,28.8
PABLO DARIO,87,40.4
RAFAEL ALFREDO,87,52.1
RAFAEL OSCAR,87,51.6
REINHARD,87,66.5
ROBERT PAUL,87,54.1
RODOLFO JAVIER,87,49.8
RODRIGO FRANCISCO,87,36.7
RONALD EDUARDO,87,35.0
ROQUE MANUEL,87,52.4
SECKOU,87,35.9
SIMON JAMES,87,50.8
VITOR HUGO,87,30.6
WILSON ALBERTO,87,43.9
XAIRO,87,17.1
XIAOLEI,87,35.7
XOSE LUIS,87,58.0
YAUHENI,87,35.5
YOUNOUSSA,87,34.6
ZHENYU,87,29.9
ZHIQIANG,87,38.0
ABDALAHE,86,38.5
ABDENASSER,86,37.6
ABDERRAHAMAN,86,52.1
ADOLFO FRANCISCO,86,54.7
AIRAS,86,10.4
ALBERTO EMILIO,86,48.6
ANGEL SANTOS,86,62.5
ANTIDIO,86,73.0
ASSIER,86,20.7
ATLAS,86,5.5
CONSTANTINO JOSE,86,56.3
DAVID AUGUSTO,86,41.1
DAVID IAN,86,63.8
DEMETRE,86,9.6
DIEGO ANDRE,86,21.0
EDISON ALEXANDER,86,31.5
EDWIN SANTIAGO,86,27.4
ELIAZAR,86,32.3
ELY,86,39.1
ERICK ANDRES,86,23.9
FERMIN JESUS,86,55.8
FRANCO ANTONIO,86,36.8
GABRIEL EMILIO,86,34.9
HAIFENG,86,43.5
HARVEY,86,39.5
JAIME PEDRO,86,54.8
JHONY ALEXANDER,86,33.7
JOSE ALEXANDRE,86,44.1
JOSE MAXIMINO,86,67.4
JUAN BASILIO,86,58.2
JUAN FIDEL,86,54.9
KEVIN ESTEBAN,86,22.8
LORENZO JUAN,86,54.2
LUCIANO ANTONIO,86,47.9
LUCIANO MANUEL,86,48.7
MAMADOU SAIDOU,86,33.7
MARCELO ALBERTO,86,54.6
MARCELO FERNANDO,86,46.2
MATIAS FRANCISCO,86,45.2
MELECIO,86,68.0
MICHAEL PAUL,86,53.2
NARCISO JOSE,86,50.4
NAVJOT,86,24.5
NILTON,86,42.9
ORIEL,86,16.8
PABLO DOMINGO,86,45.8
PACIANO,86,69.7
RAFAEL LORENZO,86,54.5
RAUL ARMANDO,86,47.3
RICARDO FABIAN,86,43.4
RICHARD JESUS,86,33.3
ROBERTO VICENTE,86,52.2
RONALD ALBERTO,86,36.7
SAAD EDDINE,86,16.1
SAAID,86,42.7
SEBASTIAN MARTIN,86,42.0
SEBASTIAO,86,47.8
SEN,86,36.1
SHARIF,86,33.6
VASILE MARIUS,86,42.3
VICENTE MARCOS,86,51.7
WALTER HUGO,86,53.6
YOVANNY,86,42.6
ABDELBAKI,85,45.9
ABHISHEK,85,27.4
ADDI,85,45.4
AGUSTIN TOMAS,85,47.1
ANAEL,85,21.9
ANTONIO CRUZ,85,60.2
ARMANDO MIGUEL,85,44.1
ARNALD,85,36.9
AZAN,85,11.5
BENJAMIN ANTONIO,85,45.9
CARMELO RAMON,85,58.8
CESARIO,85,62.7
CLIVE,85,65.5
CONSTANTIN COSMIN,85,36.3
DANIEL NICOLAE,85,34.9
DANIEL PAUL,85,39.9
DARIO FERNANDO,85,38.1
DAVID EUGENIO,85,43.1
DAVID ISMAEL,85,30.5
DAVID OSCAR,85,46.3
DENNYS,85,27.3
DILAWAR,85,33.7
DYLAN SEBASTIAN,85,8.9
EDUARDO ADRIAN,85,40.4
EDUARDO ALEXANDER,85,28.2
EL MOFADDAL,85,53.2
ERNESTO DAVID,85,39.7
ESTEBAN EDUARDO,85,35.2
FALOU,85,25.5
FRANCISCO LEONARDO,85,51.7
FRANCO DAVID,85,28.5
GABRIEL RAMON,85,48.4
GASTON EZEQUIEL,85,34.5
GURFATEH,85,4.5
HUGO ERNESTO,85,47.4
IBRAHYM,85,35.8
JAGDEEP,85,31.9
JANIS,85,42.6
JHON HAROLD,85,38.4
JHON JAIME,85,42.6
JORGE HORACIO,85,59.1
JUAN LUCIANO,85,59.2
JUAN MARCELINO,85,61.4
JUERGEN,85,63.5
LLORENS,85,49.8
LORENZO FRANCISCO,85,54.1
LUIS ISIDRO,85,56.1
LUIZ FELIPE,85,27.1
MARCELO JESUS,85,38.2
MARCOS RAMON,85,48.3
MAURO JAVIER,85,39.1
MEKKI,85,53.7
MICHAEL CHARLES,85,64.6
MOHAMED AKRAM,85,15.3
NAZIR,85,48.3
NELSON ALEXANDER,85,35.1
NELSON GABRIEL,85,33.7
OLMEDO,85,55.2
OSCAR SEBASTIAN,85,30.7
OSCAR TOMAS,85,43.9
ROBERT MARIAN,85,27.9
RODEL,85,46.4
RODRIGO HERNAN,85,39.9
SIMON BOLIVAR,85,52.6
TEODORO JOSE,85,54.5
THEODOR,85,26.0
YEISON DAVID,85,28.7
YZAN,85,16.6
ZAYAN,85,5.8
ZHIVKO,85,47.3
ZHOU,85,36.5
ZULQARNAIN,85,30.3
ADITYA,84,21.5
AGUSTIN DANIEL,84,40.2
AIRON,84,16.3
ALEJANDRO ERNESTO,84,42.0
ALEJANDRO MARIO,84,42.7
ALVARO ALEXANDER,84,27.7
ANAITZ,84,17.5
ARMANDO RAFAEL,84,47.4
ASAEL,84,16.5
ATIK,84,36.1
BING,84,43.2
BORJA FRANCISCO,84,35.3
BOUJEMA,84,49.5
CARLOS PASCUAL,84,54.5
CELSO JOSE,84,55.3
CLAUDIO ENRIQUE,84,48.3
DACIO,84,61.8
DAEL,84,8.4
DAMIAN ANDRES,84,34.1
DANIEL RAUL,84,40.1
DAVID ALEXIS,84,37.1
DIEGO GONZALO,84,38.7
DIEGO ISMAEL,84,29.6
DUVAN ANDRES,84,28.5
EDUAR,84,38.5
EKHIOTZ,84,20.1
ELIAN DAVID,84,9.3
ELIAS JAVIER,84,45.1
ELIO JOSE,84,44.3
EMANUEL ALEJANDRO,84,25.5
ENRIQUE JULIAN,84,54.2
ERICK SEBASTIAN,84,19.2
ERNESTO RAFAEL,84,49.3
FERNANDO RODRIGO,84,38.5
FERNANDO RUBEN,84,45.9
FLORES,84,68.4
FOAD,84,37.8
FRANK ALEJANDRO,84,26.8
FRANKLIN ALBERTO,84,43.9
GUILLERMO ANGEL,84,46.3
HAIPING,84,52.0
HECTOR VICENTE,84,44.5
IAN SEBASTIAN,84,9.6
IHAR,84,44.8
IKER ADRIAN,84,13.3
IVAN ALEXIS,84,37.0
IÑAKI MIRENA,84,65.2
JAIME PATRICIO,84,48.4
JAMES PATRICK,84,51.0
JAVIER LEONARDO,84,41.1
JOEL SEBASTIAN,84,19.1
JONATHAN MAURICIO,84,31.9
JORGE AURELIO,84,53.2
JORGE LORENZO,84,37.8
JOSEMARIA,84,25.0
JUAN EZEQUIEL,84,36.3
JUAN MARCO,84,30.9
LANDING,84,34.5
LAZARO MANUEL,84,47.1
LUCA GABRIEL,84,9.3
MANUEL JOAO,84,53.3
MANUEL MOISES,84,49.4
MARCO MANUEL,84,35.4
MARCOS AGUSTIN,84,34.8
MARCOS ESTEBAN,84,41.9
MARIO ESTEBAN,84,44.3
MATEO MANUEL,84,28.2
MATTHEW DAVID,84,36.3
MERT,84,22.9
MOHAMMADREZA,84,44.0
MOISES EDUARDO,84,31.6
NDONGO,84,40.9
NICOLAS RAMON,84,46.9
PEDRO ALFREDO,84,55.3
PRISCILIANO,84,73.7
RAFAEL ARMANDO,84,44.1
ROBERT EDWARD,84,61.3
SAINEY,84,32.1
SARBJIT,84,41.7
SHADI,84,28.5
STEVEN ANDRES,84,25.2
SVYATOSLAV,84,30.2
SYED ALI,84,29.3
UDO,84,61.6
VAHE,84,36.9
VICENTE JAIME,84,59.7
XINHAO,84,18.7
AKASH,83,27.2
ALEJANDRINO,83,69.9
ALEJANDRO ARTURO,83,40.8
ALEXANDRU MARIUS,83,33.7
ANDREI SEBASTIAN,83,21.5
ANDREJS,83,43.9
ANGEL JORGE,83,55.5
ANGEL OSCAR,83,55.9
ARGENIS JOSE,83,37.2
ARTURO JUAN,83,50.5
BART,83,46.5
BOGDAN GABRIEL,83,29.2
BRIAN ALEJANDRO,83,25.8
CARLOS EMANUEL,83,23.8
CARLOS EZEQUIEL,83,36.0
CARLOS SERGIO,83,50.8
CRISTIAN MARIUS,83,41.0
CRISTIAN NICOLAE,83,40.6
CRISTIAN RICARDO,83,34.6
CRISTIAN RODRIGO,83,38.3
DA,83,36.3
DANIEL RUBEN,83,39.2
DAVID ARMANDO,83,37.0
ENNIO,83,30.2
ERIC DAVID,83,28.4
ESNEIDER,83,34.4
FALY,83,35.4
FATHALLAH,83,36.5
FERNANDO CESAR,83,55.3
FLORIN VASILE,83,41.3
GUILLERMO PABLO,83,44.2
HAGI,83,34.2
HARJIT,83,40.6
HARVINDER,83,41.1
HENRY JAVIER,83,36.8
HERMINDO,83,68.1
IHSAN,83,38.6
IKER SANTIAGO,83,12.6
INDERJIT,83,36.5
ISIDORO MANUEL,83,54.5
ISRAEL MANUEL,83,40.6
JERONIMO JESUS,83,45.1
JIANG,83,43.2
JIMMY ALEJANDRO,83,28.1
JOAN XAVIER,83,44.8
JOSE BERNABE,83,55.8
JOSEP ANGEL,83,49.9
JOSEPH ALEJANDRO,83,20.6
JOSEPH MICHAEL,83,45.1
JOSUE JESUS,83,31.1
JUAN CECILIO,83,60.9
JUAN MARCIAL,83,57.2
JULIAN ALEXANDER,83,28.3
JULIAN DANIEL,83,35.8
KARAMOKO,83,37.5
LION,83,6.5
MARCOS ALFONSO,83,42.6
MARCOS SANTIAGO,83,34.3
MARIAN DANIEL,83,35.2
MARTIN ALEXANDER,83,27.1
MATHIAS ANDRES,83,11.0
MEHMED,83,47.5
MEHRAN,83,34.2
MEZIANE,83,49.2
MIGUEL ALEXIS,83,40.9
MIGUEL DARIO,83,39.2
MIGUEL MARIANO,83,53.1
MILTON ANDRES,83,34.8
MOHAMMAD REZA,83,54.3
MOISES DANIEL,83,30.3
MUHAMMAD HAMZA,83,15.6
NABOR,83,56.2
NARESH,83,42.5
NICHEL,83,27.0
NICOLAS PABLO,83,37.7
OGNYAN,83,47.2
OSCAR JOAQUIN,83,45.6
OSCAR PEDRO,83,52.1
PABLO MARIANO,83,45.7
PEDRO SERGIO,83,51.9
QUENTIN,83,29.6
RAUL JUAN,83,50.2
RAYDEL,83,36.7
REINERIO,83,61.0
RICARDO FELIPE,83,48.1
RINAT,83,32.2
RONNY ALEXANDER,83,30.2
SEBASTIAN RAFAEL,83,34.1
SEGA,83,32.8
SEGUNDO MIGUEL,83,55.1
SERGIO DARIO,83,43.4
SIDATI,83,32.5
SILVIANO,83,69.4
SIXTO JOSE,83,51.7
TADEUSZ,83,56.3
THIAGO ANDRE,83,8.5
THIAGO MATEO,83,4.9
UZAIR,83,17.9
VICTOR RUBEN,83,42.6
VLADIMIRO,83,53.5
WENBO,83,27.1
WILLIAMS JOSE,83,40.7
YONGPING,83,53.3
YOUSUF,83,16.8
YUHAN,83,13.2
ZEYAD,83,7.5
ZIA,83,40.1
AGUSTIN GABRIEL,82,34.5
AGUSTIN RAFAEL,82,49.1
AKBAR,82,48.0
ALEJANDRO ADRIAN,82,28.7
ALEJANDRO EZEQUIEL,82,28.2
ALEJANDRO FELIPE,82,38.5
ALEX ADRIAN,82,21.5
ANDREI COSMIN,82,26.2
ANDRES AGUSTIN,82,48.8
ANTHONY PAUL,82,47.2
ANTONIO ARTURO,82,57.4
ARFAN,82,40.0
ASENCIO,82,62.4
BENIGNO JOSE,82,59.8
BRAHIAN,82,21.9
BRAHIM SALEM,82,41.4
CELSO ANTONIO,82,55.0
DANIEL HORACIO,82,57.3
DAVID IOAN,82,11.6
DETLEF,82,65.1
DIEGO PAUL,82,30.6
DINESH,82,36.6
DJAMEL EDDINE,82,37.1
DMITRIJS,82,38.5
DYLAN EDUARDO,82,10.7
EDGAR ALFONSO,82,45.4
EDISON DAVID,82,31.2
EDWARD JOSE,82,37.4
EL HOUSSIN,82,44.7
EL MOUSTAPHA,82,48.3
ENAR,82,8.9
ENMANUEL JESUS,82,28.7
ERICK EDUARDO,82,28.0
ERNESTO ENRIQUE,82,49.3
FABIO JESUS,82,45.2
FAKHAR,82,33.2
FELIX ALFONSO,82,55.0
FERNANDO GUILLERMO,82,51.3
FRANCO DANIEL,82,30.3
FRANKLIN JESUS,82,37.0
FREDY ALBERTO,82,47.8
GARRY,82,57.6
GENNADIY,82,57.2
GERARDO RAMON,82,54.7
GERAY,82,17.8
GIOVANNI ANTONIO,82,42.2
GUNTHER,82,60.6
HECTOR HERNAN,82,48.1
HUGO ALFREDO,82,49.6
IZAN GABRIEL,82,7.2
JAIME JORGE,82,51.2
JAIME RICARDO,82,48.6
JAMES JOSEPH,82,59.9
JASBIR,82,44.6
JAVIER ARMANDO,82,40.5
JERZY,82,58.5
JESUS AUGUSTO,82,51.6
JOAN JESUS,82,42.1
JOAQUIM MANUEL,82,54.1
JORDI MANUEL,82,38.7
JORGE MARCOS,82,48.8
JOSE ILDEFONSO,82,57.8
JUSTIN ALEXANDER,82,17.3
KENJI,82,24.5
LIAM MANUEL,82,6.8
LLUIS ALBERT,82,44.7
MANUEL ROGELIO,82,61.6
MARIO IVAN,82,43.2
MBEMBA,82,39.6
MIHAI CATALIN,82,36.3
MOHAMED ANAS,82,21.6
MOHAMED NABIL,82,36.2
NELSON ALBERTO,82,45.3
NELSON FABIAN,82,42.6
NICOLAS LUIS,82,38.3
PAUL ANDREI,82,25.3
RAUL EMILIO,82,47.4
REINALDO ANTONIO,82,45.0
ROBERTO EMILIO,82,51.9
ROMAN JESUS,82,47.8
SAMUEL ISAAC,82,18.5
SANTIAGO MATIAS,82,31.1
SHAUN,82,50.8
SINFOROSO,82,71.3
STEPHEN ROBERT,82,61.8
TAWFIQ,82,30.4
TERENCE JOHN,82,71.7
THOMAS JOSEPH,82,51.0
VICTOR SALVADOR,82,45.3
WAYNE,82,54.4
YAPCI,82,42.2
ABEL DAVID,81,32.1
ADAY JOSE,81,27.8
ADRIAN MARTIN,81,30.6
ADRIAN MATEO,81,10.3
AGUSTIN SANTIAGO,81,49.3
AITOR DAVID,81,23.3
ALEJANDRO DARIO,81,38.7
ANTONIO AMADOR,81,53.8
ARNE,81,58.2
ARTURO RAFAEL,81,43.4
ASJAD,81,42.0
BAH,81,36.1
BELKASSEM,81,49.9
BENITO LUIS,81,61.8
BOUALAM,81,45.6
BRAYAN JESUS,81,24.8
CESAR SANTIAGO,81,42.7
CHARANJIT,81,42.4
CLAUS,81,55.4
COSME DAMIAN,81,53.7
CRISTOBAL LUIS,81,50.5
DAIRO,81,27.3
DENIS IONUT,81,14.5
DIEGO SALVADOR,81,41.3
DOMINGO DAVID,81,44.0
DOMINGO VICENTE,81,62.2
EDUARD DANIEL,81,20.4
EDUARDO FABIAN,81,44.1
EDUARDO PABLO,81,51.7
EL GHAZI,81,47.3
ELIU,81,33.3
EMANUEL DAVID,81,19.5
ENZO DANIEL,81,16.0
EUGENIO DAVID,81,42.1
FEDERICO EZEQUIEL,81,34.0
FERNANDO EUGENIO,81,60.0
FOUSSENI,81,29.2
FRANCISCO ALVARO,81,46.8
FRANCISCO FABIAN,81,46.8
FRANCISCO OSCAR,81,51.4
GABRIEL AGUSTIN,81,37.6
GELA,81,49.6
GIA,81,45.9
GIAMPIERO,81,48.2
HE,81,36.5
HERNAN ALEJANDRO,81,38.9
HRYHORIY,81,57.6
INDAR,81,13.5
IONUT ALIN,81,33.0
IRINEL,81,42.5
JAIRO JAVIER,81,33.9
JAVIER ROBERTO,81,50.1
JEYDEN,81,6.3
JHON FABER,81,37.4
JOAN ALEJANDRO,81,19.5
JOEL EDUARDO,81,28.9
JORDI ANTONI,81,47.9
JORGE ALONSO,81,41.0
JORGE VALENTIN,81,47.4
JOSE MAURO,81,52.0
JOSE NESTOR,81,55.8
JOSUE MIGUEL,81,26.2
JUAN CANDIDO,81,57.1
JUSTO JESUS,81,57.1
KEVIN RAFAEL,81,24.0
LEONARDO ARIEL,81,39.5
MAMADOU LAMARANA,81,32.6
MANUEL SEGUNDO,81,60.5
MANUEL SIMON,81,53.7
MARCELO SEBASTIAN,81,32.9
MARCOS ARIEL,81,34.2
MARIANO MARTIN,81,46.7
MARTIN ELIAS,81,21.9
MATHIAS ALEXANDER,81,10.5
MOATAZ,81,11.8
NDIOUGA,81,39.9
NELO,81,19.4
NESTOR ENRIQUE,81,46.5
OUSAINOU,81,31.1
PATRICIO ANDRES,81,39.8
PEDRO ABEL,81,47.4
PEDRO ALEXANDRE,81,39.9
PHILIP JAMES,81,62.0
RICARDO AGUSTIN,81,48.5
RODRIGO DAVID,81,27.3
ROGELIO ANTONIO,81,54.3
ROMAN JOSE,81,48.6
RONALD JAVIER,81,34.4
RUBEN LUIS,81,46.9
RYAD,81,17.2
SAIM,81,14.9
SAMUEL JAMES,81,31.5
SAVELII,81,12.7
SAYF EDDINE,81,13.3
SERGIO LEONARDO,81,38.8
TRINO,81,54.1
USAYD,81,1.1
VICENTE JORGE,81,56.4
VICTOR MAURICIO,81,41.0
WISDOM,81,18.1
XOAN XOSE,81,54.2
YAUCI,81,34.3
ABDERAHMANE,80,30.5
AGUSTIN DAVID,80,44.3
AGUSTIN PEDRO,80,59.2
ALAM,80,28.1
ALBERTO DOMINGO,80,50.9
ALBERTO FELIPE,80,49.6
ALEX SANTIAGO,80,21.7
ALEXIS RAMON,80,40.3
ALVARO TOMAS,80,35.1
ANDREI BOGDAN,80,27.9
ANDREI STEFAN,80,21.7
ANGEL RAMIRO,80,52.8
ANTHONY ALEJANDRO,80,19.5
ARMAAN,80,10.0
ARSALAN,80,23.5
AUGUSTO JAVIER,80,48.6
AVELINO JOSE,80,56.7
BOGDAN FLORIN,80,32.6
BRANDON ALEXIS,80,24.4
CHARLY,80,28.8
CHRISTIAN JOSUE,80,25.9
DANIEL BENJAMIN,80,31.1
DANIEL VICTOR,80,43.6
DANIYAL,80,18.2
DANNY DANIEL,80,37.3
DAVID PETER,80,58.2
DIMITRY,80,32.1
EDUARDO ARTURO,80,44.5
EDUARDO GUILLERMO,80,49.9
EL KHADIR,80,51.0
ELADIO JESUS,80,53.6
EMILIO CESAR,80,55.9
EMMANUEL ALEJANDRO,80,25.0
FABIAN MAURICIO,80,37.6
FABIO MANUEL,80,30.7
FELIX GABRIEL,80,39.7
FERNANDO ADOLFO,80,51.4
FERNANDO DOMINGO,80,59.6
FERNANDO JULIO,80,58.1
FRANCESC ASSIS,80,56.5
FRANCISCO ABRAHAM,80,38.0
FRANCISCO GASPAR,80,54.2
GIOVANNI JOSE,80,31.2
GUEYE,80,36.3
GUILLERMO JORGE,80,49.8
HABIBOU,80,31.0
HAOCHEN,80,9.2
HAROUNE,80,12.8
IKER JESUS,80,15.3
IRU,80,18.9
JOSE ALTAGRACIA,80,55.1
JOSEPH DANIEL,80,25.2
JUAN GILBERTO,80,57.1
JULIO ARMANDO,80,49.8
JULIO IVAN,80,44.8
JULIO SALVADOR,80,51.8
KULDIP,80,48.2
LAHSSAN,80,39.6
LIZANDRO,80,38.6
MARCO ANDRE,80,27.3
MARCOS JUAN,80,43.7
MARLON JAVIER,80,33.4
MATEJ,80,32.2
MATHIAS DAVID,80,11.0
MATHIAS SEBASTIAN,80,14.2
MAXIMO JAVIER,80,44.5
MICHAEL PATRICK,80,56.9
MICHAIL,80,36.6
MOHAMED AZIZ,80,33.0
MOHAMED LAARBI,80,41.7
MOHAMED NADIR,80,17.2
MOHAMED SAAD,80,17.2
MOHAMMED TAHA,80,15.0
MOUHAMET,80,19.4
MOULAY AHMED,80,48.9
MUSHTAQ,80,50.0
OSCAR ALONSO,80,44.7
OUSAID,80,1.4
RICARDO ADOLFO,80,49.8
ROBERT CONSTANTIN,80,29.2
ROBERT MIHAI,80,25.1
ROMARIO,80,26.6
RONALD ALEJANDRO,80,28.2
SALAHDIN,80,18.0
SALOUM,80,37.5
SARABJIT,80,41.6
TOMAS ALFONSO,80,51.2
TOMAS FELIPE,80,36.5
WALTER FABIAN,80,44.1
WANDERSON,80,35.6
YACOB,80,9.7
YAMAN,80,7.9
YANISS,80,5.0
YARI,80,30.2
YIXIANG,80,21.2
ZITOUNI,80,49.0
ABDEL AZIZ,79,37.2
ALAN ANDRES,79,16.9
ALFREDO ANDRES,79,46.8
ANDRES ELIAS,79,27.0
ANDRES GERARDO,79,41.4
ANDREW WILLIAM,79,55.1
ANGEL FERMIN,79,58.1
ANGEL OMAR,79,35.4
ANTONIO BORJA,79,39.2
CALOGERO,79,53.8
CANDIDO JESUS,79,51.1
CARLOS CRISTOBAL,79,47.5
CARMELO ANGEL,79,60.7
CRISTIAN MARTIN,79,38.1
DAMIAN ANTONIO,79,42.9
DAMIAN EZEQUIEL,79,33.6
DANNY JOSE,79,37.4
DAVID JOEL,79,29.9
DOMINGO ENRIQUE,79,57.1
EDWIN OMAR,79,40.8
EGIDIO,79,63.7
EMMANUEL JESUS,79,27.4
EUGENIO MARIA,79,59.9
FEDERICO FRANCISCO,79,55.6
FERNANDO PATRICIO,79,49.2
FLORIN MARIAN,79,37.6
GABRIEL RICARDO,79,39.0
GABRIEL VALENTIN,79,27.3
GHEORGHE CRISTIAN,79,42.7
GONZALO RAMON,79,49.8
GUANG,79,45.0
GURJIT,79,38.0
GUSTAVO FRANCISCO,79,48.7
HACOMAR,79,31.3
HAIJUN,79,45.7
HAMADA,79,32.2
HENRY MAURICIO,79,37.1
HUMBERTO MANUEL,79,51.9
IVAN NICOLAS,79,31.6
JAIME ROBERTO,79,52.5
JAVIER HUMBERTO,79,47.5
JHON EDWAR,79,33.0
JIANBIN,79,48.6
JORGE MARIANO,79,49.7
JOSE ABRAHAN,79,41.5
JOSE ARLEY,79,49.3
JOSE ARSENIO,79,60.4
JOSE INDALECIO,79,56.7
JOSHUA ALEXANDER,79,16.6
JOSUE FRANCISCO,79,28.8
JUAN ANSELMO,79,56.1
JUAN LEOPOLDO,79,50.2
KALILU,79,37.8
KARSTEN,79,55.8
LAHSSEN,79,46.3
LEANDRO MIGUEL,79,33.0
LORENZO LUIS,79,52.7
MAME CHEIKH,79,28.9
MANINDER,79,32.7
MANPREET SINGH,79,30.0
MANUE,79,4.0
MARIO CRISTIAN,79,21.2
MARIUS MIHAI,79,39.8
MATIAS DAMIAN,79,33.2
MICHAEL EDWARD,79,62.7
MIGUEL ALONSO,79,40.6
MIHAI ANDREI,79,30.2
MIQUEL SANTS,79,49.2
MOHAMED SALAH,79,25.7
NAHUEL ALEJANDRO,79,26.3
PABLO AUGUSTO,79,40.3
PEDRO ALVARO,79,46.0
PEDRO BLAS,79,54.6
PEDRO ISAAC,79,40.9
PETER ALEXANDER,79,48.8
RAFAEL SEBASTIAN,79,42.6
RAMIRO MANUEL,79,50.2
RENE ANTONIO,79,42.4
RICARDO EMILIO,79,52.9
RICARDO JOAQUIN,79,51.2
RICARDO PEDRO,79,56.4
RONALD ANDRES,79,31.1
ROQUE ANTONIO,79,53.4
RYU,79,6.9
SAIBOU,79,33.2
SANTIAGO ALONSO,79,17.6
SANTIAGO ESTEBAN,79,40.5
SEBASTIAN RAMON,79,54.7
STAN,79,52.8
TAMIM,79,12.5
TIJAN,79,29.8
VALENTIN JESUS,79,53.8
VICTOR DOMINGO,79,49.9
VICTOR LEONARDO,79,34.1
VIRIATO,79,55.0
WALTER OMAR,79,47.4
ZINE EL ABIDINE,79,36.9
ABDEL ILLAH,78,42.6
ABDERRAHMEN,78,36.1
ABDOU LAHAT,78,38.2
ABIEL,78,14.6
ALBERT JOSEP,78,42.9
ALEJANDRO JULIAN,78,39.6
ALEXANDER JOHN,78,41.8
ALEXIS FERNANDO,78,31.0
ALFONSO JOAQUIN,78,51.5
ALFREDO FERNANDO,78,54.9
AMIDOU,78,37.1
ARDIEL,78,30.4
CARLOS FIDEL,78,51.0
CESAR FABIAN,78,38.0
CESAR JUAN,78,48.0
CESAR RODRIGO,78,37.8
CHENYI,78,12.7
COSMIN ALEXANDRU,78,29.3
CRISTHOFER,78,24.9
CRUZ MARIA,78,65.1
DANIEL MARIUS,78,37.8
DAVID OMAR,78,37.2
DIAWOYE,78,38.9
DINU,78,48.8
DYLAN ISAAC,78,8.8
EL GHALI,78,40.2
ELADI,78,46.7
EMIN,78,30.1
ENRIQUE RICARDO,78,53.6
ERIK JOSE,78,24.4
ESDRAS,78,30.8
EUFEMIANO,78,71.7
FABIO DANIEL,78,33.2
FABIO MIGUEL,78,29.5
FEDERICO SEBASTIAN,78,37.4
FLORIN ALIN,78,36.4
FRANCISCO CRUZ,78,58.9
FRANCO GABRIEL,78,28.1
FREDERIK,78,45.9
GAVIN,78,36.8
GEORGIY,78,30.1
GERMAN DANIEL,78,39.3
GIANLUIGI,78,41.9
GIVI,78,46.2
GLEN,78,42.9
GREGOR,78,39.6
GURBAAZ,78,2.6
GUSTAVO MARTIN,78,44.9
HECTOR ALONSO,78,42.1
HECTOR RICARDO,78,49.8
IÑAKI XABIER,78,55.8
JAIME ALONSO,78,45.1
JEISSON,78,30.0
JESUS AMADO,78,59.4
JESUS ANIBAL,78,49.8
JESUS BENJAMIN,78,53.3
JESUS RODRIGO,78,39.5
JEYKO,78,9.4
JHON ALEX,78,27.9
JINHAO,78,14.6
JOHN ALAN,78,62.1
JORGE SAMUEL,78,29.7
JUAN YERAY,78,36.7
JUDA,78,25.7
KHAN,78,43.5
LUIS AVELINO,78,59.6
LUIS NORBERTO,78,56.3
MANSUR,78,27.3
MANUEL LUCAS,78,50.8
MANUEL SERAFIN,78,59.8
MAO,78,36.6
MARIANO EZEQUIEL,78,37.8
MARTIN MARIA,78,53.2
MATIAS ALEXANDER,78,13.1
MAURI,78,18.4
MOHAMED AHMED,78,39.4
NAZARENO,78,31.7
NELSON RAFAEL,78,47.7
NELSON RICARDO,78,43.7
NICHITA,78,23.5
NORBERTO JESUS,78,51.8
OMAR FERNANDO,78,40.4
ORLANDO ENRIQUE,78,46.1
OSCAR PABLO,78,48.2
PATRICK JOHN,78,54.1
PAUL JOSEPH,78,51.7
PERE MIQUEL,78,43.1
PUBLIO,78,68.6
RAOUL,78,42.8
REINER,78,58.4
RICARDO IVAN,78,44.5
RIDHA,78,39.8
ROBERTO PEDRO,78,54.3
RODRIGO LUIS,78,39.4
RONALD JESUS,78,33.2
RUI JORGE,78,47.3
SEGUNDINO,78,65.4
SHANE,78,38.4
SHUO,78,24.0
STEFAN CRISTIAN,78,28.5
SUMAN,78,34.4
SVETLIN,78,42.5
VICTOR ROBERTO,78,50.2
WILFRIED,78,67.1
YAIDEL,78,12.3
YUHANG,78,15.6
ZAREK,78,10.9
ZIYANG,78,17.0
ABDELWAHAD,77,37.4
AKASHDEEP,77,23.0
ALEJANDRO DAMIAN,77,37.8
ALEX XAVIER,77,29.0
ALFONSO GABRIEL,77,45.0
ANDRES MARCELO,77,38.8
ANDREW CHARLES,77,60.7
ANGEL ROMAN,77,54.0
ANTONIO ALEXANDER,77,31.8
AQEEL,77,34.9
ARIE,77,51.4
ARTSIOM,77,28.0
AXULAR,77,20.3
BENJAMIN JESUS,77,38.0
BENTOR,77,17.6
BIAGIO,77,45.8
CECILIO MANUEL,77,53.0
CELESTINO JOSE,77,62.4
CHAREF,77,41.7
CHRISTIAN RAFAEL,77,30.8
DANIEL RODRIGO,77,32.2
DEYVID,77,20.9
DIEGO OMAR,77,36.1
DYLAN FERNANDO,77,10.8
EDUARD IONUT,77,21.3
EDWARD JOHN,77,58.9
ELIESER,77,40.5
ELTON,77,36.8
EMERENCIANO,77,73.8
EMILIO GABRIEL,77,43.8
EMRE,77,29.0
ENEKOITZ,77,39.8
ERICK JESUS,77,25.9
FARAJI,77,50.2
FAUSTINO MANUEL,77,59.7
FERNANDO FABIAN,77,44.0
FERNANDO FELIPE,77,50.1
FRANCISCO REYES,77,55.8
GUILLERMO IGNACIO,77,41.0
HANNIBAL,77,13.9
HASSANA,77,29.2
HERNAN ANDRES,77,38.7
HOUSNI,77,35.4
HUGO CARLOS,77,46.1
HUGO NICOLAS,77,21.9
IMADE,77,30.2
IONUT CIPRIAN,77,36.8
JAIDER,77,31.8
JAIME ERNESTO,77,48.6
JAN MARC,77,16.0
JAUME JOAN,77,42.0
JEAN LUIS,77,26.9
JEAN MANUEL,77,35.2
JIARUI,77,14.1
JOAN JOSE,77,47.1
JOHN KEVIN,77,33.0
JUAN EVARISTO,77,57.8
JUAN RAIMUNDO,77,57.2
JUAN TEODORO,77,58.5
JULIAN RAFAEL,77,47.9
JULIO ESTEBAN,77,44.0
KOBA,77,49.5
LAMBERT,77,49.0
LIPING,77,51.7
LUCIANO JESUS,77,45.2
LUIS HENRIQUE,77,30.1
MARIO CARLOS,77,48.0
MARK WILLIAM,77,54.9
MATIAS IVAN,77,27.4
MOULAY,77,43.3
NICOLAE CRISTIAN,77,41.5
NICOLAS CARLOS,77,42.7
OSWALDO JESUS,77,41.4
PABLO GASTON,77,41.4
PEDRO FILIPE,77,37.2
PIERPAOLO,77,43.2
RAFAEL JULIO,77,56.4
RAMIL,77,44.1
RAUL RICARDO,77,46.1
RICARDO EDUARDO,77,48.0
ROBERT JESUS,77,35.2
RODOLFO ENRIQUE,77,48.1
RYSZARD,77,61.6
SALVADOR RAFAEL,77,57.2
SAMUEL JOSUE,77,20.8
SERAFIN JOSE,77,56.3
SERGIO PEDRO,77,45.6
SINAN,77,25.7
SONNY,77,34.5
TAYLER,77,6.5
TELLO,77,18.0
URSICINO,77,75.2
WAHIB,77,21.3
WILLIAM DANIEL,77,30.2
WILLIAM RAFAEL,77,44.0
XIAOLONG,77,37.4
XIAOYI,77,35.9
YERAY JOSE,77,30.2
ZOEL,77,20.9
ABDALLAHI,76,36.6
ABOU BAKR,76,17.8
ADRIAN CARLOS,76,38.1
AGUSTIN ENRIQUE,76,48.8
ALAYN,76,40.4
ALBERT JOSE,76,29.7
ALEJANDRO BORJA,76,36.1
ALEXANDRU VASILE,76,31.5
ALEXIS EDUARDO,76,34.0
ALFREDO IGNACIO,76,52.0
ALIN CONSTANTIN,76,35.1
ALVARO ALFONSO,76,39.9
ANDRES ERNESTO,76,41.3
ANTONIO SERAFIN,76,55.0
ARNAITZ,76,32.3
ARTURO DANIEL,76,31.2
BADREDDIN,76,24.0
BENJAMIN JAMES,76,38.2
BRANDON ALEXANDER,76,21.6
CARLOS ANDRE,76,29.3
CARLOS BORJA,76,38.6
CESAR DARIO,76,39.6
CESAR RUBEN,76,43.0
CHENXI,76,15.4
CIAN,76,14.4
CRISTIAN ALFREDO,76,36.4
DEIVIDAS,76,30.6
DENIS DANIEL,76,24.0
DEXTER,76,29.0
DIEGO CESAR,76,39.8
DJILLALI,76,46.9
EDGAR LEONARDO,76,38.3
EDGAR RAFAEL,76,44.2
EL MEKKI,76,54.1
ELARBI,76,37.6
ELIHU,76,23.2
EMILIO IGNACIO,76,54.3
ERIK DAVID,76,19.2
EROL,76,29.8
EUGENIO RAMON,76,60.9
FEDERICO JUAN,76,55.2
FILY,76,35.5
FRANCISCO JOEL,76,26.1
GABRIEL ALFREDO,76,35.8
GABRIEL CRISTIAN,76,30.0
GEORGI IVANOV,76,49.2
GERARDO DAVID,76,37.5
GERD,76,64.6
GIANPIERO,76,38.8
GUILLERMO ALEXANDER,76,31.0
HAMOU,76,47.1
HAOXIANG,76,19.1
HECHAM,76,36.1
HECTOR ARMANDO,76,49.2
HECTOR AUGUSTO,76,47.6
HUGO RAMON,76,40.7
IAN ROBERT,76,59.6
IBRAHIN,76,33.9
ION DANIEL,76,41.3
JACOBO MANUEL,76,38.4
JAVIER GUILLERMO,76,48.4
JEREMY DAVID,76,22.3
JESUS HUMBERTO,76,43.5
JHOAN,76,19.3
JIAXIANG,76,21.9
JOAO JOSE,76,52.4
JOHAN FELIPE,76,26.0
JORGE ABEL,76,40.8
JUAN ROGELIO,76,56.7
JUAN VICTORIANO,76,60.8
JULIAN AGUSTIN,76,41.9
JUVENCIO,76,63.8
KALIDOU,76,33.7
KELLY,76,32.0
LEONARDO FRANCISCO,76,41.5
LOREN,76,20.3
MANUEL FAUSTINO,76,64.6
MANUEL MARCELINO,76,62.6
MANUEL PATRICIO,76,55.7
MARCELO GUSTAVO,76,53.6
MARCOS ANGEL,76,42.3
MARIO AGUSTIN,76,44.9
MARIO OSCAR,76,57.3
MOISES MANUEL,76,45.7
MOUNSIF,76,28.7
NAVDEEP,76,28.4
NAVIL,76,29.4
NELSON RAMON,76,47.8
NESTOR MIGUEL,76,43.7
NICOLAE MARIUS,76,43.4
OCTAVIO AUGUSTO,76,43.1
OSCAR ARIEL,76,36.1
PHILLIP,76,54.5
PIOTR PAWEL,76,47.1
PLACIDO JOSE,76,55.6
RAUL IONUT,76,18.9
RIADH,76,34.6
RICARDO SANTIAGO,76,52.1
RODRIGO ALFONSO,76,36.4
RODRIGO ENRIQUE,76,35.9
RODRIGO IVAN,76,35.4
ROGER EDUARDO,76,34.5
RONALD ANTONIO,76,36.8
SALAMU,76,29.3
SEBASTIAN ANGEL,76,47.9
SERAFI,76,56.7
SERGIO FELIPE,76,40.2
SIMPLICIO,76,67.3
SOL,76,30.3
TAHIEL,76,7.2
THEODORE,76,20.3
TIAGO FILIPE,76,31.2
TIAGO MIGUEL,76,32.4
VENELIN,76,41.7
VICTOR OMAR,76,39.5
WILSON PATRICIO,76,45.4
YASAR,76,40.6
ZHIYUAN,76,26.1
ADRIAN GUSTAVO,75,40.2
ADRIAN SANTIAGO,75,27.9
AIMRAN,75,10.3
ALBERTO SALVADOR,75,48.5
ALEX ENRIQUE,75,37.3
ALVARO EMILIO,75,42.3
ANDREI MARIUS,75,26.4
ANDREW MICHAEL,75,51.8
ANOIR,75,26.7
ANTONIO GASPAR,75,55.4
ANTONIO JOAO,75,53.6
ANTONIO YERAY,75,36.6
ARJAN,75,37.9
ARMENGOL,75,58.9
ARSENI,75,43.2
BARTOLOME JESUS,75,53.4
BOGDAN MARIAN,75,32.8
BRANDON DAVID,75,22.8
BULLY,75,42.1
CARLOS CRISTIAN,75,36.7
CHEMA,75,20.4
CHRISTOPHER DANIEL,75,23.3
CLEBER,75,43.1
CRISTIAN MIHAI,75,36.2
DANIEL ADOLFO,75,44.0
DANIEL EDGARDO,75,41.7
DEIBY,75,26.4
DEREK ALEXANDER,75,13.2
EDGAR RAMON,75,40.6
EDMON,75,37.9
EDRIC,75,6.6
ELDER,75,33.6
ELHABIB,75,35.4
EMILIO TOMAS,75,55.1
ENZO JAVIER,75,16.9
FELIPE ALFONSO,75,49.0
FIDEL JOSE,75,52.9
GABRIEL MARTIN,75,34.1
GIBRIL,75,28.8
GICA,75,53.5
GONZALO MATIAS,75,34.1
GUILLERMO ADRIAN,75,41.3
GUILLERMO VICENTE,75,46.3
HARPREET SINGH,75,33.0
ISAAC FRANCISCO,75,44.4
JAGJIT,75,39.5
JAIME SALVADOR,75,54.4
JATRI,75,34.3
JHON WILLIAM,75,35.1
JOAN MIGUEL,75,40.7
JOAO FILIPE,75,37.1
JOCHEN,75,53.7
JONATAN JOSE,75,33.9
JOSE PASTOR,75,57.2
JOSEPH ANTHONY,75,42.5
JULIO AGUSTIN,75,54.4
JULIO JORGE,75,54.8
JULIO OSCAR,75,52.3
JUNIOR ANTONIO,75,32.2
KASSEM,75,46.4
LINO JOSE,75,53.2
LOUKMAN,75,11.3
LUCAS RAFAEL,75,21.7
LUIS EFRAIN,75,45.5
MAHESH,75,47.6
MANUEL OCTAVIO,75,52.3
MAR,75,33.5
MARC ALEXANDER,75,22.2
MARIANO JUAN,75,58.2
MARTIN PABLO,75,45.9
MIGUEL ALVARO,75,52.8
MIGUEL MATEO,75,43.6
MIKITA,75,22.0
MOHAMED AYOUB,75,19.1
MOUHAMAD,75,12.8
MOUNIM,75,33.5
NESTOR GABRIEL,75,41.6
NOAH GABRIEL,75,7.9
NOUHA,75,32.2
ORLANDO DAVID,75,35.3
OSCAR JORGE,75,51.6
PABLO ELIAS,75,32.0
PATRIZIO,75,47.8
PEDRO BERNARDO,75,56.9
RAFAEL FELIX,75,57.8
RICARDO SEBASTIAN,75,33.2
ROBERTO SANTIAGO,75,49.4
ROBERTO TOMAS,75,48.8
RODOLFO JESUS,75,44.1
ROLANDO ANTONIO,75,44.6
ROLANDO JAVIER,75,42.3
ROMAN ANTONIO,75,51.0
ROSS,75,41.4
RUBEN MARIA,75,40.6
SADDAM,75,30.8
SAMUEL ANGEL,75,32.6
SAMUIL,75,23.9
SANTIAGO IVAN,75,33.5
SANTOS ANTONIO,75,57.6
SEBASTIAN IONUT,75,20.5
SERGEJ,75,47.7
STEPHEN CHARLES,75,63.3
SYED,75,35.9
WEIYI,75,33.5
WENBIN,75,39.5
WILBERT,75,41.1
WILSON JOSE,75,38.6
XINXIN,75,31.4
YARET,75,14.5
YEGOR,75,21.9
YOUNAS,75,27.4
ZAKARIAS,75,19.4
ZDRAVKO,75,48.7
ZIHENG,75,13.4
ABDELHABIB,74,43.7
ABDELKHALEQ,74,35.1
ABDENNAJI,74,41.0
ABDENNASSAR,74,40.9
ADAN JOSE,74,33.3
ADELMO,74,56.1
ADRIAN VALENTIN,74,30.1
ALBERTO RICARDO,74,53.7
ALEJANDRO MARCOS,74,40.8
ALEJANDRO OSCAR,74,48.7
ALEJANDRO VICTOR,74,43.4
ALVARO IVAN,74,37.1
ANGEL CRUZ,74,48.8
ANTONIO ALONSO,74,50.8
ARKADIUSZ,74,45.5
ARTURO DAVID,74,36.3
AZLAN,74,4.1
BENTEJUI,74,39.2
BILLEL,74,32.4
BOUGHALEB,74,56.7
BRUNO SEBASTIAN,74,22.9
BYRON ANDRES,74,27.8
CARLOS HECTOR,74,55.8
CATALIN CONSTANTIN,74,38.6
CESAR OSWALDO,74,46.8
CHRISTIAN JOEL,74,29.0
CLAUDIO FERNANDO,74,52.9
CONSTANTIN FLORIN,74,42.0
CRISTHIAN JESUS,74,24.7
DARIUS IONUT,74,13.2
DARWIN FERNANDO,74,37.9
DAVID MARIAN,74,11.6
DAVOR,74,33.8
DELFI,74,63.0
DIEGO JULIAN,74,40.4
DYLAN NICOLAS,74,9.1
EDUARDO ESTEBAN,74,48.1
EDUARDO MARCELO,74,50.2
EDUARDO ROBERTO,74,49.5
ELIE,74,39.0
ERNESTO RAMON,74,53.9
EZEQUIEL JOSE,74,35.2
FEDERICO IGNACIO,74,39.4
FELIX ALEXANDER,74,29.2
FELIX PABLO,74,55.7
FELIX TOMAS,74,54.4
FERMIN ANGEL,74,63.9
FRANCISCO AARON,74,26.1
FRANKLIN DAVID,74,31.6
FREDDY EDUARDO,74,41.7
GABRIEL GUSTAVO,74,43.8
HENRY PAUL,74,36.5
HILAL,74,27.9
HISHAM,74,35.2
ISAAC ANDRES,74,22.1
IULEN,74,30.7
JAIME RAUL,74,48.4
JESUS MAURICIO,74,39.7
JOAN TONI,74,16.8
JONATHAN FABRICIO,74,29.3
JONATTAN,74,36.5
JOSE CRISTO,74,47.6
JOSE ELEUTERIO,74,61.6
JOSUE FERNANDO,74,24.6
JOSUE ISRAEL,74,28.1
JULIAN GABRIEL,74,35.9
JULIO ADRIAN,74,34.0
JUSTO PASTOR,74,59.4
KHLIFA,74,48.6
KIERAN,74,32.8
LAAZIZ,74,51.6
LIBERATO,74,66.6
LOT,74,36.3
MALAM,74,39.4
MARTIN RAFAEL,74,40.9
MATHIAS JOSE,74,8.8
MICHAEL RICHARD,74,59.4
MIKA,74,14.6
MIKELDI,74,44.0
MILAD,74,31.9
MUHAMAD,74,27.6
NICOLAS ARIEL,74,32.8
NOOR,74,33.5
OSCAR ROLANDO,74,46.5
PABLO FELIX,74,50.9
PABLO JULIO,74,50.1
PIERO ALESSANDRO,74,16.1
RAFAEL MARIANO,74,57.9
RAMON JORGE,74,59.8
RAMON TOMAS,74,59.4
REY,74,35.8
RODRIGO GABRIEL,74,27.1
ROMEU,74,18.8
RUBEN GABRIEL,74,30.2
RUBEN IGNACIO,74,41.8
SAMUEL FERNANDO,74,28.0
SAUL DAVID,74,28.3
SAULIUS,74,50.0
SERGIO SANTIAGO,74,42.0
TEOLINDO,74,75.7
TOMAS EZEQUIEL,74,26.1
TSVETELIN,74,37.1
USAID,74,1.3
WILLIAM ALFREDO,74,43.8
XALO,74,13.4
YEFFERSON,74,32.6
YIBO,74,19.2
YUCHENG,74,22.5
ZAYN,74,4.2
AARON ANTONIO,73,21.5
ABASSE,73,39.8
ABDEL,73,38.0
ADAEL,73,10.8
ADAME,73,13.8
ADOLFO CARLOS,73,55.2
ADRIAN PAUL,73,39.6
AHMED BABA,73,43.6
AJMAL,73,40.8
ALBY,73,35.4
ALEJANDRO SAMUEL,73,26.7
ALEX PAUL,73,33.1
ALFREDO EDUARDO,73,50.5
ALIEN,73,38.1
ALVARO GONZALO,73,36.8
AMADOU OURY,73,31.3
ANDRES ALFREDO,73,41.9
ANDRES MARIANO,73,53.0
ANGEL ORLANDO,73,46.6
ANTONIO ISIDORO,73,57.0
ANTONIO RODRIGO,73,45.3
ANUK,73,9.7
ARMANDO DAVID,73,35.9
AYOZE JESUS,73,35.8
BENYOUSSEF,73,53.1
BOUKHIAR,73,55.1
BOUZID,73,42.0
BRUNO JESUS,73,35.4
CARLOS ABRAHAM,73,29.8
CARLOS LEONEL,73,29.0
CATALIN FLORIN,73,36.5
CESAR PABLO,73,47.7
CHRISTIAN FABIAN,73,35.7
DANIEL THOMAS,73,36.0
DANILO JOSE,73,34.5
DARIO ANDRES,73,33.7
DAVID ABRAHAM,73,33.1
DAVID ALONSO,73,34.0
DEREK JOHN,73,68.3
DIEGO ISRAEL,73,32.9
EDWARD ALEJANDRO,73,26.1
EFIGENIO,73,71.2
ELIMANE,73,40.0
ERICK ALBERTO,73,30.4
ERYK,73,17.0
FELIPE AGUSTIN,73,41.9
FELIX ROBERTO,73,59.1
FRANCISCO GUSTAVO,73,50.3
GAEL ALEXANDER,73,6.0
GREGORIO JUAN,73,59.8
HANS DIETER,73,74.2
HENG,73,32.0
HILARIO JESUS,73,52.8
HUGO MARTIN,73,34.6
IAN CARLOS,73,15.3
IGNACIO JULIAN,73,44.9
JAIME AUGUSTO,73,48.9
JAIME ORLANDO,73,48.5
JAIRO ALEJANDRO,73,31.1
JAMES CHRISTOPHER,73,46.6
JAN POL,73,14.1
JESUS FIDEL,73,59.0
JOAN SEBASTIA,73,41.5
JONATAN MANUEL,73,37.7
JONATHAN MICHAEL,73,39.0
JOSE BALTASAR,73,61.0
JOSE FERNEY,73,48.1
JOSE HENRIQUE,73,40.0
JOSE HONORIO,73,62.8
JOSEP DAVID,73,40.4
JOSUE ALBERTO,73,28.7
JUAN OMAR,73,38.6
JULIO GUILLERMO,73,54.3
KLEBER,73,43.0
KWASI,73,45.0
LAZARO ANTONIO,73,52.9
LEANDRO ANDRES,73,31.8
LIMBERT,73,41.2
LOAN,73,10.8
LUIS BENJAMIN,73,49.1
LUIS ISAAC,73,36.9
MADANI,73,46.2
MARCOS ROBERTO,73,45.9
MARIUS ALIN,73,36.2
MATEO ALESSANDRO,73,6.5
MAXIMILIA,73,28.4
MAXIMILIANO GABRIEL,73,30.9
MAYEL,73,5.3
MICHAEL JESUS,73,25.4
MIHAI FLORIN,73,36.8
MIKEL ANDONI,73,42.3
MOHAMED ANOUAR,73,30.0
MOHAMED RACHID,73,40.4
MUGUREL,73,46.3
MUHAMMAD AYAN,73,8.3
NOURREDDINE,73,45.1
OLIVER MANUEL,73,29.6
OSAYD,73,1.2
OSCAR SAMUEL,73,30.9
PABLO ANIBAL,73,47.3
PEDRO SIMON,73,45.3
QUAN,73,36.6
RAUL ESTEBAN,73,43.1
ROBERT FLORIN,73,25.8
RUBEN ADRIAN,73,31.7
SANTIAGO ELIAS,73,22.5
SIRIO,73,40.4
SUHAIB,73,10.0
TEOBALDO,73,60.8
THIAGO BENJAMIN,73,9.8
TIAGO JOSE,73,30.8
VASILE MARIAN,73,39.6
VASILI,73,41.9
VERISIMO,73,69.9
VICENTE FERRER,73,56.3
VICTOR ARTURO,73,41.5
VIKAS,73,34.9
VIRGILIO JOSE,73,55.6
WALTER FERNANDO,73,44.4
WILLIAM RICARDO,73,38.6
WILLIAM ROBERT,73,58.4
WILMAR ANDRES,73,34.3
XIAOBIN,73,42.2
XOSE MANOEL,73,55.8
YIHAN,73,12.6
ZACK,73,11.6
ZHAN,73,33.4
ABDELDJALIL,72,30.1
ABDERRAMAN,72,48.7
ABDESSADIK,72,44.0
ABDESSALEM,72,43.4
ABEL MANUEL,72,43.2
ADELIN,72,34.9
ADOLFO JUAN,72,55.1
AGUSTIN EDUARDO,72,42.7
AHMEDOU,72,36.3
AITOR ALEJANDRO,72,24.0
AKIM,72,21.7
ALEU,72,14.9
ALEX IVAN,72,29.8
ANDRES PABLO,72,50.8
ANGEL AURELIO,72,56.2
ANGEL RENE,72,44.9
ANGELO GABRIEL,72,21.1
ANIEL,72,24.1
ANTONIO LEONARDO,72,51.9
ANTONIO MARCELINO,72,58.3
ARIEL EDUARDO,72,41.0
BENJAMIN IGNACIO,72,21.3
BOUTAHAR,72,51.6
CESAR AGUSTIN,72,41.8
COLIN JOHN,72,68.3
CRISTIAN STEFAN,72,25.1
DABY,72,30.6
DANIEL DOMINGO,72,48.3
DANIEL MATIAS,72,23.2
DARIO ALBERTO,72,38.1
DARIUS ALEXANDRU,72,14.4
DARWIN ANDRES,72,31.2
DAVID BENJAMIN,72,40.2
DAVID MATEO,72,22.1
DOMINGO RAFAEL,72,56.7
EDGAR FRANCISCO,72,41.1
EDGAR HUMBERTO,72,51.6
EDGAR LUIS,72,38.1
EDUR,72,17.7
ENZO ALEJANDRO,72,15.2
ERIBERTO,72,50.8
ERNESTO CARLOS,72,52.2
ERNST,72,70.6
EVARIST,72,59.5
EVERTON,72,35.9
FABIAN MARCELO,72,46.7
FABIO ENRIQUE,72,39.3
FACUNDO AGUSTIN,72,26.6
FARRUKH,72,36.5
FLORENCIO JESUS,72,60.2
FRANCESC BORJA,72,43.7
FRANCISCO CAYETANO,72,40.0
FRANCISCO ISIDORO,72,57.6
FRANCISCO ROGELIO,72,58.2
GASPAR JOSE,72,55.3
GASPAR MANUEL,72,50.8
GERMAN CARLOS,72,54.1
GREGORY JOSE,72,36.3
GUSTAVO ERNESTO,72,48.4
HAOYANG,72,13.0
HECTOR ANGEL,72,47.7
HECTOR OMAR,72,48.5
HORACIO JOSE,72,48.5
IKER GABRIEL,72,11.3
ILDEFONSO JESUS,72,49.9
ILIASSE,72,25.8
IOAN GABRIEL,72,38.5
IPAR,72,11.5
ISIDRO LUIS,72,55.3
IVAN PATRICIO,72,46.2
IZHAR,72,23.9
JAVIER ADOLFO,72,47.5
JAVIER EUGENIO,72,51.9
JAVIER MARIANO,72,48.7
JAVIER RODRIGO,72,38.4
JESUS FLORENCIO,72,58.2
JOAQUIN JORGE,72,57.2
JOERG,72,57.9
JONNY ALEXANDER,72,34.6
JOSE ADAY,72,29.4
JOSE BELARMINO,72,63.0
JOSE CONRADO,72,60.8
JOSE LEONIDAS,72,51.9
JOSE MILTON,72,44.3
JOSE SILVERIO,72,60.0
JUAN NORBERTO,72,56.6
JUAN SILVESTRE,72,54.8
KAIRO,72,6.3
KAKHABER,72,47.5
LAITH,72,11.9
LEOPOLD,72,45.7
LIAM SEBASTIAN,72,5.5
LUCIANO JAVIER,72,42.0
LUCIANO NICOLAS,72,29.9
LUIS ISRAEL,72,40.8
LUIS JERONIMO,72,48.9
MARCELINO MANUEL,72,62.0
MARCOS EZEQUIEL,72,28.9
MARIANO RAMON,72,60.7
MARIO EMILIO,72,49.6
MAURICIO DAVID,72,30.2
MD ABDUL,72,38.3
METODI,72,48.3
MIGUEL REYES,72,51.9
MIRZA,72,43.5
MOHAMED YASSER,72,14.7
MOHAMED YOUSSEF,72,20.5
NEREO,72,45.3
NICOLAS FELIPE,72,34.6
ONDREJ,72,35.8
PEDRO ISRAEL,72,42.4
RAFAEL CARMELO,72,56.1
RAFAEL VICTOR,72,52.8
RAHMAN,72,31.3
RAMIRO JESUS,72,55.3
RAMON ARTURO,72,54.5
RANJEET,72,36.8
RAUL CRISTIAN,72,23.3
RODRIGO ARIEL,72,35.6
RONALD ENRIQUE,72,40.2
ROSHAN,72,31.9
SANJEEV,72,40.9
SANNA,72,33.3
SASA,72,50.0
SERGIO MAURICIO,72,41.4
SIEGFRIED,72,64.8
TAIBI,72,46.5
TAMSIR,72,34.1
VALENTIN ANTONIO,72,53.6
VIEUX,72,36.0
XUNE,72,8.6
YONGWEI,72,45.3
YOUSSAF,72,30.1
ZINEDINE,72,15.1
ZOHAN,72,3.1
ABDUL AHAD,71,13.3
ALFONSO PEDRO,71,57.0
ALMIR,71,32.5
AMADEO JOSE,71,53.7
ANCIZAR,71,55.4
ANDREI IULIAN,71,26.7
ANGEL ARIEL,71,27.8
ANGEL BOLIVAR,71,52.6
ANTONIO EUSEBIO,71,60.5
ANTONIO EZEQUIEL,71,41.7
ARPAD,71,49.4
ARTURO ANDRES,71,36.8
AYTAMI,71,25.4
BASIRU,71,29.7
BAYE,71,33.1
BOLIVAR,71,57.4
BRYAN ALBERTO,71,26.0
CARLOS ALEXANDRE,71,40.0
CATALIN MARIAN,71,36.3
CHIHAB,71,20.8
CHRISTIAN LUIS,71,35.0
CHRISTIAN MARCELO,71,40.1
CLAUDIO FRANCISCO,71,50.6
CLAUDIU FLORIN,71,36.3
CONSTANTIN GABRIEL,71,37.1
DANIEL EUGENIO,71,44.7
DANIEL GERARDO,71,44.1
DARIO XAVIER,71,34.2
DAVID GONZALO,71,38.4
DIAGO,71,12.7
DIOSNEL,71,39.3
EDGARDO JOSE,71,41.7
EDUARDO CESAR,71,51.7
EDWARD JAMES,71,47.5
ELIOTT,71,12.3
ESSADIK,71,43.1
EUGENIO ANGEL,71,61.1
EUGENIO CARLOS,71,60.3
EUKENI,71,40.3
EZEQUIEL MATIAS,71,33.9
FAUSTO ANTONIO,71,49.8
FELIPE FERNANDO,71,55.2
FERNANDO MARIO,71,48.9
FRANCO ANDRES,71,30.1
FULGENCIO JOSE,71,52.7
GABRIEL AUGUSTO,71,35.9
GABRIEL HERNAN,71,37.8
GAMALIEL,71,33.4
GEORGE GABRIEL,71,32.4
GONZALO CARLOS,71,48.2
GRAZIANO,71,50.5
GUILLERMO TOMAS,71,43.0
HAKOB,71,41.1
HARI,71,33.6
HENRY MANUEL,71,39.2
IGNACIO SALVADOR,71,48.0
ISAAC ALBERTO,71,35.2
IVAN ALFREDO,71,39.0
IVAN RAMON,71,42.5
JAIME ALFREDO,71,48.4
JAIME JOAQUIN,71,49.7
JAVIER ELIAS,71,35.1
JAVIER RAUL,71,46.0
JOAO BATISTA,71,45.9
JOAQUIN SEBASTIAN,71,35.1
JONATHAN ARIEL,71,26.4
JONATHAN ISRAEL,71,29.9
JOSE BALBINO,71,59.8
JOSE JAIR,71,48.0
JOSE OLEGARIO,71,61.9
JOSE REMIGIO,71,56.2
JOSE SILVESTRE,71,58.9
JOSEP PERE,71,55.0
JOXE,71,57.4
JUAN AITOR,71,44.2
JULIAN PABLO,71,54.5
JUNYU,71,19.0
KARAMBA,71,36.9
KELVIN JOSE,71,31.9
LEONEL JOSE,71,37.6
LEOPOLDO MANUEL,71,57.2
LIVIO,71,48.0
LUCAS FABIAN,71,18.8
LUCILO,71,70.1
LUIS ELADIO,71,53.9
LUIS XAVIER,71,37.4
MANDIAYE,71,42.8
MANUEL ISMAEL,71,49.3
MARC JOSEP,71,31.8
MATEO MIGUEL,71,23.4
MATHIAS NICOLAS,71,20.8
MAURICIO SEBASTIAN,71,31.8
MIGUEL MARCOS,71,50.7
MIGUEL RAUL,71,47.6
MIGUEL ROBERTO,71,50.8
MODESTO JESUS,71,53.7
NELSON DARIO,71,42.4
NICOLAS ALFREDO,71,40.6
NICOLAS ANDREI,71,8.1
NOUMAN,71,28.4
OSCAR DOMINGO,71,48.0
OUADIA,71,32.6
PAATA,71,47.4
PABLO LORENZO,71,42.7
PATRICI,71,47.4
PATRICIO FERNANDO,71,45.3
PATXI JOSEBA,71,57.7
PAUL ALEXANDRU,71,27.9
PETER CHARLES,71,68.9
RAMIN,71,43.5
RAMON GABRIEL,71,48.5
RICARDO ALONSO,71,37.8
ROBERTO ALFONSO,71,52.7
RODOLFO ANDRES,71,39.1
RODRIGO RAFAEL,71,28.1
ROGELIO JESUS,71,55.1
SAIF EDDIN,71,9.2
SANTIAGO JORGE,71,49.4
SANTIAGO JULIAN,71,46.6
SANTIAGO RAUL,71,40.1
SERVILIANO,71,75.5
SHAN,71,34.0
SHUAI,71,29.5
SIMON ALEJANDRO,71,27.4
THIAGO EZEQUIEL,71,9.6
THOMAS ALEXANDER,71,28.8
UDAY,71,13.1
VAKHTANG,71,44.7
VASILE VALENTIN,71,41.7
VICTOR GONZALO,71,48.0
VIKRAM,71,35.6
VINOD,71,44.6
WILMER ALEJANDRO,71,30.5
YAHDIH,71,39.9
YIFENG,71,32.0
YIHANG,71,12.4
YINUO,71,9.9
YIYANG,71,12.3
YUNUS,71,20.3
ZINE EDDINE,71,29.3
ZIYI,71,11.8
ZURABI,71,41.3
ABDERRAZEK,70,38.9
ABELARDO JOSE,70,47.8
ADRIAN IGNACIO,70,28.7
ALEJANDRO ALFREDO,70,44.0
ALEK,70,12.5
ALEKSI,70,37.1
ALEX FABRICIO,70,28.3
ALEXANDRU BOGDAN,70,32.0
ALEXIS ENRIQUE,70,39.8
ALFIO,70,52.3
ALFONSO ALBERTO,70,54.2
ALLE,70,41.3
ALONSO MIGUEL,70,36.3
ALVARO ALBERTO,70,43.3
AMADOR JOSE,70,56.0
ANANIAS,70,60.9
ANDERSSON,70,29.9
ANDRO,70,31.9
ANGEL VINICIO,70,44.3
ARGENTINO,70,70.7
ARIEL SEBASTIAN,70,32.6
ARTAU,70,9.5
ARTURO FERNANDO,70,52.3
AUGUSTO ANTONIO,70,53.1
BARTOLOME JUAN,70,57.4
BENJAMIN ANDRES,70,24.7
BERTRAN,70,25.8
BOGDAN CONSTANTIN,70,35.3
BOGDAN MIHAI,70,35.4
BRAYAN ANTONIO,70,24.3
CAN,70,30.5
CHEIKH IBRAHIMA,70,17.2
CLAUDIU IONUT,70,31.3
CRISTHIAN ALBERTO,70,33.9
CRISTIAN EZEQUIEL,70,31.4
CRISTIAN SAMUEL,70,23.5
DANIEL FABIAN,70,39.2
DAVID GERARDO,70,37.0
DAVID JUNIOR,70,19.4
DIEGO JORGE,70,44.3
DUVAN FELIPE,70,25.7
EDWIN JOSUE,70,26.1
ELIAS ALEJANDRO,70,25.4
ELIAS FRANCISCO,70,45.7
ENRIQUE SEBASTIAN,70,37.7
ENZO NICOLAS,70,14.8
FABIO ALEXANDER,70,32.4
FATH ALLAH,70,29.1
FRANCISCO LUCAS,70,49.3
FRIEDRICH,70,65.4
GABRIEL ALONSO,70,20.1
GURJEET,70,33.3
HAIBIN,70,47.8
HAROLD DAVID,70,30.9
HIRAM,70,37.3
IAGOBA,70,39.9
IANCU,70,46.7
IRAULTZA,70,25.9
ISAAC MIGUEL,70,41.1
ISUSKO,70,43.8
IVAN JORGE,70,44.7
IZAN JOSE,70,11.3
IÑAQUI,70,39.2
JAUME JOSEP,70,49.2
JAVIER VALENTIN,70,43.2
JOHN JAIME,70,46.3
JORDI MIQUEL,70,46.1
JOSE ADRIANO,70,48.7
JUAN FAUSTINO,70,60.7
JUAN MAXIMO,70,55.9
JUAN OCTAVIO,70,56.1
JUSTO MIGUEL,70,54.3
KAYDEN,70,5.4
KULWANT,70,47.8
LUCAS IVAN,70,23.1
LUIS CAMILO,70,42.4
LUIS JOEL,70,27.9
MANUEL ISIDORO,70,57.0
MARCOS IGNACIO,70,38.0
MARIAN GABRIEL,70,32.1
MARIANO AGUSTIN,70,42.3
MARIO ALEXANDRU,70,14.3
MARIO IGNACIO,70,44.7
MARIUS MARIAN,70,39.3
MARTIN ADRIAN,70,34.6
MARTIN ESTEBAN,70,34.2
MARTIN RAMON,70,45.2
MIGUEL CARMELO,70,61.2
MIGUEL PASCUAL,70,60.1
MOHAMED JAD,70,5.0
MOHAMEDOU,70,35.5
MUHAMMAD ABDUL,70,17.0
MUHAMMAD HASHIM,70,8.6
MUHAMMAD HUZAIFA,70,9.8
NARAYAN,70,28.5
NESTOR HUGO,70,53.6
NEYEN,70,13.0
NUNO ALEXANDRE,70,42.4
OMAR DANIEL,70,35.7
OSCAR ADOLFO,70,47.0
OUKACHA,70,43.4
PABLO GONZALO,70,42.5
PATRICIO ANTONIO,70,51.5
PAULIUS,70,35.2
PEDRO ISIDRO,70,56.3
RABEH,70,40.9
RAMANDEEP,70,31.0
RAMON FELIPE,70,56.3
ROBERTO IVAN,70,45.4
RONAN,70,32.7
SANTIAGO JOSUE,70,15.1
SEBASTIAN RODRIGO,70,33.3
SERGIO OSCAR,70,53.1
SIXTO MANUEL,70,55.2
STUART JAMES,70,54.5
SUMON,70,35.1
TERENCIO,70,67.6
UMARU,70,20.1
VALDEMAR,70,48.1
VEREMUNDO,70,71.4
VICENTE DAMIAN,70,53.0
VICTOR ESTEBAN,70,43.4
VITAL,70,53.2
XINJIE,70,26.3
XOSE CARLOS,70,56.5
YABIR,70,8.7
ZOHEIR,70,39.9
ABRAHAM JOSUE,69,21.5
AHAD,69,12.8
ALDO JAVIER,69,39.7
ALEKSEJS,69,42.2
ALEXIS ALEJANDRO,69,32.7
ALEXSANDRO,69,36.5
ALFONSO SANTIAGO,69,55.5
ALIN MARIAN,69,33.5
ANDREI DAVID,69,13.3
ANDRES AUGUSTO,69,40.9
ANDRES DOMINGO,69,57.6
ANDRES GUSTAVO,69,42.5
ANGEL ELIAS,69,44.2
ANGEL MARCELO,69,45.9
ANTONI MIQUEL,69,38.4
ANTONIO JERONIMO,69,53.8
ARIEL ALBERTO,69,47.9
ARNO,69,37.9
ASHLEY,69,31.0
BALDEV,69,51.3
BAMBO,69,35.3
BENABDELLAH,69,46.5
BRYAN JOEL,69,25.2
BYRON JAVIER,69,34.7
CARLOS ALVARO,69,45.2
CARLOS EFREN,69,46.1
CARLOS GILBERTO,69,47.6
CARLOS OCTAVIO,69,48.4
CARLOS SEGUNDO,69,53.0
CARLOS VINICIO,69,46.0
CESAR ERNESTO,69,42.7
CESAR OMAR,69,38.0
CHEMS EDDINE,69,30.4
CHRISTIAN IVAN,69,32.3
DACHI,69,13.4
DANIEL MARCELO,69,46.1
DAVID GREGORIO,69,42.1
DENIS ALEXANDER,69,26.9
DENNY,69,30.5
DIEGO JOSUE,69,22.0
DIEGO PEDRO,69,50.9
DIMA,69,22.7
DIYAN,69,36.7
DYLAN ANTONIO,69,9.3
EDISON EDUARDO,69,41.4
EDUARDO AUGUSTO,69,46.3
EDUARDO RUBEN,69,52.0
EDWIN ORLANDO,69,39.9
EJAZ,69,48.0
ELOY MIGUEL,69,52.2
EMILIO SANTIAGO,69,54.3
ENMANUEL JOSE,69,26.2
ENRIQUE ARTURO,69,50.2
ERMENGOL,69,38.6
ESTEBAN ALBERTO,69,43.6
EVANDRO,69,43.1
EXEQUIEL,69,36.2
FELIPE DANIEL,69,39.3
FERMIN MANUEL,69,53.6
FERNANDO MARCOS,69,53.1
FERNANDO VICTOR,69,54.8
FRANCISCO AUGUSTO,69,50.0
FRANCISCO OMAR,69,37.3
FRANCO SEBASTIAN,69,28.8
FRANK DAVID,69,27.4
GIANPAOLO,69,41.5
GIOVANNI JESUS,69,31.2
GONZALO ANGEL,69,51.3
GUILLERMO RAUL,69,47.0
HENRY FERNANDO,69,40.2
HERNAN GABRIEL,69,39.4
HONGWEI,69,41.6
HUBERTO,69,48.4
IAN JOHN,69,62.9
IKER ANTONIO,69,13.8
ISIDRO FRANCISCO,69,57.3
JAIME AGUSTIN,69,49.3
JAIME TOMAS,69,47.9
JERONIMO ANTONIO,69,56.9
JONATHAN PATRICIO,69,31.3
JONI,69,29.8
JONY,69,28.3
JOSE ADALBERTO,69,47.9
JOSE BONIFACIO,69,60.1
JOSE HERNANDO,69,51.3
JUAN FACUNDO,69,41.3
JUAN PINO,69,64.9
JULIO EMILIO,69,54.9
LANCINE,69,34.3
LHOUCEINE,69,43.8
LUIS ABRAHAM,69,35.0
LUIS FLORENCIO,69,58.3
LUIS HENRY,69,41.3
MANUEL CANDIDO,69,63.5
MANUEL CAYETANO,69,50.0
MANUEL ORLANDO,69,53.3
MARIAN ADRIAN,69,35.1
MATIAS HERNAN,69,35.5
MAURO EZEQUIEL,69,34.4
MEHMOOD,69,42.3
MIHAI BOGDAN,69,36.8
MIKEL MIRENA,69,58.9
MIQUEL JOAN,69,40.4
MOUHAMED LAMINE,69,21.2
NATAEL,69,15.5
NATHAEL,69,12.6
NAUMAN,69,31.4
NICEFORO,69,75.7
NICOLAE ALEXANDRU,69,30.7
NOEL JESUS,69,35.7
PABLO DIEGO,69,39.9
PABLO ISMAEL,69,32.9
PALWINDER,69,40.4
PARVEZ,69,46.2
PASCUAL JAVIER,69,52.6
PASCUAL MIGUEL,69,59.9
PEDRO CRISTOBAL,69,52.1
PEDRO FABIAN,69,37.7
PEDRO REGALADO,69,66.4
PETRUS,69,53.7
RAFAEL GUSTAVO,69,46.4
RAMON DOMINGO,69,63.7
RAMON EUGENIO,69,61.9
ROBERT STEFAN,69,21.1
RUBEN ALFREDO,69,47.7
SAMUEL IGNACIO,69,23.7
SAVA,69,40.9
SOULEYMAN,69,22.8
SUKHWINDER SINGH,69,37.6
TEODORO JESUS,69,56.7
THIAM,69,37.7
VALENTIN MANUEL,69,53.4
VASILEIOS,69,41.7
VICTOR ORLANDO,69,47.6
WALTER MANUEL,69,45.8
XUEFENG,69,45.9
YAKHYA,69,37.3
YEISON ALEXANDER,69,30.7
YIJIE,69,27.0
YONGSHENG,69,49.0
AALI,68,42.9
AARON ISAAC,68,15.0
AARON JAVIER,68,20.5
ABDELMAOULA,68,34.7
ABRAHAM MANUEL,68,32.2
ADRIAN VICENTE,68,34.0
AGUEDO,68,66.0
ALEJANDRO FELIX,68,45.2
ALEJANDRO RODRIGO,68,33.6
ALEXANDER ALBERTO,68,37.3
ALEXANDER MIGUEL,68,29.2
ALEXANDRU GEORGE,68,26.7
ALEXIS MIGUEL,68,34.9
ALFONSO PABLO,68,53.7
ALVARO ADRIAN,68,27.5
ALVARO JORGE,68,40.8
ANGEL GAEL,68,4.8
ANGEL ISMAEL,68,31.0
ANTONIO BARTOLOME,68,55.5
ANTONIO CRISTIAN,68,28.1
ANTONIO MODESTO,68,60.5
ARIEL GUSTAVO,68,47.1
ARIEL HERNAN,68,42.7
ARÇ,68,8.1
ASHISH,68,32.4
AYTHAMI JESUS,68,31.3
AYYUB,68,15.3
BACAR,68,37.5
BENJAMIN DAVID,68,27.8
BENJAMIN JOHN,68,37.2
BORJA LUIS,68,34.0
BRUNO GABRIEL,68,24.4
BRYAN ENRIQUE,68,26.3
CESAR NICOLAS,68,34.3
CRISTIA,68,40.8
CRISTIAN CONSTANTIN,68,37.4
DAVID JOSEPH,68,47.8
DIEGO FEDERICO,68,40.1
DIEGO GUILLERMO,68,36.3
DIEGO SAMUEL,68,22.9
DYLAN ALEXIS,68,10.9
EDGAR AUGUSTO,68,47.5
EDUARDO IVAN,68,46.6
ENRIQUE MARTIN,68,50.4
ENZO MANUEL,68,10.1
EXIQUIO,68,70.6
FABIAN ESTEBAN,68,35.5
FARAZ,68,28.9
FELIPE DAVID,68,35.4
FELIX RICARDO,68,50.2
FERNANDO XAVIER,68,37.8
FREDDY DAVID,68,34.5
GABRIEL LEONARDO,68,36.8
GEORGE CATALIN,68,36.9
GILBERTO JESUS,68,53.0
GORGUI,68,40.6
GREGORIO RAMON,68,59.7
GUSTAVO CARLOS,68,51.1
HECTOR ANIBAL,68,48.4
HUZAIFA,68,10.5
ISIDORO JESUS,68,54.8
ISRAEL ALEJANDRO,68,33.3
JAUME ANTONI,68,45.6
JAVIER GREGORIO,68,46.3
JEREMY JOSE,68,18.7
JHON ALEXIS,68,30.4
JOAN FRANCISCO,68,46.3
JOAN MARTI,68,35.7
JOAO MARIA,68,38.6
JOAQUIN ALONSO,68,25.2
JOSE BOLIVAR,68,53.9
JOSE EDGARDO,68,46.2
JOSE NEMESIO,68,61.5
JOSE PRUDENCIO,68,60.0
JOSE TRINIDAD,68,56.8
JUAN CAYETANO,68,45.6
JUAN ILDEFONSO,68,53.3
JUAN STEVAN,68,15.9
JULIO FELIX,68,62.7
JUNIOR DAVID,68,21.8
KEVIN FABIAN,68,23.8
KILYAN,68,11.0
LEONARDO EZEQUIEL,68,33.5
LIMAM,68,24.3
LOUNES,68,46.4
LUCAS ENRIQUE,68,20.1
LUIS EUSEBIO,68,57.4
MAMUN,68,36.6
MANUEL BLAS,68,59.5
MANUEL CELESTINO,68,63.7
MANUEL VENTURA,68,53.5
MARC ANDREU,68,27.3
MARCELINO JESUS,68,61.9
MARCOS PAULO,68,34.9
MARCOS VINICIO,68,45.3
MARIAN CATALIN,68,36.2
MARIANO DANIEL,68,43.3
MARIO HERNAN,68,51.4
MARK RICHARD,68,55.1
MICHAEL JAVIER,68,24.4
MOHAMED YAHYA,68,24.1
OLIVER DANIEL,68,20.3
OMAR FRANCISCO,68,38.6
PABLO LEONARDO,68,40.5
PABLO SERGIO,68,43.7
PEDRO GERARDO,68,56.5
RARES,68,28.3
RAYCO MANUEL,68,37.7
REINALDO JESUS,68,47.3
RENE ALEXANDER,68,37.4
RICARDO ADRIAN,68,35.9
RUBEL,68,38.6
SALIFU,68,31.7
SAMUEL SANTIAGO,68,19.6
SANTIAGO BENJAMIN,68,21.7
SANTIAGO DOMINGO,68,56.6
SANTOSH,68,36.2
SEBASTIAN ALFONSO,68,29.6
SEBASTIAN DARIO,68,35.5
SEGUNDO JUAN,68,57.9
SET,68,29.9
STEVEN DANIEL,68,23.5
SYLVESTER,68,42.8
TING,68,36.8
TITI,68,53.8
VALENTIN JAVIER,68,54.1
VICTOR CESAR,68,49.0
VICTOR FELIX,68,49.5
WIESLAW,68,60.2
WILMER JAVIER,68,39.3
XIAOHUA,68,48.9
XINLEI,68,24.2
YERSON,68,32.4
YEVHENIY,68,45.6
YOSVANI,68,41.4
ABDELBARI,67,27.8
ABDELMOGHIT,67,31.4
ABDUL KARIM,67,41.3
ABDULRAHMAN,67,27.9
ADAM JAMES,67,37.6
ADONAIS,67,25.6
AGUSTIN PABLO,67,47.6
AIRAM JESUS,67,27.2
ALBERTO EUGENIO,67,52.0
ALEH,67,45.0
ALEJANDRO VALENTIN,67,28.6
ALEX PATRICIO,67,37.3
ALEXANDRU NICOLAS,67,11.4
ALHASSAN,67,32.3
ALIN FLORIN,67,34.2
ALMAMY,67,39.4
ALVARO PEDRO,67,43.2
ANGEL FEDERICO,67,51.0
ANIELLO,67,47.8
ARTURS,67,28.5
AVTANDIL,67,46.6
AYHAM,67,10.7
BARTOLOME JOSE,67,59.9
BLADIMIRO,67,61.8
BRAULIO ANTONIO,67,48.4
BRIAN JAVIER,67,25.2
CARLOS NORBERTO,67,52.6
CARMELO JUAN,67,60.5
CELESTINO MANUEL,67,64.1
CESAR JULIAN,67,45.9
CHRISTIAN ARIEL,67,36.1
CHRISTIAN FRANCISCO,67,34.1
CHRISTIAN MARTIN,67,41.4
CHRISTOPHER JOSE,67,24.7
CHRISTOPHER MARK,67,52.5
CLAUDIO LUIS,67,53.5
CLAUDIU MARIAN,67,34.1
CRISTIAN EMANUEL,67,28.5
CRISTIAN PATRICIO,67,38.0
DANIEL HUGO,67,50.6
DANILO ANDRES,67,33.4
DAVID ALEXANDRE,67,34.6
DAVID BRIAN,67,56.7
DEMETRIO JOSE,67,56.9
DENIS ADRIAN,67,16.6
DERLIS,67,33.2
DJIME,67,34.6
EDISSON,67,41.0
EDWIN FRANCISCO,67,37.4
ERICK ADRIAN,67,20.0
ERLAITZ,67,24.2
ESTANISLAU,67,46.8
ESTEBAN CARLOS,67,58.7
EVANGELOS,67,45.1
FABIAN LEONARDO,67,33.7
FERNANDO GERMAN,67,47.8
FRANCISCO JOSUE,67,31.3
FRANCISCO OLIVER,67,44.4
FRANCISCO RODRIGO,67,42.7
FREDY ALEJANDRO,67,33.8
GEORGE MICHAEL,67,38.5
GIAN PIERO,67,34.0
GUGLIELMO,67,49.2
GUILLERMO JOAQUIN,67,41.6
GUSTAU,67,48.9
GUSTAVO ALEXANDER,67,30.4
GUSTAVO HERNAN,67,46.5
HAIZE,67,12.4
HAMET,67,38.3
HECTOR GUILLERMO,67,47.9
HECTOR LEONARDO,67,40.6
HUDAIFA,67,15.5
IBRAIM,67,26.9
IEVGENII,67,41.8
ISAAC ALEXANDER,67,13.3
IVAN EZEQUIEL,67,27.9
JEFFERSON DANIEL,67,25.3
JIANXIONG,67,53.6
JOAQUIN RICARDO,67,54.7
JOHN MANUEL,67,37.6
JOHNNY ALBERTO,67,44.8
JON GURUTZ,67,51.1
JORDI DAVID,67,32.2
JORGE ALVARO,67,44.1
JOSE ANICETO,67,63.5
JOSE INOCENCIO,67,62.8
JOSE JONAY,67,37.9
JOSE SATURNINO,67,63.0
JOSEP JOAQUIM,67,55.6
JUAN JOSUE,67,29.7
JURDAN,67,25.7
KAUAN,67,15.9
KEMAL,67,41.2
LEONARDO NICOLAS,67,26.3
LIAM ALESSANDRO,67,5.0
LIFENG,67,44.4
LIU,67,37.2
MAMADOU DIAN,67,36.1
MARCK,67,20.7
MARCOS ALFREDO,67,42.1
MATVIY,67,7.8
MICHAEL FRANCIS,67,62.5
MIGUEL LEONARDO,67,40.4
MOHAMED SALIM,67,19.4
MOISES ABRAHAM,67,27.2
MUHAMMAD ANAS,67,11.4
NICOLAS GUILLERMO,67,33.0
NICOLAS MATEO,67,19.8
NIMA,67,30.4
ONUR,67,27.5
OSCAR MARCELO,67,44.4
PEDRO JACINTO,67,58.1
PETER JOSEPH,67,62.5
PRZEMYSLAW,67,43.0
RAJ KUMAR,67,43.3
RAMON ESTEBAN,67,55.7
RAUL IVAN,67,43.8
RICARDO ARIEL,67,43.4
RICARDO PABLO,67,55.5
ROBERTO FABIAN,67,44.5
ROBERTO RAUL,67,45.5
ROGER JOSE,67,36.3
ROQUE JESUS,67,51.1
RUBEN SANTIAGO,67,36.1
SAEID,67,50.9
SANTIAGO SEBASTIAN,67,36.3
SEGUNDO CARLOS,67,52.9
SEIF EDDINE,67,19.5
SERGIO DOMINGO,67,47.9
SIMON PETER,67,51.3
SMAIN,67,50.4
STEPHEN ANTHONY,67,58.8
THIAGO FERNANDO,67,8.8
VALENTIN IONUT,67,32.1
VASILE ALEXANDRU,67,32.9
VASILE IOAN,67,46.5
VICTOR ADOLFO,67,46.5
VORO,67,14.7
WILIAN,67,39.8
WILSON FABIAN,67,42.8
XOAN MANUEL,67,50.3
ABDUL AZIZ,66,35.0
ADASAT,66,31.4
ADOLFO LEON,66,51.2
AHMED ALI,66,18.5
ALAN JOSUE,66,19.8
ALEJANDRO DIEGO,66,42.2
ALEJANDRO GUSTAVO,66,50.4
ALESANDRO,66,25.7
ALEX NICOLAS,66,13.0
ALEXANDER PAUL,66,32.0
ANDREI NICOLAS,66,11.1
ANDRES JORGE,66,49.3
ANDRES RAUL,66,42.1
ANNAS,66,18.4
ARMANDO ANDRES,66,39.2
ARTURO RAMON,66,54.2
AVRAM,66,34.9
BRIAN WILLIAM,66,71.6
CANDIDO JAVIER,66,50.1
CESAR JOAQUIN,66,50.7
CHRISTIAN NICOLAS,66,31.0
CHRISTOPHER ROBERT,66,51.9
CLAUDIO MARTIN,66,47.5
CRISTI,66,36.5
DANIEL AARON,66,24.4
DARIUS STEFAN,66,11.7
DARWIN JOSUE,66,27.8
DAUDA,66,24.6
DAVID EMMANUEL,66,25.7
DECLAN,66,31.1
DENIS CRISTIAN,66,17.9
DIAN,66,29.8
DIANGO,66,39.4
DIEGO GASTON,66,41.7
EDWIN ALEXIS,66,32.7
EL MOUKHTAR,66,52.3
ELMOSTAFA,66,40.2
ENRIQUE JAIME,66,57.5
ENRIQUE JULIO,66,55.8
ERICK MAURICIO,66,26.2
ESMAIL,66,27.4
ESSAM,66,23.8
FACUNDO MANUEL,66,32.3
FERNANDO DARIO,66,44.0
FERNANDO LORENZO,66,53.7
FRANK JOSE,66,41.2
FREDDY JESUS,66,40.4
FREDDY MANUEL,66,40.1
GEORGE WILLIAM,66,48.2
GIGA,66,30.7
GINES MIGUEL,66,49.7
HEINRICH,66,64.6
HERNAN ANTONIO,66,47.2
HMIDOU,66,54.5
IONUT MADALIN,66,30.3
ISIDOR,66,58.8
ISRAR,66,32.5
JABRAN,66,30.9
JAMAA,66,49.0
JANITZ,66,13.7
JAVIER MARCELO,66,46.8
JESUS EMILIANO,66,51.5
JESUS MARCELINO,66,59.7
JIANGUANG,66,53.1
JOHN DANIEL,66,34.9
JOHN PHILIP,66,56.7
JORDAN DAVID,66,22.6
JORDI DANIEL,66,24.9
JORGE OCTAVIO,66,49.7
JOSE ALCIDES,66,48.8
JOSE CESAREO,66,63.6
JOSE MERCEDES,66,58.8
JOSE NICANOR,66,60.6
JOSEBA GOTZON,66,55.9
JOSEP JORDI,66,53.5
JULIAN RICARDO,66,44.3
JUNIOR JAVIER,66,26.6
KAMALJIT,66,40.3
LAHOUSSINE,66,55.8
LAKHVIR,66,39.6
LUDWIG,66,51.3
LUIS ADRIANO,66,31.4
MAMOUTOU,66,33.9
MARCELO LUIS,66,53.0
MARCO ENRIQUE,66,39.7
MARIAN FLORIN,66,34.8
MARIO ALEXIS,66,41.7
MARIO ORLANDO,66,52.4
MARTIN ALFONSO,66,40.0
MARTIN FEDERICO,66,40.5
MARTIN JUAN,66,52.6
MATEO AGUSTIN,66,19.4
MATEO ANDREI,66,5.2
MAURO NICOLAS,66,31.7
MEDIN,66,56.8
MIGUEL HUMBERTO,66,40.8
MIHAI VALENTIN,66,30.9
MOHAN,66,47.1
MOULAYE,66,33.2
MUHAMMAD FAIZAN,66,16.3
NATANIEL,66,29.4
NERIJUS,66,44.6
NESTOR ADRIAN,66,42.7
NICOLAS ALEXANDRU,66,9.9
NICOLAS ALFONSO,66,35.3
NUMAN,66,28.1
ORENTINO,66,72.7
OSCAR NICOLAS,66,38.3
PABLO ALEXIS,66,39.2
PABLO JAIME,66,44.8
PAWAN,66,38.8
PETER ROBERT,66,66.1
PONÇ,66,37.3
RAFAEL DIEGO,66,52.1
RAFAEL GREGORIO,66,55.1
RAMON NICOLAS,66,48.5
RICARDO RAUL,66,49.5
RICHARD MICHAEL,66,56.7
ROBERT ANDRES,66,30.1
ROBERT ANDREW,66,55.8
ROGER ALBERTO,66,40.9
ROLANDAS,66,48.4
ROLY,66,40.1
RONG,66,42.0
RUBEN OMAR,66,50.7
SANTIAGO ISRAEL,66,31.2
SEBASTIAN EZEQUIEL,66,33.3
SEBASTIAN PABLO,66,44.8
SEGUNDO ANGEL,66,57.8
SIMON ALBERTO,66,41.3
STEFAN GABRIEL,66,24.7
STEWART,66,54.5
THIAGO EMMANUEL,66,7.2
THIAGO JAVIER,66,7.1
THOMAS ALEJANDRO,66,14.9
THOMAS EDWARD,66,47.3
URBEZ,66,23.2
VALENTIN DANIEL,66,33.0
VICTOR DARIO,66,37.0
VICTOR DIEGO,66,41.0
VICTOR JOEL,66,27.5
VICTOR JORGE,66,52.4
VOLODYMIR,66,50.9
WEIPING,66,50.5
WENLONG,66,40.0
WILIAM,66,46.3
WILLIAM MAURICIO,66,36.4
WILLINGTON,66,45.2
XINGYU,66,17.9
YARON,66,23.7
YELKO,66,24.2
YIAN,66,9.0
YORDANIS,66,40.7
YUFENG,66,34.2
YUJIE,66,21.9
ABDEL HAMID,65,43.6
ABDERRAFIA,65,40.9
ADRIAN JOSUE,65,21.1
ALBERTO JULIO,65,56.5
ALE,65,31.2
ALEJANDRO FEDERICO,65,40.3
ALEX FRANCISCO,65,33.5
ALEXANDER NICOLAS,65,21.1
ALEXANDRU IULIAN,65,26.3
ALTAF,65,46.4
ANCHEL,65,18.6
ANDREI NICOLAE,65,28.1
ANDRES MATIAS,65,29.1
ANGEL YERAY,65,29.8
ANGELO JESUS,65,25.2
ANTHONY WILLIAM,65,56.4
ANTONIO FIDEL,65,55.3
ANTONIO MARCELO,65,56.3
AZEDINE,65,36.5
BENJAMIN DANIEL,65,25.7
BRAYAN FELIPE,65,25.9
BRUNO ALEXANDRE,65,34.5
BYRON PATRICIO,65,42.6
CAMARA,65,39.8
CARLOS EUSEBIO,65,56.6
CARLOS VIDAL,65,55.0
CESAR ARIEL,65,36.6
CHRISTIAN LEONARDO,65,35.4
CLAUDIU DANIEL,65,36.6
CLIFFORD,65,54.4
CRISTHIAN JOSUE,65,24.3
CRISTIAN JULIAN,65,31.6
CRISTIAN MATEO,65,21.1
CRISTOFOR,65,43.0
DANIEL ALEXANDRE,65,31.6
DARIO NICOLAS,65,27.9
DAVID PATRICK,65,51.2
DENIS JAVIER,65,29.0
DERICK,65,17.1
DIARRA,65,35.6
DUSTIN,65,21.4
EFRAIN JOSE,65,42.0
ELIAS SAMUEL,65,25.6
EMILIO EDUARDO,65,55.6
ERIK SANTIAGO,65,18.2
FAUSTINO JAVIER,65,53.1
FEDE,65,9.7
FELICITO,65,73.0
FRANCISCO EUSEBIO,65,59.1
FRANCO JOSE,65,32.9
FREDY ANDRES,65,36.5
GASTON NICOLAS,65,31.0
GERMAN AUGUSTO,65,46.3
GONZALO ALFONSO,65,48.9
GONZALO PEDRO,65,46.7
GUILLERME,65,24.6
GUNNAR,65,50.2
HEBERT,65,47.3
HUGO ADRIAN,65,25.5
IGARKI,65,24.7
IGNACI,65,46.6
ISMAEL ENRIQUE,65,40.1
IVAN PEDRO,65,40.0
JACINTO MIGUEL,65,59.2
JAIME ESTEBAN,65,39.4
JAIME PABLO,65,48.7
JAVIER FELIX,65,54.5
JAVIER MATIAS,65,37.4
JESUS GUSTAVO,65,47.3
JIANRONG,65,52.7
JON KARLA,65,57.8
JORGE RENE,65,47.7
JOSE ALDEMAR,65,52.4
JOSE AMALIO,65,57.7
JOSE SEVERINO,65,65.1
JOSU IÑAKI,65,57.5
JOSUE GABRIEL,65,22.0
JUAN ARIEL,65,35.4
JULIAN MARTIN,65,38.0
JULIO ALEXIS,65,44.8
JULIO DOMINGO,65,58.9
JULIO MARIO,65,51.0
JULIO VICTOR,65,53.7
JUSTO FRANCISCO,65,59.7
KALEN,65,8.9
KYLIAM,65,4.7
LADISLAV,65,49.5
LOVEPREET SINGH,65,26.8
LUCIANO AGUSTIN,65,29.9
LUIS ABELARDO,65,52.4
LYUDMIL,65,44.5
MAHAMED,65,29.7
MANUEL CLEMENTE,65,57.0
MARCELINO ANTONIO,65,59.7
MARCELL,65,23.7
MARIANO DAVID,65,42.1
MARIANO VICENTE,65,62.4
MARIUS BOGDAN,65,35.1
MARIUS VIOREL,65,39.9
MARSEL,65,21.7
MARTIN FELIPE,65,33.3
MARTIN JAMES,65,56.9
MARTIN SANTIAGO,65,32.9
MARTZEL,65,22.1
MARVIN JOSE,65,34.8
MASSINISSA,65,27.2
MATENIN,65,40.8
MAURICIO NICOLAS,65,32.9
MAURINO,65,71.5
MIGUEL ISIDRO,65,53.1
MIGUEL VALENTIN,65,46.9
MODI,65,34.9
MOHAMED NIZAR,65,12.4
MUHAMMAD IRFAN,65,39.6
MUHAMMAD TALHA,65,14.4
MUHAMMADOU,65,29.1
NELSON LUIS,65,47.0
NIANG,65,37.0
NIGEL JOHN,65,64.9
OTO,65,18.3
PABLO MATEO,65,21.1
PANCRACIO,65,65.2
PANKAJ,65,34.1
PAUL EDWARD,65,61.0
PAUL GABRIEL,65,29.3
PAUL MARTIN,65,55.0
PEDRO MATEO,65,44.4
RAFAEL ARCANGEL,65,52.9
RAFAEL HUMBERTO,65,46.7
RAMON ALEXIS,65,43.6
RAMON GUILLERMO,65,56.0
RAOUF,65,39.1
RICARDO OSCAR,65,58.0
ROBERT JOSEPH,65,55.3
ROBINSON ANDRES,65,34.1
ROMULUS,65,51.2
SALVADOR FERNANDO,65,57.1
SALVADOR IGNACIO,65,47.9
SANTIAGO ISMAEL,65,28.0
SAUL JESUS,65,30.7
SHAMIM,65,38.9
SIMON PAUL,65,52.3
STEFAN ANDREI,65,24.4
TEOGENES,65,73.9
TIAGO MANUEL,65,29.9
TIBERIO,65,58.5
UGUTZ,65,35.0
VICENTE FELIPE,65,57.2
WILFREDO ANTONIO,65,40.5
XESC,65,11.3
YASEEN,65,24.8
YOANDRY,65,37.7
YUHENG,65,13.6
ZAMAN,65,39.3
ZHICHENG,65,27.8
ZLATKO,65,50.3
ABDELRHANI,64,48.5
ABDESSAMED,64,31.6
AITAMI,64,25.4
ALBERTO FELIX,64,54.6
ALBERTO OSCAR,64,62.3
ALEX JUNIOR,64,24.6
ALEX SEBASTIAN,64,19.8
ALEXANDAR,64,24.4
ANATAEL,64,42.7
ANATOLIO,64,66.3
ANDREI IOAN,64,27.0
ANSOUMANE,64,36.8
ANTHONY MANUEL,64,21.8
ANTONIO FLORENCIO,64,59.8
ARCHIL,64,40.6
ATHANASIOS,64,38.6
ATMAN,64,34.3
AZEDDIN,64,31.9
BACHAR,64,30.2
BANTA,64,37.6
BENEDICT,64,32.5
BOUBAKAR,64,30.5
BRAYAN JAVIER,64,24.3
BRIAN EZEQUIEL,64,25.9
CAMILO ESTEBAN,64,29.8
CARLOS YERAY,64,33.9
DAILO,64,22.9
DANIEL ABRAHAM,64,24.4
DARWIN DAVID,64,33.2
DAVE,64,31.1
DAVID MARIANO,64,41.1
DAVID SALOMON,64,36.9
DENISLAV,64,26.2
DIEGO DAMIAN,64,41.0
DIETMAR,64,60.2
DIONISIO JESUS,64,54.3
DOMINGO TOMAS,64,60.3
DYLAN SAMUEL,64,8.7
EDGAR MIGUEL,64,36.3
EDISON JOSE,64,36.3
EDUARD NICOLAS,64,9.9
EL KEBIR,64,55.0
EMILIO MARIA,64,55.5
EMILIO SALVADOR,64,53.0
ENZO DAVID,64,14.7
ERIN,64,18.3
ERNESTO DANIEL,64,46.9
ESTEBAN JUAN,64,54.7
EZEQUIEL JESUS,64,36.7
FABIAN CAMILO,64,30.1
FACUNDO GABRIEL,64,25.2
FAWZI,64,43.5
FELIX JULIAN,64,59.0
FERNANDO MARCELO,64,47.4
FRANCISCO BARTOLOME,64,56.0
FRANCISCO FEDERICO,64,52.2
FRANCISCO MARCELO,64,54.0
FREDDY ANDRES,64,35.3
GABRIEL CARLOS,64,50.1
GABRIEL ELIAS,64,24.7
GERARDO GABRIEL,64,40.7
GUILLERMO PEDRO,64,47.0
GURGEN,64,40.6
HAMUDI,64,36.4
HENRYK,64,48.4
HERIBERTO JOSE,64,51.0
HIBAI,64,37.4
HOUSAM,64,17.1
HUGO ORLANDO,64,46.9
IBRAIMA,64,29.4
IGNACIO JORGE,64,50.3
JAFAR,64,40.8
JAFET,64,46.5
JAMEL,64,36.6
JAMES JOHN,64,52.0
JASPER,64,27.4
JEFERSON ANDRES,64,29.7
JEFFRY,64,29.5
JESUS AMABLE,64,62.0
JESUS BLAS,64,60.0
JESUS SERGIO,64,54.9
JHOAN CAMILO,64,24.3
JIALIANG,64,25.9
JOAO LUCAS,64,17.9
JOEL SANTIAGO,64,20.5
JOHAN SANTIAGO,64,17.6
JOHN ANDRES,64,30.6
JONATHAN ADRIAN,64,27.9
JONAY JESUS,64,34.1
JORGE ADOLFO,64,47.5
JOSE AMANCIO,64,56.6
JOSE EVELIO,64,52.2
JOSE WILFREDO,64,44.3
LIMIN,64,53.7
LUBOMIR,64,47.0
LUCIANO DANIEL,64,30.0
LUIS EDGAR,64,47.0
LUIS EMILIANO,64,42.5
LUIS LEANDRO,64,44.7
LUIS STEVEN,64,25.5
MANDEEP SINGH,64,34.4
MARC ALBERT,64,35.9
MARCOS RUBEN,64,40.9
MARIANO CARLOS,64,56.3
MARLON JOSUE,64,26.7
MAURO SEBASTIAN,64,36.1
MAYORO,64,44.5
MICHAEL ALAN,64,63.0
MICHAEL ANGELO,64,31.3
MICHAEL CHRISTOPHER,64,56.6
MODOU LAMIN,64,26.7
MOISES ENRIQUE,64,35.5
MOISES FRANCISCO,64,42.2
MUHAMMAD AYAAN,64,7.1
MUJAHID,64,37.0
NICOLAE GABRIEL,64,38.3
NICOLAS RAUL,64,29.1
OLIVER ANTONIO,64,28.8
OSCAR GUSTAVO,64,46.8
PABLO ISRAEL,64,34.9
PABLO SAMUEL,64,26.4
PATRIC,64,28.7
PAULO FERNANDO,64,46.1
PEDRO ALCANTARA,64,54.1
PLACIDO MANUEL,64,56.9
RAFAEL DAMIAN,64,52.4
RAJA,64,47.0
RAJAN,64,34.3
RAMON ALEXANDER,64,32.5
RAUL GUILLERMO,64,52.4
RAUL JORGE,64,52.0
RAUL MARIA,64,53.3
ROBERTO ALFREDO,64,55.3
RODOLFO ALEJANDRO,64,41.5
RODRIGO AGUSTIN,64,30.0
ROMANO,64,53.5
SALAH DIN,64,16.9
SEGUNDO PEDRO,64,57.1
SERGIO ISMAEL,64,37.3
SERGIO MARIA,64,45.9
SHAKIR,64,28.9
SOW,64,36.9
TEDDY,64,37.1
TIMOTEI,64,21.4
TINGUARO,64,37.0
VICENTE ARTURO,64,55.5
VICTOR AGUSTIN,64,45.9
VICTOR HERNAN,64,42.9
WENJUN,64,33.4
WILMER ALBERTO,64,42.3
WISAM,64,19.2
XINYI,64,26.0
XUDONG,64,36.8
XUFENG,64,39.2
YANDEL,64,10.9
YASSEN,64,19.7
YEROVER,64,21.3
ZEIN,64,22.0
ZHIJIE,64,32.2
ABDELKHALIK,63,47.7
ADRIAN ANGEL,63,31.7
AETZ,63,9.8
ALAN JESUS,63,21.3
ALEJANDRO DOMINGO,63,42.2
ALEXANDER MICHAEL,63,31.6
ALOIS,63,44.8
ALONSO ANTONIO,63,39.3
ANDREI CONSTANTIN,63,28.5
ANDRES DAMIAN,63,42.4
ANDRES GREGORIO,63,49.5
ANDY JOSE,63,28.7
ANGEL BLAS,63,58.6
ANGEL JUNIOR,63,22.7
AREZKI,63,48.9
ARGENIS,63,38.9
ARIEL ALEXANDER,63,22.9
ARKADII,63,38.3
ARMANDO ENRIQUE,63,47.8
AXEL FERNANDO,63,17.3
AYOB,63,18.3
AZDDINE,63,36.0
BABAK,63,50.2
BENTO,63,14.7
BERNARDO JUAN,63,56.2
BORJA MIGUEL,63,34.2
BRUNO ALEXANDER,63,19.5
BURAK,63,28.9
CARLOS GEOVANNY,63,38.3
CHRIF,63,43.4
CHRISTIAN SANTIAGO,63,33.1
CLAUDIO GABRIEL,63,47.2
CLODOMIRO,63,65.1
DANIEL DARIO,63,42.1
DAVID MARCOS,63,45.4
DAVID MARIO,63,30.6
DEMOFILO,63,61.0
DERLIS RAMON,63,36.1
DIEGO MAXIMILIANO,63,39.3
DONATAS,63,41.6
EDIN,63,35.1
EDRISA,63,38.0
EDUARDO PATRICIO,63,47.8
EHTISHAM,63,27.2
EL KHATIR,63,48.1
ELIAS FERNANDO,63,43.6
ELVIS ANTONIO,63,38.5
ESMAEL,63,19.6
ESTEBAN RAFAEL,63,43.9
EUGENIO JUAN,63,62.4
EUSEBIO ANTONIO,63,58.3
FELIPE GABRIEL,63,39.2
FIODOR,63,46.2
FLORENCIO JAVIER,63,56.7
FLORIN CONSTANTIN,63,37.8
FRANCISCO VIDAL,63,52.3
FREDDY RAFAEL,63,43.6
GARIK,63,39.6
GINES DAVID,63,38.3
GREGORIO ENRIQUE,63,54.4
GUILLERMO SANTIAGO,63,40.1
GUILLERMO SEBASTIAN,63,36.4
HACHEM,63,36.8
HECTOR NICOLAS,63,34.4
HERNAN PABLO,63,48.1
IAN PAUL,63,39.0
JAIME IVAN,63,45.6
JASWANT,63,49.3
JAVIER FERMIN,63,52.2
JEFFERSON JOSE,63,30.3
JESUS CLEMENTE,63,56.4
JESUS ELADIO,63,57.0
JESUS VIDAL,63,56.9
JIA HAO,63,15.7
JIANSHENG,63,50.0
JOAN STEVEN,63,24.5
JOAQUIN FELIPE,63,48.6
JOEL FERNANDO,63,28.2
JONATHAN STIVEN,63,27.3
JORDY ALEXANDER,63,24.9
JOSE ABILIO,63,58.0
JOSE AGAPITO,63,60.5
JOSE ARNALDO,63,47.6
JOSE BALDOMERO,63,62.3
JOSE BIENVENIDO,63,59.0
JOSE KEVIN,63,28.4
JOSE MARCO,63,41.7
JOSE URIEL,63,45.5
JUAN ABRAHAM,63,34.6
JUAN AMBROSIO,63,59.0
LEANDRO ALBERTO,63,37.1
LEANDRO SEBASTIAN,63,32.8
LLEONARD,63,42.9
LUCIO MANUEL,63,53.2
LUIS AARON,63,23.2
LUIS CLAUDIO,63,52.7
MACEDONIO,63,64.4
MALAMIN,63,29.5
MALKHAZ,63,49.3
MAMADOU SAMBA,63,35.7
MANUEL BENIGNO,63,58.8
MARCOS DAMIAN,63,38.8
MARIO HUMBERTO,63,49.9
MARK ALEXANDER,63,30.9
MARK EDWARD,63,54.8
MARLON ALEJANDRO,63,24.1
MARYAN,63,37.2
MASSOUD,63,48.0
MATEO ENRIQUE,63,15.8
MIHAI IONUT,63,32.0
MOUHCIN,63,34.8
MOUSLIM,63,18.1
MUHAMMAD SUBHAN,63,10.2
MUHAMMAD YOUSAF,63,22.7
NAYEL,63,12.4
NICULAI,63,57.0
NODAR,63,44.8
OLIVER ALEJANDRO,63,21.8
OM,63,18.5
OSCAR MARIANO,63,49.0
PABLO ISAAC,63,35.3
PABLO MAXIMILIANO,63,40.1
PAU JOSEP,63,32.9
PEDRO ROMAN,63,55.7
PEDRO SANTOS,63,59.8
QADEER,63,37.2
RAFAEL ROBERTO,63,50.6
RAMOS,63,64.8
RAZVAN ALEXANDRU,63,28.9
RICARDO GUILLERMO,63,51.5
ROBERTO CESAR,63,52.0
ROBERTO JOAQUIN,63,50.7
ROBERTO JULIAN,63,48.8
RODRIGO ALEXANDER,63,25.8
RODRIGO FABIAN,63,30.8
RONI,63,28.4
RUBEN EMILIO,63,41.5
RUBEN RAFAEL,63,38.5
RYO,63,15.4
SAMAR,63,22.7
SANTIAGO ADOLFO,63,37.5
SANTIAGO FELIX,63,56.6
SANTIAGO NAHUEL,63,24.1
SANTOS MIGUEL,63,52.4
SEAN MICHAEL,63,43.2
SERGIO RODRIGO,63,38.8
SGHIR,63,50.1
SHAMSHER,63,38.8
SIF EDDINE,63,23.0
TANVIR,63,25.9
TIANYU,63,19.9
TOMAS MARTIN,63,37.3
WALTER ALFREDO,63,49.3
WALTER GABRIEL,63,38.5
WEIDONG,63,46.6
XES,63,11.2
YORDI,63,27.1
AARON MOISES,62,22.6
ABDALA,62,32.6
ABOUBAKER,62,19.1
ABRAM,62,22.2
ADEMAR,62,40.8
ADEMIR,62,45.1
AHMED MOHAMED,62,38.0
ALBERTO IVAN,62,41.9
ALEXANDRU COSMIN,62,29.7
ALEXANDRU DAVID,62,14.7
ALEXIS SEBASTIAN,62,24.5
ALVARO JULIAN,62,33.4
AMED,62,32.5
AMRIT,62,27.4
ANDREW ROBERT,62,52.5
ANDREWS,62,29.6
ANDRY,62,33.2
ANTONIO ARMANDO,62,53.7
ANTONIO LEON,62,52.1
ANTUAN,62,14.6
ARIEL JESUS,62,39.7
ARTURO CARLOS,62,53.3
ATHMANE,62,44.4
AZZ EDDINE,62,30.0
BADR EDDIN,62,18.5
BALA,62,33.3
BATISTE,62,27.3
BELKHEIR,62,50.9
BERNARDO ANDRES,62,42.1
BOGDAN CRISTIAN,62,33.0
BOGDAN IOAN,62,31.5
BORJA ALEJANDRO,62,33.7
BRANDON ANDRES,62,23.7
BROULAYE,62,40.1
CANDIDO ANTONIO,62,58.7
CARLOS SIMON,62,44.4
CATALIN ALEXANDRU,62,29.5
CESAR OCTAVIO,62,46.8
CIPRIAN IONUT,62,35.7
CLAUDIU IOAN,62,42.2
COSMIN ANDREI,62,21.3
CRESCENTE,62,73.9
CRISTOPHER DAVID,62,20.1
DANIEL OSVALDO,62,53.9
DARWIN DANIEL,62,32.2
DI,62,33.6
DIEGO GUSTAVO,62,40.9
DIEGO LEANDRO,62,32.7
DIEGO VALENTIN,62,28.9
EDWIN ALFREDO,62,43.3
EDWIN MARCELO,62,46.6
ELIODORO,62,58.3
ENDER JOSE,62,38.9
ENRIQUE CARMELO,62,60.9
ERNESTO GABRIEL,62,41.9
ESTIBEN,62,31.4
EVERARDO,62,64.7
EWAN,62,18.0
FABIA,62,34.6
FABIO ANDRE,62,26.6
FAUSTINO JESUS,62,57.1
FEDERICO GASTON,62,36.6
FELIPE NICOLAS,62,32.7
FELIPE RAFAEL,62,50.5
FELIX JOAQUIN,62,57.9
FELIX MARTIN,62,52.4
FERNANDO ISMAEL,62,43.0
FERNANDO JAIME,62,55.9
FERNANDO MATIAS,62,37.0
FLAVIUS,62,31.6
FOUNEKE,62,34.9
FRANCISCO LEON,62,51.1
FRANKLIN MANUEL,62,40.9
FRITZ,62,62.9
GENADI,62,42.5
GENTZA,62,23.7
GEORGE MARIAN,62,36.8
GERAI,62,11.6
GERMAN ALONSO,62,43.4
GERMAN ANGEL,62,57.1
GILSON,62,45.6
HAIDER ALI,62,15.9
HECTOR GUSTAVO,62,50.2
HECTOR MARTIN,62,43.5
HENNADIY,62,55.8
HERNAN ALBERTO,62,49.9
HERNEY,62,52.9
HOUSSEYN,62,34.0
HUMBERTO JAVIER,62,43.5
ILDEFONSO MANUEL,62,54.3
IOAN OVIDIU,62,43.6
ISAAC JAVIER,62,39.7
ISCO,62,6.0
ISLEM,62,19.9
ITAI,62,20.4
IVAN RAUL,62,38.5
JAIME GUILLERMO,62,50.4
JEFFERSON ALEJANDRO,62,28.5
JEISSON ANDRES,62,31.6
JOAN JAUME,62,42.9
JOSE EFREN,62,52.8
JOSE LIBARDO,62,51.4
JOSIMAR,62,34.9
JUAN ANIBAL,62,49.2
JUAN CELESTINO,62,54.9
JUAN NARCISO,62,57.0
JULIO AUGUSTO,62,49.6
JUNIOR ALBERTO,62,30.4
KANE,62,34.7
LEONARDO ALEJANDRO,62,30.5
LEONARDO ESTEBAN,62,37.9
LIAM ISAAC,62,4.5
LOKMANE,62,14.8
LORENZO RAMON,62,55.9
LUCIO ANTONIO,62,60.2
LUIS FERNEY,62,46.2
LUIS MARINO,62,57.3
LUTGARDO,62,61.2
MAGDIEL,62,34.5
MANUEL CAMILO,62,52.5
MANUEL MODESTO,62,60.3
MARCOS CESAR,62,49.9
MARCOS FELIPE,62,40.9
MARCOS RAUL,62,35.5
MARK CHRISTOPHER,62,51.2
MARLON ENRIQUE,62,39.8
MARTIN VICENTE,62,43.5
MATHEUS HENRIQUE,62,21.1
MOHAMED BILAL,62,27.3
MOHAMED KHALIL,62,25.1
MOULAY DRISS,62,48.2
NAHIM,62,13.6
NELSON IVAN,62,40.1
NELSON MIGUEL,62,42.0
NESTOR ALBERTO,62,50.0
OTAR,62,40.3
PABLO VALENTIN,62,34.9
PAULO ANTONIO,62,43.7
PEDRO AURELIO,62,51.9
PEREGRINO,62,69.6
PROCOPIO,62,71.0
RADOSTIN,62,35.1
RAFAEL GONZALO,62,49.2
RARES ANDREI,62,14.5
RICARDO ALEXIS,62,40.5
ROBERTO FELIX,62,52.7
RODERICK,62,45.0
RODOLFO ALBERTO,62,56.0
RONALD FERNANDO,62,34.9
RONALD STEVEN,62,26.7
ROQUE JOSE,62,55.3
SABINIANO,62,76.0
SAMUEL DANIEL,62,23.9
SANTIAGO ARIEL,62,29.9
SAVVA,62,13.3
SERKAN,62,33.7
SIXTO JAVIER,62,48.4
SZYMON,62,26.9
TARSEM,62,47.9
THYAGO,62,11.8
TOUMANY,62,33.0
VICENTE JULIO,62,57.6
VICENTE MARTIN,62,51.3
VICTOR GERARDO,62,45.9
WILLI,62,63.2
WILLIAM JOSEPH,62,54.6
WILLIAM MANUEL,62,41.8
WILMER JESUS,62,39.5
XIA,62,37.6
YERIEL,62,12.3
YING,62,40.5
YIWEI,62,32.2
YORDANY,62,33.2
YUNAI,62,9.8
AARON NICOLAS,61,15.6
ABDURRAHMAN,61,13.0
AISA,61,41.2
ALBERTO ESTEBAN,61,50.2
ALEJANDRO AUGUSTO,61,37.0
ALEX MIGUEL,61,25.4
ALIU,61,33.2
ALVARO HERNAN,61,43.5
ANDRES ADOLFO,61,42.3
ANDRES DARIO,61,36.3
ANGEL POLIVIO,61,54.0
ANGEL REYES,61,54.0
ANTHONY SEBASTIAN,61,17.3
ANTONIO BENJAMIN,61,55.9
ANTONIO CECILIO,61,56.2
ANTONIO EVARISTO,61,64.4
ANTONIO GUSTAVO,61,51.8
ARTURO VICENTE,61,58.5
AURELIO JAVIER,61,54.7
BRAYAN EDUARDO,61,27.5
BRUNO ALBERTO,61,33.1
CAMILO EDUARDO,61,37.6
CECILIO ANTONIO,61,59.6
CESAR ADOLFO,61,45.8
CHEICKNA,61,37.9
CHRISTIAN FELIPE,61,31.0
CHRISTIAN ROBERTO,61,38.6
CHRISTOPHER ANDRES,61,20.5
CHRISTOPHER CHARLES,61,60.8
CLAUDIU NICOLAE,61,36.7
CRISTIAN ALFONSO,61,32.0
CRISTIAN ORLANDO,61,34.8
DANIEL MOISES,61,34.9
DANYAL,61,18.0
DARIO MIGUEL,61,28.0
DAVID VICTOR,61,47.2
DIEGO XAVIER,61,32.7
DYLAN AARON,61,9.6
EDUARDO FELIX,61,53.4
EDUARDO JULIO,61,54.2
EDWIN LEONARDO,61,36.6
EL ARABI,61,42.6
ERIC ALEJANDRO,61,22.3
ERIK MANUEL,61,21.1
ERNESTO JUAN,61,52.9
ESTEBAN FERNANDO,61,47.4
EUCLIDES,61,47.7
EVERT,61,47.5
FACUNDO JOSE,61,35.4
FATTAH,61,39.0
FAUSTO JOSE,61,48.3
FELIX MARIANO,61,63.2
FLORIN MIHAI,61,39.3
FRANCISCO JACINTO,61,58.8
FRANÇOIS XAVIER,61,50.8
GABRIEL DARIO,61,35.7
GABRIEL RAFAEL,61,36.5
GALILEO,61,28.6
GEOVANNI,61,38.1
GERARDO MARTIN,61,44.7
GIDEON,61,26.1
GINTARAS,61,49.9
GIOELE,61,17.4
GONZALO TOMAS,61,41.9
GURAM,61,41.9
GURJANT,61,31.0
GUSTAVO CESAR,61,51.9
GUSTAVO IGNACIO,61,43.4
GUSTAVO JORGE,61,52.3
HARJOT,61,16.7
HENRY EDUARDO,61,39.7
HERMELANDO,61,63.0
HUGO FABIAN,61,43.2
HUGO ROBERTO,61,49.1
IAN NICOLAS,61,11.2
IGNACIO ESTEBAN,61,47.1
ILIR,61,37.9
ILJA,61,32.1
IRAN,61,41.5
ITIEL,61,13.5
IVER,61,35.7
JAMES PAUL,61,39.1
JAVIER ISIDRO,61,49.1
JAVIER OMAR,61,40.2
JESUS EUSEBIO,61,58.4
JESUS LEOPOLDO,61,52.4
JHON ANTHONY,61,25.0
JHON JADER,61,35.2
JOEL ADRIAN,61,21.7
JOHN ALBERTO,61,40.8
JOHNNATAN,61,36.3
JONATHAN EZEQUIEL,61,28.5
JORGE HERNANDO,61,52.5
JORGE OSVALDO,61,59.0
JOSE ARISTIDES,61,53.6
JOSE FAUSTO,61,55.6
JOSE GIOVANNI,61,35.6
JUAN BORJA,61,38.3
JULIAN MATEO,61,26.3
JULIO NICOLAS,61,40.0
JULIO PABLO,61,53.3
JUSTO RAMON,61,60.5
KERIM,61,13.6
KEVIN BRYAN,61,26.0
KEVIN JOSEPH,61,46.5
KRISZTIAN,61,39.9
KWADWO,61,43.3
LAUTARO NAHUEL,61,26.0
LAUTARO NICOLAS,61,20.2
LAZARO JAVIER,61,39.9
LE,61,31.9
LEONEL JESUS,61,36.5
LEONTIN,61,50.0
LIAM JESUS,61,5.8
LUIS ANTHONY,61,24.5
LUIS LEON,61,43.7
MAGNUS,61,23.4
MANRAJ,61,7.5
MANSOR,61,38.9
MANUEL ANSELMO,61,60.4
MARCELO MANUEL,61,44.5
MARTIN LEONARDO,61,35.6
MAURO ANDRES,61,34.4
MAURO DANIEL,61,31.7
MHAMMAD,61,42.8
MIGUEL GERARDO,61,50.0
MIGUEL GREGORIO,61,53.3
MINGHAO,61,15.3
MOHAMED MEHDI,61,26.4
MURTAZA,61,27.7
NEDAL,61,21.0
NICOLAS JOAQUIN,61,39.0
NIKHIL,61,27.7
NOSA,61,39.6
OMAR ALEXIS,61,36.2
OMAR ALFREDO,61,44.0
PACIFICO,61,67.7
PAUL CRISTIAN,61,33.8
PERE RAMON,61,60.1
PIER PAOLO,61,47.0
PRABHJOT,61,23.1
QUSAY,61,5.0
RAFAEL CRISTOBAL,61,55.4
RAFAEL PASCUAL,61,59.0
RAMIRO ANDRES,61,39.4
RAMON FELIX,61,63.0
RAMON RICARDO,61,59.0
RAMUNAS,61,47.8
RENE ALBERTO,61,47.8
ROBERTO ARTURO,61,48.0
RUBEN ALFONSO,61,41.7
RUBEN JUAN,61,44.8
SAFWANE,61,10.2
SANTOS FRANCISCO,61,58.6
SEBASTIAN ALFREDO,61,36.9
SERGIO SALVADOR,61,41.8
SHAKIL,61,36.7
SOHAN,61,31.5
STEVEN MICHAEL,61,50.5
TAHIROU,61,38.6
TEODORO MANUEL,61,59.3
THIAGO MIGUEL,61,7.4
TONG,61,37.5
ULADZISLAU,61,25.5
VAHID,61,46.9
VICENTE LORENZO,61,58.7
VICTOR ABEL,61,41.1
VICTOR ARIEL,61,34.3
YIJUN,61,31.9
YOSBEL,61,37.6
ZORION,61,46.6
AARON MIGUEL,60,24.8
ABDELJEBBAR,60,43.7
ADRIAN PABLO,60,41.1
ALAN JAVIER,60,23.8
ALAN WILLIAM,60,67.6
ALANO,60,52.7
ALEJANDRO CRISTIAN,60,26.2
ALEJANDRO OMAR,60,38.4
ALVARO AGUSTIN,60,41.5
ALVARO DIEGO,60,39.2
ANDREI LUCIAN,60,24.6
ANDREI VASILE,60,29.7
ANDRES CORSINO,60,69.1
ANGEL ANIBAL,60,49.5
ANTHONY EDWARD,60,60.4
ANTONIO VIDAL,60,57.5
ARTAL,60,12.2
BADRI,60,48.8
BENITO MIGUEL,60,58.5
BOGDAN NICOLAE,60,35.9
BRAYAN FERNANDO,60,26.6
BRAYAN MAURICIO,60,28.1
BRYAN STIVEN,60,25.3
BYRON FERNANDO,60,35.6
CARLOS JACINTO,60,52.9
CARMELO MIGUEL,60,58.6
CATALIN ANDREI,60,25.8
CAYETANO MANUEL,60,43.8
CESAR ALEXIS,60,31.3
CHRISTIAN RICARDO,60,37.0
CLAUDIU MIHAI,60,35.0
CRISTIAN PABLO,60,43.3
CRISTOBAL ANGEL,60,49.9
CRISTOBAL IGNACIO,60,37.0
CRISTOBAL JUAN,60,57.2
DANIEL GEORGE,60,32.5
DANIEL HERNAN,60,38.1
DANIEL JULIO,60,50.5
DANIEL LORENZO,60,35.9
DARWIN EDUARDO,60,39.1
DARWIN JESUS,60,33.8
DAVID AARON,60,27.1
DAVID MARCELO,60,37.4
DIEGO AUGUSTO,60,30.0
DIGNO,60,65.0
EDDY SANTIAGO,60,25.2
EDI,60,31.1
EDUARD ALEXANDRU,60,17.8
EDUARDO RODRIGO,60,43.0
EDWARD ANTONIO,60,38.1
EDWIN RAFAEL,60,39.4
EFE,60,30.1
EL JILALI,60,48.7
EMANUEL JOSE,60,24.8
ERAY,60,11.4
EVARISTO MANUEL,60,56.6
FADIALA,60,34.7
FAUSTO JAVIER,60,49.3
FELIX ALFREDO,60,55.8
FELIX RAUL,60,52.7
FERMIN MARIA,60,64.8
FERNANDO ALVARO,60,49.5
FERNANDO GUSTAVO,60,51.6
FLORENCIO MANUEL,60,60.4
FOUSSENY,60,33.1
FRANCESC ANTONI,60,48.1
FRANCISCO BENJAMIN,60,46.4
FRANCO EMANUEL,60,29.7
FRANZ JOSEF,60,67.9
GERMA,60,52.1
GERMAN ALFREDO,60,53.3
GIAMPAOLO,60,46.9
GIOVANNI ANDRES,60,32.2
GONZALO PABLO,60,42.0
GREGORIO DAVID,60,45.4
HARSH,60,25.8
HECTOR SAMUEL,60,30.1
HODAYFA,60,11.1
HUSEYIN,60,43.7
IGNACIO SEBASTIAN,60,35.8
IHAN,60,9.4
IKER SEBASTIAN,60,11.6
IOKIN,60,39.5
IONUT MIHAI,60,33.6
IOSEB,60,46.5
ISMAEL ALEXANDER,60,21.3
IVAN GEORGIEV,60,49.3
JAIME MARTIN,60,47.8
JARNAIL,60,47.2
JEISON DAVID,60,28.0
JEREMY ALEJANDRO,60,14.3
JESUS AARON,60,28.1
JOAN LUIS,60,44.9
JOAQUIN DOMINGO,60,60.2
JOAQUIN ESTEBAN,60,41.8
JON ALEXANDER,60,33.5
JORDI ALEJANDRO,60,18.9
JORGE BERNARDO,60,52.5
JOSE ENMANUEL,60,28.9
JOSE IBAN,60,46.4
JOSE PINO,60,61.5
JOVAN,60,33.0
JUAN ALEJO,60,50.5
JUAN BERNABE,60,52.5
KADDA,60,47.2
KAIWEN,60,13.7
KEVIN LUIS,60,26.0
LEONEL ANDRES,60,22.6
LOTHAR,60,67.0
LUCAS JOAQUIN,60,22.3
LUCIO JOSE,60,54.4
MAMADOU BAILO,60,34.6
MANUEL SILVESTRE,60,61.6
MARCO GABRIEL,60,23.8
MARCO IVAN,60,39.8
MARCOS JOEL,60,27.0
MARIANO FERNANDO,60,62.3
MATIAS LUIS,60,47.0
MAYKOL,60,20.0
MESIAS,60,50.2
MIGUEL MATIAS,60,44.5
MIQUEL ANTONI,60,45.2
MOISES ELIAS,60,32.9
MOLOUD,60,53.6
NECTOR,60,40.5
NOAMAN,60,24.1
OSCAR GERARDO,60,44.1
OSIEL,60,34.6
PABLO CRUZ,60,53.4
PATRICK JAMES,60,50.3
PEDRO EZEQUIEL,60,45.1
PEDRO LEON,60,50.6
PETER GEORGE,60,70.5
PETER PAUL,60,60.6
RAMEEZ,60,33.3
RAUL PEDRO,60,50.8
RAUL ROBERTO,60,48.9
RICHARD GABRIEL,60,27.6
RITO,60,61.8
ROBERT VALENTIN,60,27.1
ROBERTO MARIA,60,54.0
RUKHSAR,60,37.7
SANTIAGO ADRIAN,60,31.6
SEBASTIAN JUAN,60,52.8
SEGUNDO JAVIER,60,52.3
SINA,60,33.7
STEVEN JAMES,60,54.0
SUKHPREET,60,27.6
SYED MUHAMMAD,60,21.8
TAJINDER,60,36.8
TANASE,60,53.5
TOMAS PABLO,60,48.5
UBALDINO,60,72.3
UHAITZ,60,10.7
VAIDAS,60,45.1
VASILE SORIN,60,46.1
VICTOR DAMIAN,60,39.8
WALTER ADRIAN,60,42.3
WALTER LUIS,60,51.2
WILMER DAVID,60,32.2
WILSON ALEJANDRO,60,34.4
XAVIER EDUARDO,60,32.5
YAREK,60,12.0
YASEL,60,34.3
YIKAI,60,18.7
YOREL,60,17.4
YOUBA,60,31.9
YUSNIEL,60,38.4
ZYAD,60,11.8
AARON SANTIAGO,59,13.7
ABDELELAH,59,44.1
ADRIAN GEORGE,59,38.6
AITOR DANIEL,59,24.7
ALEX ANDRES,59,28.9
ALEXANDRE MANUEL,59,38.1
ALFREDO MARIA,59,56.2
ALVARO FABIAN,59,32.6
ALVARO FELIPE,59,39.5
ANDERS,59,47.8
ANDERSON DANIEL,59,22.4
ANKIT,59,26.7
ANTONIO DARIO,59,44.6
ARISTOTELES,59,48.6
ARTZAI,59,28.2
AURELIO FRANCISCO,59,61.7
AZMAT,59,45.0
BINBIN,59,33.2
BOUNA,59,36.3
BRIAN MANUEL,59,23.1
CARLOS MAXIMILIANO,59,42.3
CESAR ANIBAL,59,50.9
CHRISTOPHER WILLIAM,59,52.2
COSMIN CONSTANTIN,59,32.3
COSMIN FLORIN,59,33.4
CRISTHIAN MAURICIO,59,33.3
DANIEL MARIO,59,46.2
DAVID CHRISTOPHER,59,59.7
DAVID LORENZO,59,40.9
DAVID MARK,59,56.4
DICTINO,59,71.9
DIEGO ISAAC,59,21.5
DIONI,59,19.9
DIONISIO ANTONIO,59,61.4
DIONISIO MANUEL,59,55.8
DOMINGO ALEJANDRO,59,44.4
DYLAN MIGUEL,59,10.2
EDGAR ORLANDO,59,49.5
EDVARD,59,39.0
ELHADJ,59,36.6
ELHOUCINE,59,30.9
ELIBERTO,59,60.0
ELLIOTT,59,21.0
FAMAKAN,59,32.8
FEDERICO RAMON,59,48.4
FERNANDO VALENTIN,59,51.5
FIDEL JESUS,59,54.7
FLORENCIO ANTONIO,59,62.0
FLORIN BOGDAN,59,36.1
FLORIN GHEORGHE,59,44.4
FRANCISCO LEOPOLDO,59,46.3
FRANCISCO ORLANDO,59,54.7
FRANKLIN RAFAEL,59,45.4
FURQAN,59,27.9
GARY JAMES,59,57.0
GERMAN GABRIEL,59,40.5
GERMAN RICARDO,59,49.6
GONZALO ARIEL,59,30.6
GURSEWAK,59,25.5
GUSTAVO EMILIO,59,50.0
HADY,59,29.7
HECTOR ARIEL,59,37.8
HELDER MANUEL,59,47.7
HEMZA,59,34.4
HENRY ANDRES,59,32.7
HILARIO MANUEL,59,55.4
HILDEBRANDO,59,50.3
HOUSSEM,59,26.3
HUSAM,59,30.7
IANIS ANDREI,59,8.9
IDY,59,38.6
IGNAT,59,33.4
IREN,59,12.7
IZOTZ,59,19.7
JAMES THOMAS,59,49.4
JAVIER ELOY,59,42.8
JAZIEL,59,7.6
JEAN MARCO,59,24.9
JIANHUI,59,41.5
JIMMY JOSE,59,40.0
JOAO HENRIQUE,59,34.5
JOEL JOAN,59,20.9
JORGE ROLANDO,59,47.6
JORGE VINICIO,59,46.9
JOSE AIRAM,59,33.3
JOSE ANDRE,59,23.1
JOSE CEFERINO,59,62.9
JUAN JOEL,59,23.2
JUAN LUCIO,59,61.1
JUAN RODOLFO,59,51.4
JULIAN DARIO,59,36.7
KESTUTIS,59,52.7
KEVIN ANDREI,59,7.6
KEVIN IVAN,59,24.8
KEVIN JAMES,59,52.1
KEVIN PATRICK,59,48.5
LAUREA,59,54.7
LUCIANO GABRIEL,59,22.7
LUIS TEODORO,59,58.4
LUIZ GUSTAVO,59,28.1
MANJEET,59,39.6
MANUEL FLORENCIO,59,62.2
MANUEL TEODORO,59,61.4
MARC DANIEL,59,23.4
MARIO SANTIAGO,59,41.2
MARLEY,59,9.7
MATEO LUIS,59,37.8
MOHAMED NOUR,59,15.6
MUHAMMAD UMAIR,59,22.4
MUHAMMAD WAQAS,59,33.0
MUKESH,59,38.4
NICOLAE CATALIN,59,40.0
NICOLAS VALENTIN,59,18.8
NISHAN,59,36.4
NUNZIO,59,48.9
OLE,59,50.4
OMAR MANUEL,59,35.0
OWAIS,59,8.5
PABLO MAURICIO,59,45.1
PATRICIO JESUS,59,48.2
PEDRO LEONARDO,59,43.4
PHILIP ANDREW,59,61.5
PREM,59,40.7
RADU ALEXANDRU,59,31.9
RAFAEL ADRIAN,59,29.7
RAHEEL,59,32.1
RAUL DARIO,59,42.9
REDWANE,59,27.7
RICARDO FILIPE,59,36.3
RICHARD ALAN,59,59.1
RICHARD FERNANDO,59,38.1
ROBERT ALAN,59,64.3
ROBERTO ARMANDO,59,46.9
ROBERTO SEBASTIAN,59,35.9
SALVADOR PEDRO,59,59.9
SANTIAGO SALVADOR,59,46.2
SAUL ANDRES,59,26.4
SEBASTIAN ANDRE,59,15.9
SECK,59,36.3
SEGUNDO RAFAEL,59,54.5
SERGIO GUILLERMO,59,44.7
SERGUEY,59,36.2
SIFEDDINE,59,20.9
TOMAS AQUINO,59,55.3
URDAX,59,18.0
VICTOR JOSUE,59,29.8
VICTOR OSCAR,59,50.6
VLAD ANDREI,59,18.3
WIKTOR,59,19.9
WILSON ALFREDO,59,46.3
YAAGOUB,59,43.4
YASEN,59,25.9
YEISON ALEJANDRO,59,29.3
ZAKIR,59,39.5
AARON SEBASTIAN,58,11.6
ABDULAI,58,38.2
ABELINO,58,58.5
ACHILLE,58,30.1
ADAIR,58,18.3
ADRIAN CATALIN,58,31.4
ADRIAN GHEORGHE,58,39.6
ADRIANO JOSE,58,37.0
ALAN ROBERT,58,57.7
ALBERTO ALFONSO,58,48.8
ALBERTO DAMIAN,58,42.3
ALEJANDRO ISMAEL,58,24.9
ALEX ANDREI,58,11.4
ANASTASIOS,58,40.9
ANDIMA,58,36.9
ANGEL GEOVANNY,58,41.5
ANGEL SERAFIN,58,59.2
ANTOLINO,58,65.9
ANTONIO JUSTO,58,60.1
ARMANDO FRANCISCO,58,56.1
ATTILIO,58,57.3
BARTLOMIEJ,58,32.8
BENIGNO MANUEL,58,60.1
BRUNO EDUARDO,58,30.9
CESAR HUGO,58,50.6
CHAABANE,58,44.5
CHRISTIAN RAUL,58,35.1
CONSTANTIN CIPRIAN,58,41.2
CRISTHIAN MANUEL,58,31.2
CRISTIAN VALENTIN,58,34.1
DAH,58,36.8
DANIEL GONZALO,58,38.4
DANIEL OSWALDO,58,40.9
DANIEL STEFAN,58,27.6
DARIO RUBEN,58,41.0
DARWIN ALBERTO,58,36.0
DAVID CAMILO,58,31.1
DIALLA,58,41.2
DIEGO FABRICIO,58,30.4
DONIS,58,30.9
EDGAR RUBEN,58,44.8
EDUARD MIHAI,58,20.8
EDUARDO OSCAR,58,58.3
EDWIN RAMIRO,58,46.8
EFRAIN ANTONIO,58,44.1
EMERIO,58,69.9
ERICK FRANCISCO,58,28.7
ESTANIS,58,23.5
ESTEBAN NICOLAS,58,32.8
FALAK,58,31.7
FELIPE NERI,58,49.7
FERNANDO GONZALO,58,49.8
FERNANDO ISIDRO,58,59.0
FLORIN NICOLAE,58,42.2
FRANCISCO EMILIANO,58,53.0
FRANCISCO LAZARO,58,57.2
GABRIEL CATALIN,58,30.4
GABRIEL MATIAS,58,24.2
GARTZEN,58,32.2
GERARDO DIEGO,58,45.9
GERMAN IGNACIO,58,42.7
GONZALO VICENTE,58,52.0
GUOHUA,58,55.1
GUOLIANG,58,48.4
GURKIRAT,58,13.0
GURWINDER SINGH,58,32.8
HECTOR JORGE,58,57.7
HELMER,58,49.6
HERNAN ALONSO,58,44.9
HERNAN EDUARDO,58,46.4
HERON,58,24.5
HOWARD,58,52.3
ION ADRIAN,58,43.1
ION CRISTIAN,58,45.1
ION MARIUS,58,44.9
IORDAN,58,53.7
IULIU,58,55.2
IVAN ARTURO,58,43.4
IVAN ERNESTO,58,41.2
IVAN RICARDO,58,39.5
IZAN JAVIER,58,11.1
JAIRO DANIEL,58,32.8
JAMES RICHARD,58,51.4
JASSIM,58,13.8
JEFFERSON JAVIER,58,29.2
JERSON DAVID,58,29.6
JESPER,58,46.8
JESUS TEODORO,58,63.2
JHONIER,58,28.0
JOAN ESTEVE,58,48.0
JOAQUIN ALFREDO,58,50.8
JOAR,58,10.1
JOHAN ENRIQUE,58,32.7
JORDAN JOSE,58,23.3
JORGE MATIAS,58,36.2
JOSE BENEDICTO,58,59.7
JOSE JOAO,58,55.5
JOSE ROSARIO,58,53.7
JOSE VICTORIO,58,60.4
JOY,58,28.2
JULIO FELIPE,58,60.0
JURAJ,58,46.2
KRISH,58,15.2
LAUREANO JOSE,58,55.4
LAUTARO EZEQUIEL,58,22.1
LEMUEL,58,29.2
LEOPOLDO JESUS,58,51.3
LUCAS FEDERICO,58,30.1
LUCIANO ALESSANDRO,58,8.6
LUCIEN,58,36.7
LUIS AMADOR,58,57.4
LUIS MARCIAL,58,56.3
LUIS MODESTO,58,60.9
MACTAR,58,40.5
MALCOLM JOHN,58,73.5
MANUEL ELADIO,58,64.7
MAQSOOD,58,49.3
MARC JOAN,58,29.5
MARCELO IGNACIO,58,37.2
MARIANO IGNACIO,58,52.9
MARIO GUILLERMO,58,47.1
MARIO JOSUE,58,26.7
MARTIM,58,14.0
MARTIN RODRIGO,58,38.0
MAXIMILIANO ALEJANDRO,58,30.7
MERAB,58,51.4
MICHAEL ADRIAN,58,29.0
MIKOLAJ,58,22.3
MILUD,58,51.4
MUHAMMAD AZLAN,58,3.2
NDIASSE,58,37.7
NICOLAS PEDRO,58,42.7
NORBERTO ANTONIO,58,53.3
NORBERTO MANUEL,58,55.8
OMAR JAVIER,58,38.3
OMID,58,41.7
OSCAR DIEGO,58,43.6
OSKITZ,58,21.8
OSNIEL,58,37.3
OUTHMAN,58,25.0
OUTHMANE,58,25.9
PALMIRO,58,68.6
PAUL ANTONIO,58,33.1
PROSPER,58,34.4
RABIH,58,42.6
RAMON GREGORIO,58,61.9
RAZMIK,58,38.1
RODRIGO MARIA,58,28.6
ROURE,58,9.5
SAHLI,58,50.0
SALVADOR CARLOS,58,58.1
SANTIAGO EMANUEL,58,19.5
SERAFIN ANTONIO,58,60.9
SERGIO ALEXIS,58,43.8
SERXIO,58,38.9
SHER,58,37.3
SOLAYMANE,58,16.1
SONG,58,39.9
SOULEYE,58,38.5
SUMIT,58,30.9
TAYSIR,58,18.4
THOMAS JOHN,58,49.3
TIAGO ANDRE,58,33.3
UZIEL,58,12.6
VICENTE BERNARDO,58,63.6
VICTOR GREGORIO,58,47.8
VICTOR OSWALDO,58,47.4
VINICIO,58,52.6
WALI,58,15.9
WALTER MIGUEL,58,43.6
WILLIAM HENRY,58,50.7
WILLIAM PATRICIO,58,42.7
XAVIER ANDRES,58,27.2
ZESHAN,58,32.1
ZHIXIANG,58,26.1
AARAV,57,7.5
AARON FRANCISCO,57,20.9
ADIRAN,57,15.6
ADOLFO RAMON,57,57.6
ADRIAN CAMILO,57,19.4
AHMED AMIN,57,17.3
ALA EDDINE,57,24.8
ALEJANDRO RICARDO,57,42.4
ALEXANDRE JOSE,57,38.7
AMANDEEP SINGH,57,33.5
AMANPREET,57,28.0
ANDERSON JOSUE,57,20.1
ANGEL ABEL,57,42.4
ANGEL ELOY,57,54.0
ANGEL ISRAEL,57,38.8
ANGELLO,57,19.7
ANTHONY STEVEN,57,26.4
ANTIMO,57,61.7
ANTONIO CLEMENTE,57,59.2
AYAZ,57,29.6
BENJAMIN ALEJANDRO,57,25.0
BRUNO ANDRES,57,28.2
BRUNO EZEQUIEL,57,23.9
CARLOS PAUL,57,37.7
CARLOS SAUL,57,36.6
CASIMIR,57,61.5
CATALIN ADRIAN,57,36.8
CLEITON,57,38.0
CLEMENTE JESUS,57,50.6
CONSTANTI,57,54.8
CONSTANTIN BOGDAN,57,38.8
DALI,57,23.9
DANIEL FELIX,57,43.3
DANILO ANTONIO,57,41.2
DIDI,57,37.9
EDUARD CONSTANTIN,57,21.2
EDUARDO JULIAN,57,51.4
EDWIN JOEL,57,31.4
EGIDIJUS,57,49.5
ELMUSTAPHA,57,34.8
EMILIANO ANDRES,57,23.9
EMILIO JORGE,57,54.9
EMILIO JULIAN,57,54.4
EMILIO NICOLAS,57,36.1
EUGENIO ALBERTO,57,54.3
EUGENIO ENRIQUE,57,58.1
EUSEBIO JAVIER,57,52.2
FATIH,57,39.4
FEDERICO DAVID,57,40.9
FEDERICO ENRIQUE,57,50.6
FEDERICO MATIAS,57,36.3
FELIPE MARTIN,57,38.9
FERNANDO MARIANO,57,57.1
FERNANDO MOISES,57,41.4
FILIPE MIGUEL,57,39.7
FLORICA,57,52.6
FLORIN COSMIN,57,34.1
FRANCESCO MARIA,57,37.5
FRANCISCO DARIO,57,34.9
FRANCISCO JONATHAN,57,39.6
FRANCO ALEJANDRO,57,28.8
FRANCO JAVIER,57,33.7
FRANK ERNESTO,57,34.1
GABRIEL MARIAN,57,32.7
GASTON ARIEL,57,39.9
GERARDO ALFONSO,57,47.2
GHEORGHE MARIUS,57,43.3
GIANCARLOS,57,31.2
GIOVANNY ANDRES,57,31.5
GUSTAVO NICOLAS,57,36.8
HARMAN,57,18.3
HECTOR SANTIAGO,57,32.0
HERNAN ARIEL,57,44.3
HUSSAM,57,31.3
IKER GAEL,57,5.0
IONEL DANIEL,57,41.2
ISMAEL ANGEL,57,54.0
IXAI,57,20.1
IZAN JESUS,57,10.2
JAIME LEONARDO,57,40.0
JAREK,57,13.9
JERONIMO FRANCISCO,57,58.1
JESUS ISAAC,57,43.6
JESUS LEANDRO,57,46.0
JIMMY FERNANDO,57,37.1
JOAN ESTEBAN,57,24.1
JOHN ARTHUR,57,71.4
JOHN FABER,57,42.1
JOHN WALTER,57,51.9
JONATHAN FABIAN,57,28.2
JORDI ENRIC,57,48.3
JORGE EZEQUIEL,57,30.4
JORGE JUNIOR,57,23.8
JOSE MARIA ANTONIO,57,71.9
JOSE REINEL,57,46.4
JUAN EMILIANO,57,49.6
JUAN FULGENCIO,57,54.3
JULIO RAUL,57,51.0
JUNXIANG,57,19.2
KAMEN,57,43.6
KEVIN ARMANDO,57,25.4
KEVIN RICARDO,57,25.9
LUIS GINES,57,54.6
LUIS HECTOR,57,50.9
LUTZ,57,61.6
MANUEL CELSO,57,66.9
MARIUS LAURENTIU,57,36.5
MARTIN GONZALO,57,43.7
MATEO SANTIAGO,57,14.0
MATIAS ENRIQUE,57,29.7
MATIAS FEDERICO,57,32.8
MATIAS LEONEL,57,24.9
MAURICIO EDUARDO,57,41.0
MEHRDAD,57,52.6
MEISSA,57,38.5
MEL,57,14.6
MICHAEL EDUARDO,57,28.0
MICHAEL FERNANDO,57,26.9
MIGUEL ELIAS,57,42.0
MIGUEL GONZALO,57,54.7
MIKEL JOSEBA,57,49.7
MOHAMED MOULOUD,57,43.7
MUHAMMAD MUSTAFA,57,5.5
MUHAMMAD UMER,57,22.6
NAJIH,57,39.8
NAREME,57,20.4
NAYIB,57,37.4
NICOLAE MARIAN,57,37.4
NICOLAS FEDERICO,57,35.9
NOURADDINE,57,40.8
NOURIDDIN,57,43.4
NOURREDINE,57,50.5
OCTAVIO JAVIER,57,50.3
OSCAR ESTEBAN,57,42.7
OSCAR GONZALO,57,47.3
OSCAR JULIO,57,51.7
OSCAR OSWALDO,57,43.2
OUBAY,57,10.7
PAULINO JAVIER,57,55.8
PAVLIN,57,42.6
PEDRO BENJAMIN,57,41.6
PENGFEI,57,35.2
RAFAEL ISIDRO,57,58.1
REDHA,57,43.1
RELU,57,49.8
RODRIGO RAMON,57,32.1
ROLANDO ENRIQUE,57,44.9
ROQUE JAVIER,57,43.0
SACHIN,57,30.6
SAGHIR,57,46.4
SANTIAGO ROBERTO,57,49.5
SAUL MANUEL,57,28.7
SERGIO JORGE,57,49.6
SOUHAYL,57,19.3
SPAS,57,45.8
TESEO,57,11.7
THOMAS PATRICK,57,54.0
THOMAS PETER,57,52.5
TREVOR JOHN,57,73.1
VALENTIN GABRIEL,57,34.5
VASILE VIOREL,57,45.9
VICTOR GERMAN,57,48.5
WILFRED,57,44.2
WILLIAM ERNESTO,57,43.9
XIAOYU,57,30.6
XINWEI,57,34.6
XOSE ANXO,57,52.3
YAACOUB,57,8.4
YANCOUBA,57,38.8
YERAY DAVID,57,31.4
AAYAN,56,7.7
ABDELHAKEM,56,41.5
ABDENNEBI,56,55.2
ABDUL WAHAB,56,25.3
ABRAHAM ANTONIO,56,33.4
ACHIM,56,57.9
ADALID,56,41.1
ADRIAN ALFONSO,56,29.3
ADRIAN RICARDO,56,32.4
AIRAM JOSE,56,24.9
AITOR MIGUEL,56,33.6
ALAN MANUEL,56,20.3
ALBARO,56,38.7
ALBERT GABRIEL,56,16.6
ALBERTO JAIME,56,50.5
ALEX RAFAEL,56,29.8
ALEXIS ANDRES,56,32.7
ALEXIS FRANCISCO,56,42.3
ALFREDO GABRIEL,56,44.9
ALIN DANIEL,56,34.6
ALIRIO JOSE,56,42.9
AMARANTO,56,66.5
AMEDEO,56,48.4
AMIRHOSSEIN,56,31.0
ANGEL CRISTIAN,56,31.3
ANTONIO PATRICIO,56,53.4
ARION,56,13.9
ARTURO IGNACIO,56,42.0
ASSIL,56,13.4
AURELIO MIGUEL,56,57.7
AZDINE,56,35.7
BELA,56,43.1
BENDAOUD,56,47.8
BLAS RAMON,56,52.9
BRAYAN ALBERTO,56,28.7
BREO,56,3.9
BRIAN JAMES,56,64.1
BRUNO CESAR,56,33.6
BRUNO FILIPE,56,36.1
BRYAN MAURICIO,56,26.9
CAMILO JESUS,56,42.8
CESAR ELIAS,56,36.0
CHAKA,56,31.6
CHOKRI,56,40.5
CISSE,56,37.1
COSMIN GABRIEL,56,25.4
CRISTIAN CARLOS,56,37.7
CRISTIAN JORGE,56,44.9
DANY DANIEL,56,35.8
DARIO GABRIEL,56,25.2
DARREN JOHN,56,52.3
DARWIN ENRIQUE,56,38.9
DEMID,56,11.6
DENIS ANTONIO,56,31.6
DENIS MARIAN,56,17.5
DENISS,56,33.3
DOMINGO SANTIAGO,56,58.1
DRAGOS IONUT,56,30.3
EDGAR JOEL,56,29.4
EDISON MAURICIO,56,38.1
EL MAMOUNE,56,44.7
ELAI,56,7.2
ELIAS MOISES,56,29.6
ELOY JAVIER,56,49.8
EMILIO RICARDO,56,55.4
ENRIQUE PASCUAL,56,57.3
ERIAN,56,11.3
ERIK ALEJANDRO,56,20.3
ERIK JAVIER,56,24.2
ESTEBAN ANGEL,56,61.6
FELIPE TOMAS,56,52.2
FERNANDO CARMELO,56,60.3
FILIPE MANUEL,56,42.0
FLORENTINO JOSE,56,61.3
FLORIN CLAUDIU,56,41.1
FLORIN VALENTIN,56,36.1
FRANCESC MIQUEL,56,43.2
FRANCISCO MODESTO,56,56.3
FRANCISCO SEGUNDO,56,56.6
FRANCO MATIAS,56,29.3
FRANKLIN PATRICIO,56,46.0
FRANTISEK,56,49.6
GABRIEL IOAN,56,39.1
GANESH,56,31.4
GERGELY,56,39.4
GHEORGHE ALEXANDRU,56,32.4
GLICERIO,56,67.6
GONZALO JOAQUIN,56,36.4
GUAYASEN,56,32.6
GUILLERMO AGUSTIN,56,40.7
GUSTAVO ARMANDO,56,44.0
HAIYONG,56,46.3
HARPAL,56,39.4
HECTOR SEBASTIAN,56,30.3
HENRY RAFAEL,56,41.4
HORACIO ALBERTO,56,63.5
HUGO ALEXANDRE,56,35.5
HUGO ALFONSO,56,44.9
IAIN,56,50.7
IAN JESUS,56,10.2
IMAR,56,24.1
INDIGO,56,5.8
IOAN GHEORGHE,56,47.9
ION ALEXANDRU,56,35.9
ION FLORIN,56,44.1
ISMAEL MANUEL,56,42.3
IUSTIN,56,35.9
IVAN GUILLERMO,56,43.2
IVAN IGNACIO,56,40.2
IVOR,56,40.0
JHOAN STIVEN,56,23.2
JHON ERICK,56,26.9
JHONATAN STIVEN,56,28.4
JOAN ANGEL,56,43.8
JOAN BAPTISTE,56,46.6
JOHN ESTEBAN,56,27.9
JORDI MANEL,56,45.9
JORGE ANDRE,56,27.8
JORGE STEVEN,56,26.9
JOSE AMARO,56,54.6
JOSE ARIDANE,56,39.2
JOSE PERFECTO,56,63.6
JOSE PIO,56,55.3
JOSEBA MIREN,56,53.9
JOSUE ISAAC,56,20.8
JUAN CARLO,56,37.1
JUAN FRANCISCO JAVIER,56,66.8
JUAN JUNIOR,56,21.6
JUAN LAUREANO,56,57.5
KANDE,56,33.5
KEITH JOHN,56,68.3
KEVIN ORLANDO,56,26.3
KOLDOBIKA MIRENA,56,57.1
KRISTOFER,56,22.4
LEODAN,56,34.7
LEONARDO ALEXANDER,56,22.9
LEONARDO ALFONSO,56,34.6
LIBERIO,56,63.2
LIDER,56,44.6
LUCAS HERNAN,56,32.4
LUCIANO ALBERTO,56,45.1
LUIS BENIGNO,56,58.9
LUIS JACOBO,56,42.6
LUIS JOSUE,56,29.9
M BARK,56,43.7
MANUEL ABRAHAM,56,33.8
MANUEL LUCIANO,56,60.4
MANUEL OSWALDO,56,48.4
MANUEL YERAY,56,34.5
MARC ANTONIO,56,27.6
MARCOS AUGUSTO,56,41.7
MARCOS JULIO,56,42.2
MARIANO RAFAEL,56,56.2
MARIUS SORIN,56,44.1
MARIUS STEFAN,56,32.8
MARLON JESUS,56,33.0
MARVIN ALEXANDER,56,29.0
MASOOD,56,49.5
MAXIMILIANO JAVIER,56,37.2
MAXIMO LUIS,56,52.6
MICHAEL JOSUE,56,22.1
MIGUEL JULIO,56,54.4
MOHSAN,56,34.6
MUHAMMAD ZOHAN,56,2.2
NESTOR FERNANDO,56,46.2
NIZAM,56,21.6
NOEL JOSE,56,39.7
NONITO,56,68.9
OSCAR AGUSTIN,56,47.6
OSCAR DAMIAN,56,38.4
OSCAR RODRIGO,56,39.0
OSSAID,56,1.1
PAUL FERNANDO,56,36.1
PEDRO JOSUE,56,26.5
PERPETUO,56,74.2
PETROS,56,43.0
RADWANE,56,28.8
RAFAEL ALONSO,56,42.1
RAFAEL JAIME,56,56.7
RAKAN,56,11.3
RAMON DARIO,56,45.9
REGIS,56,47.1
RICARDO ROBERTO,56,52.4
RICHARD STEVEN,56,32.1
RIDER,56,37.6
ROBERT HENRY,56,63.6
ROGER ALEJANDRO,56,28.6
RUBEN ERNESTO,56,45.3
RUBEN VICENTE,56,43.7
SAHIB,56,23.9
SALVADOR ALBERTO,56,52.2
SARA,56,31.6
SERGIO PAULO,56,42.5
SIMAO,56,31.5
SOLTAN,56,5.1
STEPHEN PETER,56,61.6
SUSO,56,20.5
USSUMANE,56,36.7
VAGNER,56,40.8
VASILE GABRIEL,56,39.3
VICENTE EUGENIO,56,60.7
VICENTE NICOLAS,56,43.8
VICTOR HUMBERTO,56,49.0
VICTOR MARCELO,56,43.5
VICTORIANO JESUS,56,55.4
WAJAHAT,56,28.8
YASYN,56,31.0
YOUNOUSS,56,33.9
ZHANG,56,39.7
ZIDANE,56,21.4
ZVIAD,56,46.5
ABDELASIS,55,55.3
ABDELHAMED,55,49.7
ABRAHAM ALEJANDRO,55,21.8
ADAM DAVID,55,35.0
ADAM JOHN,55,40.5
ALAN EZEQUIEL,55,25.8
ALAN JOEL,55,18.6
ALAN MATIAS,55,12.4
ALBERTO ELIAS,55,48.6
ALEJO MANUEL,55,43.5
ALEX SANDRO,55,37.2
ALEXANDRE MIGUEL,55,35.2
ALEXIS JOEL,55,23.1
ALVARO AUGUSTO,55,47.4
ALVARO ERNESTO,55,38.7
AMADO JESUS,55,55.8
AMANDIO,55,58.3
ANGEL AARON,55,16.9
ANGEL EZEQUIEL,55,27.3
ANGEL MATHIAS,55,7.8
ARGEO,55,53.8
ARIK,55,13.5
ATEF,55,42.6
ATREYU,55,13.4
AXEL ALEJANDRO,55,16.8
AZDIN,55,26.8
BENIGNO ANTONIO,55,66.7
BIXENTE,55,59.5
BOUBKAR,55,43.5
BOULAYE,55,34.0
BRAULIO MANUEL,55,50.6
BRYAN PAUL,55,31.4
BYRON DAVID,55,32.6
CAMILO ENRIQUE,55,47.5
CARLOS GIOVANNI,55,40.0
CARLOS WALTER,55,53.4
CATALIN MIHAI,55,34.2
CECILIO JAVIER,55,53.0
CELSO JAVIER,55,49.8
CHENGHAO,55,17.4
COSMIN ADRIAN,55,30.8
CRISTIAN ANGEL,55,33.2
CRISTIAN ESTEBAN,55,32.0
CRISTOBAL ALEJANDRO,55,37.9
DANIEL ISRAEL,55,36.4
DANIEL SANTOS,55,43.4
DARIUS DANIEL,55,16.8
DARWIN ALEJANDRO,55,26.5
DAVID ARTHUR,55,66.7
DAVID HENRY,55,65.4
DAVID SERGIO,55,43.2
DAVIS,55,36.4
DIEGO GERARDO,55,41.8
DIMITAR IVANOV,55,52.6
DIONISIO JAVIER,55,52.6
EDGAR MARCELO,55,47.0
EDRIAN,55,10.8
EDUARDO JAIME,55,54.3
EDUARDO VALENTIN,55,40.3
EDWIN GEOVANNY,55,41.9
ELADIO ANTONIO,55,53.7
EMILIANO JAVIER,55,42.9
EMILIANO NICOLAS,55,36.1
EMILIO AGUSTIN,55,53.3
EMILIO ALFONSO,55,57.4
ENOCH,55,27.9
ERIK ANDREI,55,7.0
ERNESTO ANDRES,55,46.3
ESTEBAN RAMON,55,53.4
EVGENIY,55,43.7
FABIAN MANUEL,55,34.1
FACUNDO JAVIER,55,35.4
FEDERICO EDUARDO,55,46.6
FEDERICO NAHUEL,55,30.8
FELIPE JOAQUIN,55,46.2
FERNANDO ALEXANDER,55,30.4
FERNANDO GREGORIO,55,55.6
FRANCISCO LUCIANO,55,54.4
FRANKLIN DANIEL,55,34.5
FREDDY DANIEL,55,33.7
FU,55,38.6
GABRIEL IVAN,55,36.3
GABRIEL MARCELO,55,42.9
GALDRIC,55,25.6
GARAI,55,16.5
GEORGE VALENTIN,55,32.8
GEOVANNY ALEXANDER,55,31.4
GERARDO RAFAEL,55,46.3
GHEORGHE GABRIEL,55,40.7
GUILLERMO ERNESTO,55,48.5
GURDEV,55,41.9
GURNOOR,55,10.3
GUSTAVO ANGEL,55,48.0
GYORGY,55,48.6
HECTOR FELIPE,55,38.4
HORACIO DANIEL,55,58.0
HUANG,55,36.8
IAKOV,55,25.6
IBRAHIME,55,24.3
IGNACIO FELIX,55,53.2
IMRE,55,50.2
IOAN MIHAI,55,41.5
ION IÑAKI,55,56.1
JACOBO MARIA,55,32.0
JAIME FELIPE,55,45.8
JAIME GUSTAVO,55,52.4
JASON DAVID,55,35.9
JEYCOB,55,6.3
JEYSON,55,27.8
JHONNY ANDRES,55,33.9
JIAXIN,55,23.8
JOHN ALBERT,55,54.1
JOHNATHAN,55,34.2
JONATHAN ISAAC,55,24.3
JORDI FRANCESC,55,46.5
JOSE FABRICIO,55,35.4
JOSE XAVIER,55,38.4
JOSEPH JOHN,55,43.9
JOSU MIREN,55,58.8
JOSUE EMANUEL,55,21.4
JOSUE JAVIER,55,28.2
JOVANNY,55,41.5
JUAN NEPOMUCENO,55,50.9
JUAN ROSENDO,55,53.3
JUNIOR ALEJANDRO,55,23.4
JURI,55,44.2
JURIJS,55,49.8
KEVIN ISAAC,55,20.9
KEVIN ISRAEL,55,26.2
KEYLAN,55,6.0
KHAMISS,55,39.1
LACHEZAR,55,43.3
LAURENTIU IONUT,55,32.9
LEO ALEXANDER,55,10.6
LEONARDO DAMIAN,55,37.3
LEONEL DAVID,55,20.9
LIAM JAVIER,55,5.9
LIBASSE,55,36.1
LINGJUN,55,43.0
LORENZO ANDRES,55,37.8
LUIS ALFONZO,55,36.8
LUIS ROGELIO,55,54.9
LUIS SEGUNDO,55,55.4
LUIS YERAY,55,30.0
LUIZ,55,49.0
MAICOL ANDRES,55,22.8
MAKSIMS,55,33.0
MAME GOR,55,39.5
MANUEL ALEXANDRE,55,37.7
MANUEL BAUTISTA,55,58.3
MANUEL DIONISIO,55,61.6
MANUEL FIDEL,55,63.4
MANUEL RAIMUNDO,55,60.6
MARCELO ARIEL,55,44.3
MARCIAL JOSE,55,57.6
MARCO LUIS,55,36.3
MARCOS JOAQUIN,55,39.0
MARIO ALONSO,55,36.1
MARIO ARTURO,55,45.1
MARK STEPHEN,55,52.2
MARTIN ALFREDO,55,45.4
MARTYN,55,42.7
MATEO ADRIAN,55,9.3
MATIAS RAFAEL,55,37.2
MATTHEW ALEXANDER,55,22.1
MAUI,55,6.9
MAXIMILIANO ARIEL,55,37.6
MAXIMILIANO DANIEL,55,33.1
MAXIMILIANO NICOLAS,55,32.3
MELQUISEDEC,55,41.8
MENG,55,39.9
MILTON FERNANDO,55,43.9
MILTON JOSE,55,41.3
MIRO,55,19.5
MODESTO JAVIER,55,51.1
MOHAMED YACINE,55,25.2
MOISES JAVIER,55,41.0
MOUCTAR,55,32.2
MOULAY RACHID,55,47.6
MUHAMMAD AHSAN,55,26.5
MUHAMMAD HAIDER,55,8.4
MUHAMMAD ZAIN,55,17.4
NASRALLAH,55,20.4
NIALL,55,33.0
NOAH DAVID,55,9.7
NUHA,55,28.2
OSAS,55,38.8
OSCAR SALVADOR,55,44.2
OTAVIO,55,24.7
PATRICIO MANUEL,55,46.3
PAUL SEBASTIAN,55,28.4
PAULO MIGUEL,55,37.7
PEDRO NUNO,55,45.9
PETRUS JOHANNES,55,64.8
PHILIP ANTHONY,55,62.8
QUER,55,9.5
RAFAEL DARIO,55,44.4
RAMON JULIAN,55,60.3
RAUL FELIPE,55,43.4
RICARDO ALEXANDRE,55,38.7
RIDWAN,55,22.4
ROBERTO DOMINGO,55,50.6
ROQUE LUIS,55,56.8
RUBEN RICARDO,55,46.8
RUBIEL,55,50.6
SAMUEL ADRIAN,55,21.6
SAMUEL NICOLAS,55,21.0
SANDEEP SINGH,55,32.8
SERGIO GONZALO,55,42.6
SERGIO ISRAEL,55,39.9
SERGIO JULIAN,55,40.6
SERGIO MARIO,55,48.1
STEPHEN ANDREW,55,60.3
STEPHEN MARK,55,59.5
TEODORO ANTONIO,55,60.6
VICTOR EMANUEL,55,26.3
VICTOR RODRIGO,55,36.3
VLAD ALEXANDRU,55,23.3
WILLIAM GEORGE,55,60.8
WILSON OSWALDO,55,49.7
XIONG,55,47.2
YON ANDER,55,39.6
ZHAO,55,37.9
AARON ANDRES,54,15.5
ABDEL HAKIM,54,32.6
ABDELOUHAB,54,45.7
ABDERRAFIK,54,37.4
ABDI,54,30.7
ABDOLLAH,54,22.1
ADOLFO DAVID,54,40.1
ADRIAN COSMIN,54,37.8
ADRIAN MATIAS,54,19.6
AITOR FRANCISCO,54,29.8
ALAN SANTIAGO,54,13.0
ALBEIRO JESUS,54,53.4
ALBERT DANIEL,54,22.1
ALBERTO SEBASTIAN,54,38.2
ALEJANDRO PATRICIO,54,42.3
ALEXIS ALBERTO,54,37.5
ALEXSANDER,54,24.7
ALFREDO RICARDO,54,57.3
ANDRES ARMANDO,54,36.4
ANDRES EUGENIO,54,53.5
ANGEL GERMAN,54,53.5
ANGELO ANTONIO,54,36.6
ANIBAL ANTONIO,54,45.8
ANTHONY MIGUEL,54,19.3
ANTONIO CLAUDIO,54,54.2
ANTONIO EMILIANO,54,55.3
ANTONIO ROQUE,54,60.3
ANTONIO VENTURA,54,58.0
ARAFAT,54,27.0
AZEEM,54,35.1
BA,54,36.1
BASSEM,54,32.6
BENNY,54,42.8
BERNARDINO JOSE,54,59.9
BORJA MARIA,54,35.7
BOUABDALLAH,54,46.2
BRUNO DAVID,54,26.5
BRYAM,54,22.3
BURHAN,54,24.1
CALVIN,54,23.2
CAMILO ALBERTO,54,38.9
CARLOS MARCOS,54,46.0
CASSIO,54,37.3
CESAR ALONSO,54,35.3
CHRISTIAN ALFREDO,54,34.3
CHRISTIAN XAVIER,54,32.7
CHRISTOPHER ALEJANDRO,54,18.0
COLIN DAVID,54,66.2
CRISTHIAN ARIEL,54,28.0
CRISTIAN ARMANDO,54,29.9
CRISTOPHER ANDRES,54,19.9
DAMON,54,19.6
DANIEL ALESSANDRO,54,16.7
DANIEL DUMITRU,54,37.9
DANIEL MICHAEL,54,34.3
DENIS MIHAI,54,14.3
DIEGO ADOLFO,54,36.2
DUMITRU ADRIAN,54,42.6
DUVERNEY,54,40.1
DZIANIS,54,37.0
EDIER,54,35.9
EDWARD DAVID,54,32.3
ELIO ANTONIO,54,41.0
FABIAN DARIO,54,41.8
FELIPE JULIAN,54,52.4
FERNANDO MAURICIO,54,47.2
FLORIN ANDREI,54,25.3
FORTIA,54,36.0
FRANCISCO FLORENCIO,54,60.3
FRANCISCO LEANDRO,54,50.2
FRANKLIN ENRIQUE,54,41.8
FREDDY ORLANDO,54,45.8
GABRIELI,54,7.6
GAEL JESUS,54,5.4
GERMAN MIGUEL,54,47.9
GULFAM,54,34.7
HAKAN,54,39.9
HIGINIO JOSE,54,57.4
HUGO SEBASTIAN,54,23.8
IGNACIO MATIAS,54,36.1
IGORS,54,49.2
INAXIO,54,35.7
IOAN CLAUDIU,54,40.3
IOAN MARIAN,54,39.4
IVAN ARIEL,54,32.8
JACINTO LUIS,54,63.0
JAIME HERNAN,54,50.3
JAIRO FRANCISCO,54,33.8
JEAN MARCOS,54,22.3
JEIKO,54,8.6
JEREMIAH,54,23.1
JESUS EMANUEL,54,25.5
JESUS FABIAN,54,38.0
JESUS NAZARENO,54,53.9
JI,54,43.1
JIAYU,54,22.0
JINWEI,54,40.9
JONNATAN,54,35.9
JORGE JOEL,54,27.1
JOSE LUIS MARIA,54,70.1
JOSE MAXIMILIANO,54,42.8
JOSE MILLAN,54,56.7
JOSEPH WILLIAM,54,47.7
JOSUE ABRAHAM,54,24.5
JOVITO,54,68.6
JUAN EULOGIO,54,61.9
JUAN HORACIO,54,56.4
JUAN RUFINO,54,61.1
JULIAN NICOLAS,54,33.9
JUNFENG,54,35.2
JUSTICE,54,30.9
KADIR,54,35.0
KAITO,54,11.6
KAROLY,54,51.8
KENDRY,54,21.0
KEVIN LEANDRO,54,24.9
KEVIN RAUL,54,23.1
KEVIN SAMUEL,54,21.5
KEVIN XAVIER,54,25.3
LAURENCE,54,49.0
LAXMAN,54,40.8
LEONARDO ALFREDO,54,41.0
LHOUSSINE,54,44.1
LIAM JOSUE,54,4.8
LOU,54,16.1
LUCAS BENJAMIN,54,16.5
LUCAS MAXIMILIANO,54,30.2
LUIS ANDRE,54,30.1
LUIS EZEQUIEL,54,39.3
LUIS GEOVANNY,54,38.7
LYUBEN,54,43.6
MAARTEN,54,44.0
MADAY,54,10.8
MADIOP,54,39.9
MALKEET,54,35.1
MANUEL MARCELO,54,54.4
MANUEL MAURICIO,54,49.1
MARCELO DAMIAN,54,37.9
MARCOS FABIAN,54,34.9
MARIO VALENTIN,54,31.1
MARIUS CLAUDIU,54,39.0
MARK ROBERT,54,56.6
MARLO,54,20.9
MARLON EDUARDO,54,32.1
MAROINE,54,24.5
MATEO FERNANDO,54,21.9
MATIAS LEONARDO,54,27.7
MATIAS SANTIAGO,54,27.9
MIAN,54,43.0
MIGUEL VICTOR,54,54.4
MILKO,54,48.1
MOHAMED IBRAHIM,54,26.6
MOHAMED RIAD,54,19.6
MOHAMMED AMIR,54,7.5
MORTEZA,54,50.2
MUZAMMAL,54,34.8
NAOUFEL,54,31.6
NELSON FRANCISCO,54,45.0
NICOLAS GONZALO,54,36.8
NING,54,39.4
OCTAVIO ANTONIO,54,50.0
OCTAVIO LUIS,54,53.1
OMAR SANTIAGO,54,30.4
OSVALDO ANTONIO,54,51.7
PAUL FRANCIS,54,59.2
RAFAEL SANTOS,54,48.7
RAJWINDER,54,34.8
RAMON CARMELO,54,59.1
RAUL MARIO,54,50.9
RAUL MARTIN,54,42.9
RAUL RAFAEL,54,42.6
REYNALDO JOSE,54,32.7
RICARDO ANDRE,54,28.6
RICARDO MAURICIO,54,42.5
RICARDO OMAR,54,50.2
RICARDO SALVADOR,54,54.8
RODOLFO MANUEL,54,55.7
RODRIGO ADRIAN,54,25.4
SAJAWAL,54,27.2
SALIA,54,36.0
SALVADOR DANIEL,54,44.0
SALVADOR EDUARDO,54,50.9
SEBASTIAN RICARDO,54,33.6
SHAUKAT,54,51.0
SHIJIE,54,29.1
SHUBHAM,54,25.9
SILVIO JOSE,54,48.9
STUART JOHN,54,59.7
TEGADAY,54,27.6
TOUFIQ,54,34.2
UWAIS,54,5.4
VENIAMIN,54,31.6
VICTOR MATEO,54,18.2
VICTOR MOISES,54,43.5
VIVENCIO,54,70.9
VLADIMER,54,44.7
WILSON MANUEL,54,39.5
XANDER,54,12.2
YEICOB,54,7.3
YOTUEL,54,12.8
ZELJKO,54,52.2
ABDELKAMAL,53,38.9
ABDELOUAHD,53,34.8
ABDESSAMIE,53,29.5
ABRAHAM DANIEL,53,18.5
ADRIAN DARIO,53,32.1
ALBERTO MARIANO,53,46.2
ALFONSO MARTIN,53,48.8
ALFREDO JOAQUIN,53,60.3
ALFREDO MARTIN,53,52.7
ALI REZA,53,48.9
ALPHOUSSEYNI,53,36.3
ALVARO GUILLERMO,53,41.7
ALVARO RAUL,53,40.0
ANDERSON ANTONIO,53,29.5
ANDERSON FABIAN,53,26.3
ANDERSON JOEL,53,21.9
ANDRES STEVEN,53,25.1
ANGELITO,53,54.1
ANMOL,53,17.9
ANTONIO CAYETANO,53,49.0
ANTONIO JOSUE,53,27.0
ARTEMIY,53,19.7
ASSAAD,53,25.5
AXEL MANUEL,53,16.8
BASIT,53,28.7
BERNARDO RAMON,53,52.6
BOB,53,48.3
BOYKO,53,47.9
BRANISLAV,53,47.1
BYRON ALEXANDER,53,26.7
CARLOS JONATHAN,53,37.5
CHAKER,53,31.5
CHARLES EDWARD,53,58.2
CHRISTIAN SEBASTIAN,53,30.4
CHRISTOPHER JOSEPH,53,40.1
CIPRIAN CONSTANTIN,53,39.7
CIPRIAN IOAN,53,42.3
CLAUDIU CONSTANTIN,53,36.8
CLAUDIU GABRIEL,53,30.9
CRISTHIAN FABIAN,53,31.1
DAHOU,53,44.4
DANIEL GERMAN,53,39.5
DANIELS,53,17.6
DARIO FRANCISCO,53,39.2
DARIUS FLORIN,53,13.5
DAVID GUSTAVO,53,40.9
DIEGO JOEL,53,20.0
DIEGO OSCAR,53,42.2
DIOGO MIGUEL,53,28.5
DION,53,15.3
DRAGOS ANDREI,53,20.8
EDGAR ALFREDO,53,46.5
EDGARDO ANTONIO,53,43.2
EDISON ALBERTO,53,42.4
EDISON XAVIER,53,38.7
EDWIN OSWALDO,53,42.7
ELIAN JOSE,53,14.0
ELOY ANGEL,53,58.1
EMANUEL JESUS,53,23.3
ENEBIE,53,24.7
ENRIQUE MARIANO,53,55.0
FACUNDO DANIEL,53,28.8
FACUNDO SEBASTIAN,53,28.4
FELIKS,53,31.1
FELIX ADRIAN,53,33.0
FELIX GUILLERMO,53,48.0
FRANCISCO HILARIO,53,58.6
FRANCO MARTIN,53,30.6
FRANK LUIS,53,31.3
FRANKLYN,53,42.9
GABRIEL ALESSANDRO,53,12.5
GABRIEL ANDREI,53,16.7
GABRIEL OSCAR,53,45.5
GEORGE IONUT,53,30.7
GERARDO JUAN,53,50.7
GERMAN ARIEL,53,40.8
GIAN PAOLO,53,45.0
GINES MANUEL,53,49.4
GIOVANNI ALEXANDER,53,32.2
GREGORIO RAFAEL,53,59.4
GUILLERMO OSCAR,53,51.7
GULZAR,53,47.8
GUSTAVO RAUL,53,49.4
HAFED,53,39.2
HECTOR IGNACIO,53,40.0
HECTOR OSWALDO,53,50.7
HEKTOR,53,17.9
HONGYU,53,27.3
HRISTIYAN,53,29.4
HUGO ARIEL,53,38.0
IAM,53,11.2
IAN MARTIN,53,28.4
IAN WILLIAM,53,65.7
IDAFE,53,28.3
IGNACIO DOMINGO,53,53.7
IOAN LUCIAN,53,44.4
IOAN SORIN,53,46.2
IOAN VIOREL,53,46.4
ISAIAH,53,18.6
ISIDRO JUAN,53,58.3
JAIME EMILIO,53,52.5
JAIME GONZALO,53,44.6
JAMES DANIEL,53,37.2
JAVIER ISAAC,53,29.6
JEFERSON DAVID,53,23.7
JEFF,53,37.3
JEREMY JOSUE,53,14.4
JESUS JERONIMO,53,57.2
JESUS MODESTO,53,56.4
JHOAN ALEXANDER,53,23.3
JHOAN STEVEN,53,24.0
JHONATAN JAVIER,53,27.6
JIA,53,36.0
JIAHUI,53,23.4
JIANBO,53,49.9
JIANHAI,53,47.9
JIMMY JAVIER,53,38.5
JOAN FERRAN,53,42.7
JOAQUIN LORENZO,53,54.7
JOHN JAVIER,53,39.0
JON PATXI,53,55.8
JONATHAN SEBASTIAN,53,26.3
JORGE GERARDO,53,50.1
JORGE GREGORIO,53,48.2
JOSE ARBEY,53,49.5
JOSE DUVAN,53,43.5
JOSE ELIECER,53,52.6
JOSE GAEL,53,6.6
JOSE LUIZ,53,49.6
JOSE MARI,53,32.8
JOSE RIGOBERTO,53,50.3
JOSE SERVANDO,53,60.0
JOSHUA JAMES,53,27.0
JUAN AVELINO,53,60.5
JUAN LAZARO,53,57.4
KAKHA,53,42.7
KARLO,53,28.8
KASHMIR,53,52.1
LEONARDO ADRIAN,53,35.5
LEONEL ENRIQUE,53,35.1
LIAM NICOLAS,53,5.0
LUCAS MARCELO,53,24.4
LUIS ANDERSON,53,30.2
LUIS EMANUEL,53,23.6
MACEDON,53,48.9
MADICKE,53,36.1
MAJED,53,37.4
MANUEL GASPAR,53,58.2
MANUEL ROQUE,53,59.1
MARCELO ROBERTO,53,50.2
MARCO FERNANDO,53,42.5
MARCOS TULIO,53,46.6
MARINO JOSE,53,53.2
MARIO FELIPE,53,46.8
MARTIJN,53,46.1
MARTIN DARIO,53,41.3
MAURICIO ESTEBAN,53,41.2
MAURICIO MANUEL,53,43.5
MELANIO,53,62.8
MERZAK,53,48.9
MEZIAN,53,57.6
MICHAEL ENRIQUE,53,31.4
MIHAI COSMIN,53,32.9
MIHAI SORIN,53,43.3
MILES,53,25.8
MOISES ALEXANDER,53,27.5
MOUMEN,53,46.8
MUHAMMAD NADEEM,53,42.5
NAUZET JESUS,53,29.7
NICHOLAS PAUL,53,48.2
NICOLAS NAHUEL,53,27.7
NICOLAS RICARDO,53,34.0
NIKKO,53,12.0
NOAH ALEXANDER,53,8.8
NOEL ALEJANDRO,53,26.9
OVIDIU IOAN,53,43.6
PASCUAL LUIS,53,61.8
PEDRO DARIO,53,37.8
PER,53,65.6
PERGENTINO,53,56.2
PETER RICHARD,53,66.4
PHILIP CHARLES,53,67.6
PIERO ALEXANDER,53,21.2
RADU ANDREI,53,24.0
RAFAEL BERNARDO,53,57.4
RAFAEL VALENTIN,53,46.3
RAMIR,53,52.1
RAMON JOSEP,53,57.1
RAUL ORLANDO,53,49.7
RAUL SALVADOR,53,50.0
ROBERT JAN,53,58.3
RODERIC,53,36.7
RON,53,41.8
SADAM,53,29.6
SANTOS JESUS,53,59.0
SEBASTIAN ADRIAN,53,23.1
SEBASTIAN PEDRO,53,57.7
SEGUNDO LUIS,53,55.5
SHERIF,53,37.5
SHERIFF,53,35.0
SIMON MANUEL,53,44.5
SINAY,53,9.2
SLAVCHO,53,47.8
THIAGO ANTONIO,53,9.3
TOMAS SALVADOR,53,52.7
VALENTIN FRANCISCO,53,59.2
VICENTE FELIX,53,64.6
VICTOR EMMANUEL,53,28.0
WALTER ARIEL,53,44.2
WALTER IVAN,53,42.0
WEIMIN,53,51.2
WILLIAM EDWARD,53,58.1
WILLIAM ORLANDO,53,46.1
WILLIAM THOMAS,53,54.6
WILMER DANIEL,53,31.7
WOUTER,53,48.5
XIAOLIANG,53,40.4
YAHAYA,53,25.2
YIHENG,53,10.7
YONES,53,21.6
YULIN,53,36.9
ZEYU,53,17.7
AARON ENRIQUE,52,19.3
ABDOU SALAM,52,33.7
AGUSTIN DOMINGO,52,58.4
AKAKI,52,37.8
ALEJANDRO JAIME,52,43.6
ALSENY,52,30.9
ALVARO PABLO,52,37.3
ANDRE SEBASTIAN,52,18.7
ANDRES ALEXIS,52,43.1
ANDRES ALONSO,52,30.6
ANDY JOEL,52,22.5
ANGEL SEGUNDO,52,56.9
ANGEL TEODORO,52,59.6
ANRI,52,19.1
ANTHONY RAFAEL,52,22.1
ANTONY JOSE,52,29.1
ARIEL DAVID,52,28.2
AZAD,52,33.9
BALBIR,52,55.5
BENAMAR,52,48.7
BJOERN,52,47.6
BLAS ALBERTO,52,50.6
BOGDAN ADRIAN,52,31.6
BRIAN MICHAEL,52,58.4
BRUNO LUIS,52,37.6
CARLOS CLEMENTE,52,54.4
CARMELO ENRIQUE,52,59.8
CATALIN NICOLAE,52,38.1
CHARKAOUI,52,43.6
CHUN,52,42.2
CIPRIANO JOSE,52,59.5
CLAUDIU ADRIAN,52,35.8
CLAUDIU ANDREI,52,23.6
COLAS,52,18.6
CRISTIAN GUILLERMO,52,36.6
CRISTIAN MATIAS,52,30.7
DAINIUS,52,46.0
DARIO SEBASTIAN,52,31.3
DAVID CARMELO,52,46.3
DEMIR,52,18.3
DERRICK,52,37.1
DIEGO ALVARO,52,34.4
DIEGO ELIAS,52,29.8
DIMITAR GEORGIEV,52,51.4
DIMO,52,47.0
DOMINGO DANIEL,52,41.0
DOMINIC ANDREI,52,4.9
EDISON PAUL,52,35.6
EDISON SANTIAGO,52,30.4
EDMUND,52,54.2
EDUARD CRISTIAN,52,20.9
EDWIN ARMANDO,52,38.7
EGON,52,48.2
EL MUSTAFA,52,46.8
ELIAS ALBERTO,52,46.0
EMILIO MARTIN,52,44.3
ENRIQUE ESTEBAN,52,57.4
ERIC ANTONIO,52,25.4
ESTEBAN ENRIQUE,52,45.5
FABIO CESAR,52,34.9
FAUSTO ENRIQUE,52,54.5
FELIPE AUGUSTO,52,40.0
FELIPE SEBASTIAN,52,34.6
FELIPE VICENTE,52,60.6
FERMIN FRANCISCO,52,58.8
FERNANDO ALEXIS,52,40.0
FERRAN JOSEP,52,43.0
FIDEL ERNESTO,52,45.3
FLAVIO CESAR,52,29.6
FRANCESC RAMON,52,55.3
FRANCISCO ROQUE,52,57.1
GABRIEL ARMANDO,52,31.9
GABRIEL FLORIN,52,35.3
GABRIEL TOMAS,52,40.0
GAEL DAVID,52,5.5
GERARDO ALFREDO,52,50.0
GERMAN PABLO,52,45.7
GHEORGHE CATALIN,52,40.9
GONZALO FEDERICO,52,36.6
GUILLERMO ARIEL,52,45.7
GUILLERMO EMILIO,52,42.9
GUSTAVO DAMIAN,52,41.3
HANNES,52,34.4
HARLEY,52,25.5
HARTMUT,52,72.0
HAYDEN,52,12.0
HECTOR JOSUE,52,26.8
HUGO VICENTE,52,37.6
IAN JOEL,52,9.3
IBA,52,37.3
IGNACIO EZEQUIEL,52,31.7
IGNACIO FELIPE,52,49.1
IKER SAMUEL,52,10.2
ION MIKEL,52,41.6
IONICA,52,49.2
ISAIAS JOSE,52,33.7
IVAN MARTIN,52,35.3
IVANE,52,40.2
JAIME SEBASTIAN,52,39.9
JAIR ANTONIO,52,42.8
JEFERSSON,52,32.3
JEFFERSON EDUARDO,52,30.7
JEREMIE,52,30.0
JESUS CRUZ,52,58.3
JESUS MARCIAL,52,54.3
JESUS MARIA JOSE,52,74.6
JIACHEN,52,15.7
JINHUI,52,37.4
JINPING,52,52.4
JOAQUIN GUILLERMO,52,51.3
JOAQUIN MARIANO,52,55.1
JOEL DANIEL,52,25.8
JOHAN EDUARDO,52,29.0
JOHANN SEBASTIAN,52,25.6
JOHN ALEX,52,35.2
JONATAN ANDRES,52,33.9
JONATHAN SAMUEL,52,25.2
JORGE MATEO,52,24.4
JOSE ALADINO,52,67.2
JOSE CALASANZ,52,59.1
JOSE DOMINGOS,52,55.7
JOSE ROMUALDO,52,61.1
JOSEP SALVADOR,52,51.1
JULIO SEBASTIAN,52,34.8
KEBIR,52,46.5
KEVIN JULIAN,52,24.8
KEVIN WILLIAM,52,45.1
LAURENTIU FLORIN,52,36.9
LEANDRO RAFAEL,52,34.7
LIAM MIGUEL,52,6.4
LIJIE,52,32.0
LIMING,52,44.6
LIVIU IONUT,52,34.9
LU,52,35.8
LUCAS GASTON,52,35.2
LUIS AITOR,52,44.4
LUIS JONATHAN,52,38.1
LYON,52,5.2
MALAININE,52,42.7
MALLE,52,36.4
MANJOT,52,20.4
MANUEL CECILIO,52,57.0
MANUEL CRISTO,52,50.7
MARCIO JOSE,52,41.0
MARCOS EMILIO,52,41.0
MARCOS JULIAN,52,39.9
MARINICA,52,52.8
MARTIN PEDRO,52,53.0
MARVIN JOSUE,52,27.6
MASON,52,10.5
MASS,52,30.6
MATEO IGNACIO,52,15.8
MATEO JOAQUIN,52,17.2
MATEO JUAN,52,41.1
MAXIMUS,52,10.9
MELVIN ALEXANDER,52,28.7
MELVIN ANTONIO,52,35.8
MIKALAI,52,46.8
MIKLOS,52,45.7
MILTON PATRICIO,52,47.4
MOHAMED CHERIF,52,36.8
MOSSAAB,52,17.0
MUHAMMAD HAROON,52,16.5
MUHAMMAD RIZWAN,52,36.8
MUMTAZ,52,47.2
NACER EDDINE,52,36.8
NADJIB,52,34.4
NARCISO JAVIER,52,50.8
NARCISO JESUS,52,55.3
NASR ALLAH,52,16.6
NAZRUL,52,42.3
NELSON ARMANDO,52,43.7
NELSON OMAR,52,42.6
NUNO MANUEL,52,45.8
OBAID,52,17.0
OLEKSANDER,52,29.8
ORLANDO DANIEL,52,39.6
OSCAR HERNANDO,52,44.1
OSCAR JAIME,52,52.1
OVIDIO JOSE,52,50.5
PATRICK MICHAEL,52,47.4
PEDRO PAULO,52,40.6
PETER EDWARD,52,70.7
POMPILIO,52,69.7
RAFAEL SIMON,52,46.0
RAN,52,36.1
RAUL TOMAS,52,48.6
RICARDO JULIO,52,54.4
ROBERTO AGUSTIN,52,50.7
RODRIGO JUAN,52,34.6
RUBEN PABLO,52,44.1
SAFEER,52,33.3
SAMUEL MATIAS,52,11.8
SANTIAGO LORENZO,52,49.3
SANTIAGO RICARDO,52,45.2
SANTOS ALBERTO,52,50.7
SAUL ALEXANDER,52,25.7
SEBASTIAN AGUSTIN,52,38.4
SEBASTIAN ELIAS,52,17.6
SEBASTIAN ESTEBAN,52,38.1
SEBASTIAN MIHAI,52,24.4
SERGIO ALFREDO,52,43.1
SIRIMAN,52,34.5
SOHEL,52,36.4
THIAGO VALENTINO,52,9.2
VICENTE CARMELO,52,62.8
VICENTE ISIDRO,52,60.0
VICTOR LORENZO,52,48.2
WALTER OSWALDO,52,45.6
WEIYONG,52,44.8
WILMER EDUARDO,52,37.1
WILSON ARMANDO,52,42.0
YAGOBA,52,41.8
YARETH,52,5.5
YEISON STIVEN,52,27.4
ZAIGHAM,52,32.3
ZHIHUI,52,37.8
ZINOVIY,52,59.8
ABDEL RAHMAN,51,19.2
ABDENACER,51,36.0
ABDERRAZAQ,51,30.5
ABEL EDUARDO,51,31.3
ADRIAN RAMON,51,33.7
AGUSTIN FELIPE,51,54.0
AITOR ANTONIO,51,31.5
ALBERTO ALEXANDER,51,32.9
ALBERTO GUILLERMO,51,52.1
ALEJANDRO ISAAC,51,25.2
ALIN ALEXANDRU,51,32.0
ANDREI ROBERT,51,24.5
ANDRES MARIO,51,48.0
ANDRES VALENTIN,51,35.0
ANDY GABRIEL,51,18.1
ANGEL JAIME,51,57.0
ANTONIO BIENVENIDO,51,55.6
ANTONIO MARCIAL,51,60.2
ANTONIOS,51,44.1
ARTURO ANGEL,51,58.1
ASDRUBAL JOSE,51,43.8
ASSAD,51,27.2
AUDELINO,51,75.2
AVELINO MANUEL,51,63.0
AYRAM,51,14.1
BABOUCAR,51,33.9
BAHA,51,38.8
BAPTISTE,51,30.8
BASILIO JAVIER,51,51.0
BASSIM,51,22.2
BROOKLYN,51,10.2
BRUNO MARTIN,51,27.8
CAMILO JAVIER,51,41.2
CARLOS EMILIANO,51,33.2
CARLOS FABRICIO,51,28.7
CARMEL,51,59.2
CATALIN VASILE,51,38.0
CESAR FELIPE,51,48.4
CHAFIQ,51,34.0
CRISTIAN GERMAN,51,38.3
DAMIAN ALEXANDER,51,21.5
DAMIAN MANUEL,51,43.9
DANIEL FILIPE,51,31.5
DANIEL ISAIAS,51,27.1
DARWIN MANUEL,51,33.4
DAVID MATIAS,51,24.2
DEMETRIO JESUS,51,58.3
DILAN ALEXANDER,51,16.7
DILBAG,51,42.8
DILPREET,51,21.6
DIOGO FILIPE,51,27.4
DOMINGO CARLOS,51,56.8
EDGAR ROLANDO,51,44.7
EDGARDO DANIEL,51,50.4
EDUARD STEFAN,51,14.2
EDUARDO MARIO,51,51.7
EDUARDO MAURICIO,51,47.1
EDWARD ENRIQUE,51,35.5
ELYAN,51,6.4
ENRIQUE ADOLFO,51,60.2
ENRIQUE ALEXANDER,51,30.6
ERNESTO VICENTE,51,57.5
ETHAN GABRIEL,51,8.6
EULOGIO MANUEL,51,56.8
EZEQUIEL MARTIN,51,35.0
EZEQUIEL NICOLAS,51,28.0
FAUST,51,42.6
FELIX EMILIO,51,57.8
FERNANDO PASCUAL,51,56.4
FRANCISCO SERAFIN,51,58.0
GABRIEL HENRIQUE,51,21.7
GAIETA,51,62.3
GANEKO,51,26.1
GONZALO ADRIAN,51,31.7
GRABIEL,51,46.6
GUILLERMO CESAR,51,48.3
GUILLERMO ESTEBAN,51,44.1
GURMUKH,51,44.1
HAMIDREZA,51,48.6
HECTOR RODRIGO,51,42.8
HENRY WILLIAM,51,41.8
HSSAINE,51,43.5
IAN LUCAS,51,9.5
INNOCENT,51,42.3
ION CATALIN,51,43.1
ION MARIAN,51,43.5
IONUT LAURENTIU,51,34.7
IRKUS,51,33.1
ISIDRO RAMON,51,53.7
ISMAEL ANDRES,51,31.0
ITHAN,51,11.9
IVAN ANGEL,51,35.5
IVAN ESTEBAN,51,36.5
IVAN MARIA,51,40.8
IVAN RENE,51,34.9
IVAN ROBERTO,51,46.0
JAIR ALEXANDER,51,27.3
JANKO,51,36.7
JAVIER CLEMENTE,51,41.6
JEAN CHARLES,51,52.4
JEAN LUCAS,51,13.1
JEAN PIER,51,27.3
JHON ANDRES,51,29.6
JHON JAIDER,51,31.3
JHON PAUL,51,30.3
JHONATAN JOSE,51,31.2
JIANMING,51,46.0
JOHN MARTIN,51,60.4
JOHN STEPHEN,51,64.7
JOHNNY FERNANDO,51,39.0
JOHNNY JAVIER,51,40.6
JONATHAN ALFREDO,51,33.3
JONATHAN MOISES,51,27.9
JORGE WALTER,51,59.1
JOSE RENATO,51,41.7
JOSE REYNALDO,51,41.0
JOSE TEOFILO,51,62.7
JOSETXO,51,40.0
JUAN JOSE MARIA,51,67.0
JULIO ARTURO,51,57.4
JUNIOR MANUEL,51,29.5
KEANU,51,11.2
KEVIN FABRICIO,51,24.8
KEVIN THOMAS,51,46.6
KOLDO MIRENA,51,58.7
KRIS,51,33.9
LORENZO ANGEL,51,57.2
LORENZO RAFAEL,51,52.4
LUCAS EMMANUEL,51,22.7
LUCAS RAMON,51,34.6
LUCIANO EZEQUIEL,51,30.4
LUCIO JAVIER,51,51.9
LUIS PAULO,51,42.2
MACOUMBA,51,38.4
MALAQUIAS,51,60.3
MAMOUN,51,37.7
MANUEL EVARISTO,51,57.6
MANUEL FABIAN,51,44.3
MARIO GUSTAVO,51,53.0
MARIO MARTIN,51,44.0
MARIUS CIPRIAN,51,39.5
MARIUS COSMIN,51,35.9
MARIUS LUCIAN,51,40.3
MARK ANTONY,51,48.7
MARK JOSEPH,51,41.5
MARK PETER,51,56.0
MARLON DANIEL,51,24.7
MASUD,51,38.8
MATHIAS JESUS,51,9.2
MATIAS BENJAMIN,51,18.3
MAX ALEXANDER,51,18.2
MAXYM,51,23.6
MAYO,51,20.7
METIN,51,42.5
MFEDAL,51,57.2
MICHAEL JORDAN,51,25.0
MICHEL ALEJANDRO,51,28.7
MIGUEL RODRIGO,51,38.0
MIHAI MARIAN,51,37.1
MIHAI MARIUS,51,39.5
MUHAMMAD TAHA,51,10.0
NAMA,51,31.3
NEMANJA,51,30.4
NICOLAS IVAN,51,34.0
NITIN,51,32.0
ORLANDO FRANCISCO,51,56.1
OSCAR ANIBAL,51,50.5
OSCAR ELIAS,51,39.9
OUAHIB,51,34.5
PERE PAU,51,44.7
PETRU DANIEL,51,33.1
QIAN,51,35.0
QIN,51,42.6
RAMON PABLO,51,58.8
RASEL,51,31.3
RAUL ARTURO,51,46.9
RAUL RAMON,51,54.0
REN,51,22.5
RENE JOSE,51,43.4
REVAZ,51,48.2
RICARDO EUGENIO,51,56.9
RICARDO JULIAN,51,48.1
RICHMOND,51,27.7
ROBERT PETER,51,61.3
ROBERTH,51,34.1
SAMUEL ARTURO,51,24.4
SERGIO ALONSO,51,34.8
SERVULO,51,65.5
SIMON JESUS,51,44.3
SIYUAN,51,19.0
SOUNGALO,51,35.3
STEPHEN GEORGE,51,64.7
SUKHVIR,51,35.6
SULLIVAN,51,21.6
SZABOLCS,51,39.7
TADAS,51,37.0
THIAGO JOSUE,51,7.3
THOMAS CHARLES,51,43.0
TOMAS DOMINGO,51,55.2
VALENTIN FLORIN,51,29.1
VICENTE ALFREDO,51,58.5
WEIWEI,51,38.1
WILLIAM MICHAEL,51,55.2
WILMER FERNANDO,51,37.4
WILSON RODRIGO,51,48.8
YANIER,51,35.0
YASH,51,22.8
YIFEI,51,24.8
YONNY,51,43.7
YUREM,51,6.6
ZHIMING,51,44.3
ABDALAH,50,20.6
ABDELOUADOUD,50,25.5
ABUBAKARI,50,25.6
ADAMO,50,43.8
ADRIAN ERNESTO,50,32.6
AGAMJOT,50,5.1
AGUSTIN JORGE,50,54.1
ALAN GEORGE,50,69.8
ALBERTINO,50,61.8
ALBERTO FABIAN,50,40.6
ALBERTO ISMAEL,50,43.0
ALBERTO LORENZO,50,53.3
ALDO DANIEL,50,43.2
ALEJANDRO HUGO,50,46.8
ALEJANDRO MARIANO,50,42.5
ALEX JOSUE,50,22.0
ALEX OMAR,50,32.5
ALEXANDRU ROBERT,50,25.6
ALFREDO NICOLAS,50,44.4
ALLA,50,39.5
AMADOR JESUS,50,51.1
AMADY,50,36.4
ANAND,50,31.1
ANDRES GONZALO,50,44.2
ANTHONY CHARLES,50,65.0
ANTONIO CANDIDO,50,63.9
ANTONIO FABIAN,50,44.4
ANTONIO MAXIMO,50,55.0
ANTONY ALEXANDER,50,22.5
ARIEL ENRIQUE,50,34.4
AYMENE,50,19.3
AZAM,50,42.3
BENJAMIN ALEXANDER,50,21.7
BENJAMIN MANUEL,50,49.7
BOBBY,50,39.7
BOGDAN VASILE,50,37.5
BRAULIO JESUS,50,45.3
BRUNO RICARDO,50,36.5
BRYAN MANUEL,50,22.5
CANDELAS,50,72.3
CARLOS LEANDRO,50,36.8
CARLOS ROLANDO,50,46.7
CESAR ESTEBAN,50,42.6
CESAREO JOSE,50,58.6
CHANG,50,31.7
CHAUDHRY,50,45.0
CHRISTOPHER JESUS,50,21.4
COSMIN DANIEL,50,30.4
COSMO,50,17.4
CRISTIAN GEOVANNY,50,31.9
CRISTIAN RENE,50,33.5
DAMIAN FRANCISCO,50,52.6
DANIEL JUNIOR,50,15.0
DAVID LUCAS,50,19.1
DENIS NICOLAS,50,14.7
DEREK ALEJANDRO,50,10.2
DOMINGO FERNANDO,50,63.5
DONGDONG,50,36.6
EDDY ANTONIO,50,43.5
EDELIO,50,63.7
EDGAR VINICIO,50,45.5
EDISON ALEJANDRO,50,29.2
EDISON DANIEL,50,33.0
EDUARDO GUSTAVO,50,54.2
EDUARDO RENE,50,49.6
ELIAS RAFAEL,50,35.3
ELIAS SEBASTIAN,50,21.8
ELVIS DANIEL,50,29.6
ENRIC JOSEP,50,49.0
ENRIKE,50,48.2
ENRIQUE BERNARDO,50,55.7
ERIC ADRIAN,50,18.9
ERIC JESUS,50,28.3
ERIK FERNANDO,50,30.4
ESTEVAN,50,38.0
EUGENIO RAFAEL,50,55.1
EULOGIO JOSE,50,56.2
FABIAN GABRIEL,50,25.5
FALL,50,37.5
FELIPE ENRIQUE,50,48.3
FERNANDO ISRAEL,50,39.9
FIDELIO,50,69.4
FODIL,50,41.2
FRANCESC JOAN,50,52.4
GABRIEL JOSUE,50,20.6
GABRIEL SALVADOR,50,42.8
GEGHAM,50,44.5
GEORGE ROBERT,50,42.4
GOKHAN,50,40.0
GUILLERMO ADOLFO,50,45.8
GUILLERMO FELIPE,50,43.9
GUILLERMO RUBEN,50,50.4
GUSTAVO ROBERTO,50,50.7
GUSTAVO RUBEN,50,49.1
HANS CHRISTIAN,50,48.2
HECTOR ALEXIS,50,36.8
HECTOR JOAQUIN,50,42.1
HECTOR RENE,50,46.2
HELENIO,50,57.9
HUGO LEONARDO,50,36.5
IAN RICHARD,50,62.5
IGNACIO FEDERICO,50,43.6
IGNACIO RAUL,50,47.6
IMOBACH,50,34.1
IONUT CONSTANTIN,50,35.0
IONUT LUCIAN,50,33.3
ISAAC ENRIQUE,50,28.3
ISARD,50,17.9
ISMAEL EDUARDO,50,33.7
JAIR ANDRES,50,32.0
JAIRO FERNANDO,50,38.6
JASWINDER SINGH,50,40.1
JEAN PIERE,50,25.1
JEAN PIERO,50,26.4
JEICOB,50,6.4
JERAI,50,21.6
JESUS HILARIO,50,62.5
JHON MANUEL,50,35.6
JIMMY ANDRES,50,35.3
JOAO ALBERTO,50,48.7
JOHN ALEXIS,50,32.0
JOHNNY JOSE,50,44.9
JORDI ANDREU,50,36.0
JORGE GERMAN,50,46.6
JORGE PASCUAL,50,50.4
JOSE CIRILO,50,60.9
JOSE GUMERSINDO,50,67.8
JOSE UBALDO,50,56.9
JOSU ANDONI,50,51.9
JOSUE RAFAEL,50,27.6
JUAN SILVERIO,50,57.7
JULIAN DOMINGO,50,60.7
KAUA,50,16.7
KOLDO MIKEL,50,51.7
KONE,50,34.9
LAAROUSSI,50,42.7
LEONARDO LUIS,50,46.1
LINAS,50,41.8
LOQMAN,50,7.1
LUCAS ALEXANDRU,50,8.9
LUCAS VALENTIN,50,14.4
LUIS AMABLE,50,53.5
LUIS EFREN,50,47.1
MARC XAVIER,50,30.2
MARCELO MIGUEL,50,46.1
MARCELO NICOLAS,50,32.7
MARCELO OSCAR,50,55.0
MARCELO RUBEN,50,49.7
MARIANO EDUARDO,50,50.4
MARIUS IONEL,50,42.8
MARTIN DIEGO,50,43.8
MARTIN RICARDO,50,45.6
MASSAER,50,42.1
MATEO VALENTIN,50,11.7
MATHIAS ALESSANDRO,50,10.3
MAUDILIO,50,71.9
MAXIMO ALBERTO,50,43.8
MAXIMO FRANCISCO,50,42.0
MIHALY,50,46.6
MIQUEL JOSEP,50,44.0
MITCHELL,50,38.6
MOHAMAD ALI,50,23.7
MOHAMED AYMANE,50,19.0
MORTEN,50,54.0
MOURTALLA,50,32.3
NAN,50,36.4
NAWAZ,50,42.7
NAYDEN,50,42.8
NAZARET,50,32.9
NESTOR FRANCISCO,50,43.7
NICOLAE ALIN,50,39.6
NOFRE,50,21.6
OBAY,50,9.3
OSARO,50,45.8
OSVALDO JOSE,50,55.7
PABLO BENJAMIN,50,30.7
PABLO FERMIN,50,48.6
PABLO VICTOR,50,45.2
PASCUAL ANGEL,50,60.4
PATRICIO ALBERTO,50,49.5
PATRICK GABRIEL,50,14.3
PAULINO MANUEL,50,60.0
PETYO,50,49.6
RAMON LORENZO,50,62.0
RASHAD,50,40.8
RAUL FLORIN,50,19.2
RAUL HERNAN,50,47.0
RAUL MIHAI,50,20.1
RAYCO ANTONIO,50,38.3
REYNALDO ANTONIO,50,41.0
RICARDO ELIAS,50,41.3
RICARDO LEON,50,48.9
ROBERT NICOLAE,50,28.6
ROBERTO JAIME,50,50.8
SADA,50,36.4
SAHEL,50,24.1
SANTIAGO ISAAC,50,24.1
SANTIAGO JULIO,50,53.4
SAUL ENRIQUE,50,38.9
SEAN PATRICK,50,39.0
SEBASTIAN LEONARDO,50,30.0
SEGIMON,50,62.1
SEGUNDO ALBERTO,50,56.2
SERGIO ORLANDO,50,44.0
SEVASTIAN,50,34.2
SEYNI,50,38.2
SHAMIL,50,36.4
SORIN DANIEL,50,39.4
STEPHEN RICHARD,50,63.8
STEVEN JOSE,50,23.6
TEOTIMO,50,74.8
THIAGO MATHIAS,50,8.0
THIAGO SAMUEL,50,7.4
TOMAS VALENTIN,50,35.2
TRAORE,50,34.1
VACLAV,50,47.2
VICENT XAVIER,50,49.0
VICENTE ESTEBAN,50,55.4
VICTOR GUSTAVO,50,45.8
VICTOR JUNIOR,50,21.3
VIVEK,50,30.8
WALTER DARIO,50,48.7
WILLIAM STEVEN,50,26.3
WILLIAN JOSE,50,37.1
WILMER ALEXIS,50,35.3
WINSTON,50,45.2
YACIN,50,22.7
YANDY,50,37.7
YAVOR,50,39.8
ZEIAN,50,9.1
ZIAN,50,11.8
ABDERRAHMENE,49,22.4
ABISAI,49,22.3
ADOLFO ALEJANDRO,49,42.7
ADRIAN JOHN,49,57.0
ADRIAN LEONARDO,49,31.8
AIJUN,49,48.5
ALAN EDUARDO,49,25.1
ALAN MICHAEL,49,57.0
ALAN NICOLAS,49,23.2
ALAN THOMAS,49,54.8
ALBERTO ADRIAN,49,36.9
ALBERTO CESAR,49,51.6
ALBERTO GREGORIO,49,50.9
ALBERTO RUBEN,49,51.7
ALBERTO VALENTIN,49,46.4
ALEJANDRO EUGENIO,49,40.9
ALEX JESUS,49,29.4
ALEXANDRU LUCIAN,49,34.7
ALEXANDRU SORIN,49,37.1
ALEXIS NICOLAS,49,28.1
ALFREDO ALBERTO,49,55.1
ALFUSAINEY,49,31.1
ALIAN,49,32.1
ALIN VASILE,49,39.8
AMDY,49,38.9
ANDERSON STEVEN,49,24.7
ANDRES CARMELO,49,53.8
ANDRES JAIME,49,54.9
ANGEL LUCAS,49,48.3
ANTHONY FERNANDO,49,22.6
ANTHONY THOMAS,49,59.1
ANTONIO PAULO,49,51.0
AXEL ANDRES,49,21.9
BAGDAD,49,55.0
BALVIR,49,49.0
BARTOLO,49,54.2
BISHAL,49,28.4
BLAY,49,32.0
BRAM,49,36.9
BYRON JOSE,49,36.7
CARLOS ADAN,49,35.3
CARLOS EDGARDO,49,45.6
CARMELO DAVID,49,42.2
CARMELO LUIS,49,54.7
CASIAN,49,18.0
CATALIN GABRIEL,49,32.9
CECILIO JESUS,49,48.9
CELESTI,49,65.9
CESAR PEDRO,49,52.7
CHABANE,49,52.2
CHRISTOPHER ANTHONY,49,50.5
CLAUDIO ADRIAN,49,45.2
CLAUDIO ROBERTO,49,53.3
CLAUDIU ALEXANDRU,49,29.1
DABI,49,36.7
DANIEL ANDRE,49,33.1
DANIEL EMANUEL,49,24.6
DANIEL MARCOS,49,37.5
DANNY FERNANDO,49,36.6
DARIUS ADRIAN,49,14.9
DARIUS NICOLAS,49,10.8
DAVID JULIO,49,47.2
DAVID STEPHEN,49,59.1
DENIS ALEJANDRO,49,19.0
DIONISIE,49,39.0
DOMINGO IGNACIO,49,60.6
DRAGOS CONSTANTIN,49,36.1
EDUARD ALEXANDER,49,29.8
EDUARDO ELIAS,49,46.2
EDUARDO SAMUEL,49,29.3
EDWIN ALFONSO,49,39.8
ELADIO JAVIER,49,51.8
ELAID,49,42.4
ELISEO JOSE,49,56.1
ELOHIM,49,12.0
ELVER,49,44.8
EMILIANO JESUS,49,46.5
EMILIANO MANUEL,49,47.1
ENEDINO,49,73.7
ENRIQUE CESAR,49,56.7
ENRIQUE FELIX,49,55.2
ENZO SEBASTIAN,49,19.3
ESTEBAN IGNACIO,49,42.3
EVARISTO ANTONIO,49,59.1
EYDER,49,31.2
FADY,49,29.3
FAUSTINO ANTONIO,49,61.2
FEDERICO MARIA,49,45.4
FRANCISCO CECILIO,49,55.7
FRANCISCO HUMBERTO,49,50.4
FRANS,49,50.2
GABRIEL RAUL,49,30.8
GAEL ANDRES,49,7.2
GARY PAUL,49,60.4
GASPAR ANTONIO,49,46.6
GASPAR JESUS,49,49.7
GEDIMINAS,49,46.7
GENER,49,35.6
GEORGI DIMITROV,49,51.0
GEORGI GEORGIEV,49,34.9
GERMAN JAVIER,49,46.1
GEXAN,49,12.4
GHEORGHE MARIAN,49,42.5
GICU,49,53.1
GILDARDO ANTONIO,49,52.9
GILMER,49,47.6
GONZALO NAHUEL,49,26.4
GONZALO RODRIGO,49,31.5
GUOPING,49,55.9
GUSTAVO EZEQUIEL,49,32.4
HAIDAR,49,22.5
HARESH,49,54.4
HARJEET,49,36.4
HASSAN ALI,49,16.5
HECTOR ELIAS,49,41.7
HERNAN GUSTAVO,49,47.5
IGNACIO JULIO,49,52.2
IGNACIO VALENTIN,49,44.7
ILLART,49,21.7
IONUT CLAUDIU,49,33.9
IRVING,49,39.2
ISAAC EMANUEL,49,14.1
ISSAKA,49,37.9
IVAN AGUSTIN,49,33.6
IVAN IVANOV,49,37.8
IVAN LEONARDO,49,36.1
IVAN PABLO,49,39.1
IÑIGO JESUS,49,50.9
JAIME OSWALDO,49,50.4
JAMES PETER,49,51.2
JAVIER JAIME,49,50.7
JAVIER SANTOS,49,48.1
JESUS AVELINO,49,65.0
JESUS BENIGNO,49,62.4
JESUS FEDERICO,49,54.0
JHON ALBERTO,49,36.1
JHON EDUAR,49,36.9
JIANDONG,49,48.6
JOEL JAVIER,49,25.7
JOGINDER,49,52.5
JOHAN ANTONIO,49,33.0
JOHAN JESUS,49,28.9
JOHN ERICK,49,25.7
JONATHAN MARK,49,53.3
JONATHAN RICARDO,49,31.9
JORDAN JAVIER,49,23.8
JORDI JESUS,49,37.4
JORGE MOISES,49,41.5
JOSE CASIMIRO,49,64.3
JOSE GUZMAN,49,53.2
JOSE MACARIO,49,62.0
JOSE MARIA JESUS,49,70.0
JOSE NICASIO,49,64.4
JOSUE ANDRES,49,25.5
JUAN DEMETRIO,49,58.1
JUAN PASTOR,49,52.2
JUNIOR RAFAEL,49,33.7
JUNKAI,49,18.3
JUSTIN ALEJANDRO,49,15.1
JUSTO ANGEL,49,59.7
KENDRICK,49,10.9
KEVIN BRIAN,49,31.8
KHADIME,49,33.6
KOEN,49,29.6
KYRAN,49,9.5
LAURENTIU MARIAN,49,34.4
LAZARE,49,10.3
LEONEL ALEXANDER,49,22.2
LORENZO ENRIQUE,49,48.9
LUALI,49,34.9
LUCA DANIEL,49,12.9
LUIS REINALDO,49,49.1
MADDOX,49,10.9
MAMADOU YAYA,49,31.1
MANUEL HORACIO,49,56.1
MANUEL LEOPOLDO,49,52.7
MANUELE,49,39.2
MANVEER,49,12.5
MARGARITO,49,66.8
MARIANO CARMEN,49,52.6
MARIO GONZALO,49,47.8
MARIO IONUT,49,14.0
MARIO PATRICIO,49,49.1
MARIO PEDRO,49,52.4
MARIUS GHEORGHE,49,43.2
MARK ALAN,49,54.2
MARLON ALBERTO,49,37.0
MARTIN GUSTAVO,49,43.5
MARTIN ROBERTO,49,46.9
MARTINHO,49,37.4
MARTINS,49,39.6
MASSINE,49,17.1
MATEO GAEL,49,4.3
MATTHEW ROBERT,49,41.9
MATTHEW THOMAS,49,37.0
MAURO GABRIEL,49,27.5
MAXIMILIANO JESUS,49,32.0
MAXIMO DANIEL,49,31.9
MICHAEL ALEXIS,49,26.8
MIGUEL FERMIN,49,54.7
MIGUEL ORLANDO,49,42.9
MIHAI ALIN,49,36.2
MILAN ANDRES,49,5.4
MINGXUAN,49,14.2
MODESTO ANTONIO,49,56.7
MOHAMED EL AMIN,49,28.8
MOHAMED IYAD,49,8.4
MOHAMED OMAR,49,24.1
MOHAMED WALID,49,25.0
MOHAMMED ACHRAF,49,27.1
MOHAMMED KARIM,49,38.5
MOHAMMED RAYANE,49,13.8
MOHSSEN,49,38.4
MOMODOU LAMIN,49,30.5
MOUHAMADOU BAMBA,49,36.1
MUHAMMAD NAEEM,49,43.3
MUHAMMAD WALI,49,4.1
NARCISO MANUEL,49,54.3
NESTOR DAMIAN,49,34.4
NFAMARA,49,38.3
NICKY,49,29.3
NICOLAS MAXIMILIANO,49,32.2
OMAR DARIO,49,44.1
OMAR GABRIEL,49,31.3
ONKAR,49,30.3
OSCAR PATRICIO,49,46.0
OSVALDO DANIEL,49,49.2
OSWALDO JAVIER,49,43.0
OUISSAM,49,30.1
PABLO ADOLFO,49,42.6
PABLO EMANUEL,49,30.9
PABLO LUCAS,49,37.7
PAUL CHRISTOPHER,49,58.3
PAULINO ANTONIO,49,61.3
PAULINO JESUS,49,58.3
PLACID,49,56.6
RACHAD,49,26.4
RAFAEL ADOLFO,49,54.5
RAFAEL ALVARO,49,47.6
RAFAEL MARIO,49,56.0
RAMAZ,49,50.9
RAUL CESAR,49,47.7
RAYNER,49,29.6
REINALDO JAVIER,49,41.2
RENE JESUS,49,41.6
REYAD,49,13.9
RIAN,49,13.2
RICHARD ANDREW,49,56.4
RICHARD MARTIN,49,51.1
ROBERTO ESTEBAN,49,48.9
ROBERTO GUSTAVO,49,52.3
RODRIGO NAHUEL,49,28.5
ROGER JOHN,49,73.8
ROKAS,49,24.5
ROLANDO ALBERTO,49,48.2
ROSEMBERG,49,47.2
RUBEN JORGE,49,48.1
RUBEN RAMON,49,45.3
SANTIAGO ERNESTO,49,41.2
SANTIAGO RUBEN,49,42.2
SEGUNDO RAUL,49,53.6
SEIFEDDINE,49,20.4
SEVER,49,54.9
SILVAN,49,15.0
SLAVI,49,39.4
SOCORRO,49,73.1
SORIN IOAN,49,48.1
TINERFE,49,40.6
TOMAS ESTEBAN,49,47.2
VASILE CATALIN,49,39.3
VICTOR ALFONZO,49,34.0
VICTOR ISRAEL,49,37.4
WENTAO,49,26.5
WILLIAM ANTHONY,49,53.2
WILSON HERNAN,49,49.1
WILSON IVAN,49,43.0
WILSON RAFAEL,49,41.2
XULIAN,49,25.0
YAMEL,49,32.6
YEDEY,49,11.5
YEIDAN,49,8.0
YOELVIS,49,34.1
ZAYED,49,15.2
ZDENEK,49,54.2
ZHIMIN,49,51.2
ABDELLALI,48,43.9
ABDESSLEM,48,50.3
ABDOURAHMAN,48,26.6
ABOUBACAR SIDIKI,48,23.9
ADAN MANUEL,48,31.1
ALAN PAUL,48,50.9
ALAN SEBASTIAN,48,17.5
ALDO JOSE,48,41.1
ALEJANDRO MATEO,48,20.9
ALEJANDRO SERGIO,48,48.2
ALEXANDER JOSUE,48,21.3
ALEXIS FABIAN,48,28.3
ALFONSO JAIME,48,53.5
ALFONSO JULIAN,48,52.3
ALI HAIDER,48,14.5
ALLAN DAVID,48,27.8
ALVARO RICARDO,48,39.0
ANDDE,48,9.2
ANDRES HUMBERTO,48,42.7
ANDRES PATRICIO,48,39.8
ANDRIU,48,16.7
ANGEL ABRAHAM,48,28.4
ANGEL LEANDRO,48,38.6
ANGEL LEONEL,48,31.5
ANGEL SIMON,48,47.4
ANGELO DAVID,48,22.5
ANTONI LLUIS,48,50.3
ANTONIO LEOPOLDO,48,50.1
ANTONIO RAMIRO,48,56.3
ARBEN,48,46.0
ARCHIE,48,20.7
AREK,48,10.3
ARSENIO JOSE,48,52.9
BENITO ANGEL,48,62.9
BIAO,48,47.2
BOUSELHAM,48,52.0
BRUNO HENRIQUE,48,30.2
BRYAN ANTHONY,48,30.5
CANDIDO LUIS,48,63.7
CARLES JOSEP,48,51.2
CARLOS GASTON,48,47.2
CARLOS STIVEN,48,27.2
CHABIER,48,29.4
CHRISTOPHER THOMAS,48,49.1
CIPRIAN VASILE,48,42.0
CIPRIANO MANUEL,48,62.6
CONSTANTIN ALIN,48,38.5
CRISTHIAN ANTONIO,48,30.0
CRISTIAN LEANDRO,48,33.0
CRISTIAN STIVEN,48,26.6
CRISTOPHER DANIEL,48,16.9
DAMIAN ALBERTO,48,42.0
DARIO ALEXANDER,48,29.3
DARIUS MIHAI,48,15.0
DAVID JONATAN,48,39.6
DEIVY,48,29.1
DIEGO MOISES,48,29.8
DINIS,48,29.6
DIOUF,48,37.8
DOMNINO,48,73.6
DRAGOS ALEXANDRU,48,28.6
EDGAR ALEXIS,48,38.0
EDISON GEOVANNY,48,37.5
EDUARDO EUGENIO,48,55.7
EDWIN GABRIEL,48,27.6
EDWIN IVAN,48,40.2
ELIAS EZEQUIEL,48,21.1
ELISEO MANUEL,48,57.7
ELM,48,20.1
ELMO,48,30.8
ELVIS ENRIQUE,48,40.4
ELYASS,48,21.6
ERIC JAVIER,48,28.4
ERIK ADRIAN,48,18.0
EUSEBIO MIGUEL,48,60.1
EVER ANTONIO,48,33.8
EZEQUIEL ANTONIO,48,39.4
FABRICIO ALEJANDRO,48,25.5
FERNANDO ELIAS,48,42.4
FLORIN IULIAN,48,39.4
FRANCESC MANEL,48,46.2
FRANCISCO AITOR,48,35.9
FREDY FERNANDO,48,44.9
GEORGE EDWARD,48,64.3
GEORGE MARIUS,48,37.1
GINES ANGEL,48,55.1
GONZALO EMILIO,48,43.0
GREGORIO VICENTE,48,56.4
GUILLERMO FABIAN,48,42.4
GURMIT,48,49.5
HACHIM,48,33.1
HENRY GABRIEL,48,28.6
HERNAN DIEGO,48,48.7
HERNAN RODRIGO,48,42.0
HOUSSAM EDDINE,48,26.0
HUMBERTO CARLOS,48,46.8
IDAN,48,26.1
IGNACIO ALFREDO,48,45.0
ILDAR,48,40.9
ILDEFONS,48,64.5
IONATAN,48,17.2
ISMAEL VICENTE,48,47.8
ISSAH,48,36.5
ISSIAKA,48,30.8
IULIAN ALEXANDRU,48,27.2
IULIAN MARIAN,48,35.7
IÑIGO MANUEL,48,37.1
JACOBO JESUS,48,39.3
JAGROOP SINGH,48,30.2
JAIME ADRIAN,48,34.8
JAIME RUBEN,48,45.1
JAN HENDRIK,48,62.1
JASIM,48,27.1
JASKIRAT,48,14.3
JAUME FRANCESC,48,42.4
JAVIER BENITO,48,52.9
JAVIER MOISES,48,39.9
JEANCARLOS,48,26.6
JEISON ALEXANDER,48,27.4
JESUS HERNAN,48,44.2
JIANQING,48,49.9
JINCHENG,48,29.4
JINGHAO,48,14.4
JOAO FERNANDO,48,45.6
JOAO RICARDO,48,35.4
JOHANNES WILHELMUS,48,64.7
JONATHAN EMANUEL,48,28.0
JORDAN DANIEL,48,17.8
JORGE EDISON,48,46.7
JOSE ALEX,48,34.4
JOSE AMERICO,48,58.5
JOSE CASTOR,48,61.5
JOSE FRANKLIN,48,44.9
JOSE GUADALUPE,48,45.7
JOSE RUPERTO,48,62.3
JOSE VICTORINO,48,66.5
JOSEBA AINGERU,48,48.5
JOSUE EMMANUEL,48,22.8
JUAN AARON,48,23.9
JUAN ISAIAS,48,40.8
JUNBO,48,25.7
KENNETH WILLIAM,48,71.1
KHEIR EDDINE,48,31.6
KIRYL,48,28.6
KOSTA,48,36.8
KUNAL,48,28.0
LAJOS,48,51.5
LAMARANA,48,33.7
LATIF,48,41.4
LEONARDO GASTON,48,43.3
LEONEL EDUARDO,48,29.1
LIBIN,48,49.1
LLUIS ANTONI,48,49.6
LORENZO DANIEL,48,38.3
LOUAI,48,16.4
LOUIE,48,28.1
LUCAS MARIA,48,27.4
LUIS JUNIOR,48,26.5
MADALIN IONUT,48,28.0
MAICOL STIVEN,48,22.5
MALAININ,48,38.3
MAMADOU MOUCTAR,48,40.1
MANUEL BORJA,48,38.5
MANUEL CESAREO,48,63.6
MANUEL HILARIO,48,63.2
MANUEL JACOBO,48,48.1
MARCELINO JAVIER,48,56.2
MARCO ADRIAN,48,22.8
MARIAN ANDREI,48,25.2
MARINO ANTONIO,48,55.0
MARIO FABIAN,48,41.2
MARIO JULIAN,48,45.8
MARLON STEVEN,48,26.5
MATEI ALEXANDRU,48,11.7
MATEO EZEQUIEL,48,12.4
MATHIAS EDUARDO,48,13.0
MATIAS LEANDRO,48,30.7
MAURICIO RAFAEL,48,30.7
MAURO ENRIQUE,48,44.1
MEDIR,48,38.2
MIGUEL BENITO,48,54.1
MIGUEL BERNARDO,48,53.9
MOHAMED BACHIR,48,39.2
MOHAMMED ELAMINE,48,26.4
MOHAMMED YASSIN,48,28.7
MOSLIM,48,18.0
MUHAMMAD AFZAL,48,50.4
MUHAMMAD ARSLAN,48,24.9
MUHAMMAD NAVEED,48,39.4
MUJTABA,48,17.8
MUSAH,48,36.6
NICOLAS ALEXIS,48,32.8
NICOLAS EMANUEL,48,24.1
NICOLAS VICENTE,48,41.4
NOAN,48,10.8
NOUR DINE,48,43.2
NUHACET,48,34.7
OLEGS,48,47.7
OMAR ALFONSO,48,44.1
ORHI,48,10.0
PABLO ARMANDO,48,44.4
PASCUAL RAMON,48,60.1
PATRICIO EDUARDO,48,51.9
PATRICIO HERNAN,48,47.1
PEDRO FIDEL,48,56.2
PEDRO JOEL,48,28.5
PETRONEL,48,43.0
PLINIO,48,57.1
RADHAMES,48,49.7
RADOSLAW,48,39.9
RAFAEL BENITO,48,53.2
RAFAEL GERARDO,48,56.5
RAFAEL ORLANDO,48,47.4
RAMON JAIME,48,61.7
RAUL HUMBERTO,48,54.2
RAUL STEFAN,48,13.6
RAUL VALENTIN,48,27.8
RAZVAN MIHAI,48,29.9
ROBERTO FELIPE,48,50.5
ROBERTO GUILLERMO,48,53.9
ROBERTO RICARDO,48,51.1
ROBERTO SALVADOR,48,48.3
ROBERTO VALENTIN,48,43.3
ROMAN ALBERTO,48,45.3
ROMER,48,40.6
RORY,48,34.2
RUBEN PEDRO,48,47.3
RUEL,48,47.1
RUI FILIPE,48,39.1
SALLAM,48,53.8
SALVADOR JOAQUIN,48,57.6
SAMAN,48,30.5
SAMUEL ABRAHAM,48,21.5
SANTIAGO CARMELO,48,59.6
SANTIAGO GERMAN,48,45.8
SANTOS ENRIQUE,48,50.7
SAUL ALBERTO,48,34.0
SEBASTIAN ALEXIS,48,35.1
SEBASTIAN GONZALO,48,39.0
SERGIO ANIBAL,48,48.0
SERGIU ANDREI,48,26.8
SERVILIO,48,68.9
SHOUKAT,48,46.3
STEFAN FLORIN,48,32.6
SUJAN,48,29.6
TAI,48,17.4
TAPHA,48,34.0
THIAGO MARTIN,48,9.1
THOMAS ANTHONY,48,53.2
TICIANO,48,62.7
TIEMOKO,48,34.1
UBAID,48,22.0
VICTOR XAVIER,48,32.5
WALTER MAURICIO,48,39.1
WALTHER,48,47.6
WASIF,48,26.0
WILLIAM HERNAN,48,44.6
YADIER,48,30.4
YEISON FERNANDO,48,32.5
YIXIN,48,28.8
YONAS,48,17.0
YONGHUA,48,51.9
YUNIESKY,48,42.0
ZHENGWEI,48,43.3
ZIHANG,48,11.7
ABDOU KHADIR,47,40.9
ABEL ENRIQUE,47,45.7
ABIB,47,35.1
ADRIAN GUILLERMO,47,32.1
AGUSTIN SALVADOR,47,52.3
AHMIDOU,47,59.4
AITZ,47,25.3
ALEJANDRO JOEL,47,22.9
ALEJANDRO MOISES,47,29.8
ALEKO,47,36.0
ALEXANDER LUIS,47,28.9
ALLAH,47,47.3
AMIRAN,47,45.8
ANDERSON ALEXANDER,47,26.5
ANGEL BIENVENIDO,47,61.8
ANGEL FLORENCIO,47,57.1
ANTONIO CELSO,47,64.8
ATTA,47,40.7
AUGUSTO JESUS,47,52.8
AURELIEN,47,37.7
AYHAN,47,29.4
BARUC,47,25.9
BASEL,47,36.2
BOI,47,24.4
CARLES MARIA,47,60.4
CARLOS ALBEIRO,47,47.7
CARLOS BOLIVAR,47,52.9
CARLOS JACOBO,47,45.5
CARLOS TEODORO,47,56.8
CATALIN DANIEL,47,36.9
CAYETANO JESUS,47,38.9
CELS,47,33.6
CESAR GONZALO,47,51.7
CESAR TOMAS,47,52.2
CESAREO MANUEL,47,61.7
CHEIKH AHMED TIDIANE,47,27.9
CHEIKH OUMAR,47,35.9
CHEIKHNA,47,37.7
CHRISTIAN DARIO,47,37.8
CHRISTIAN PATRICIO,47,39.9
CLEOFE,47,67.6
COLIN JAMES,47,64.6
CONSTANTIN MARIAN,47,41.0
CONSTANTIN SORIN,47,45.7
COSMIN MIHAI,47,31.6
CRISTHIAN FELIPE,47,29.5
CRISTIAN GHEORGHE,47,41.1
CRISTOBAL DANIEL,47,38.9
DAILOS JESUS,47,32.0
DAMIAN GABRIEL,47,28.6
DAN ALEXANDRU,47,37.2
DANIEL GHEORGHE,47,40.4
DANIEL WILLIAM,47,37.3
DARIO DANIEL,47,33.9
DAVID HUMBERTO,47,39.2
DEVIN,47,15.9
DIAGNE,47,33.5
DIEGO FELIX,47,46.4
DIEGO MARIANO,47,43.1
DINKO,47,49.8
DJIBI,47,29.6
DRAKE,47,8.2
EDGAR DARIO,47,39.8
EDGAR RAUL,47,46.1
EDUARDO DIEGO,47,46.7
EDWIN ROBERTO,47,44.4
ELVIS MANUEL,47,31.4
ERVIS,47,38.7
EUMENIO,47,70.9
EUSEBIO LUIS,47,61.8
EUSEBIU,47,39.2
FABIAN ALONSO,47,33.1
FELIX AGUSTIN,47,60.3
FELIX ARMANDO,47,52.5
FERMIN LUIS,47,64.7
FERNANDO ABEL,47,46.4
FLORENT,47,38.8
FRANCISCO RENE,47,47.5
FREDI,47,42.9
GABRIEL ALEXIS,47,32.5
GABRIEL NICOLAE,47,34.8
GALI,47,22.8
GARCIA,47,51.4
GARY DAVID,47,56.3
GERMAN FERNANDO,47,49.6
GERMAN RAFAEL,47,46.5
GERMANO,47,57.2
GHAZI,47,47.1
GINES MARIA,47,54.6
GODSTIME,47,18.6
GRATINIANO,47,68.8
GREGORIO ANDRES,47,55.5
GUSTAVO JUAN,47,50.2
HECTOR ROLANDO,47,46.6
HENRIQUE MANUEL,47,49.1
HONGBO,47,39.3
HUGO RUBEN,47,44.6
IAKES,47,24.2
IANIS GABRIEL,47,8.4
IBER,47,28.0
IGNACIO EMILIO,47,49.4
IKER MIGUEL,47,15.9
IKHLEF,47,47.9
IMELDO,47,66.5
IOAN CATALIN,47,41.8
IOAN NICOLAE,47,48.4
IONUT VIOREL,47,34.4
ISIDRO ANGEL,47,56.9
JALED,47,29.1
JAMES HENRY,47,47.8
JAVAD,47,47.5
JAVIER CARMELO,47,48.2
JEAN MICHAEL,47,26.4
JEREMY JESUS,47,21.1
JERONIMO LUIS,47,56.2
JHON MAURICIO,47,40.3
JIANWU,47,46.2
JOAO GUILHERME,47,21.6
JOAQUIM ANTONIO,47,59.4
JOHANNES CORNELIS,47,64.7
JONAI,47,32.9
JONATHAN IVAN,47,33.5
JONATHAN SANTIAGO,47,29.4
JORGE BLAS,47,50.8
JORGE CRISTIAN,47,40.8
JORGE FERMIN,47,51.0
JORGE GEOVANNY,47,40.9
JORGE NELSON,47,51.3
JOSE ADONAY,47,23.9
JOSE LUIS ANTONIO,47,68.4
JOSE NATALIO,47,56.6
JOSE OSVALDO,47,52.4
JOSEP DANIEL,47,38.2
JOSHUA ALEJANDRO,47,17.1
JUAN MARINO,47,59.4
JUAN MELCHOR,47,54.4
JULIAN ALFREDO,47,48.4
JUNIOR ALEXIS,47,27.6
KASSOUM,47,37.8
KELVIN ANTONIO,47,34.0
KEVIN ANDREY,47,23.2
LAURENTIU CRISTIAN,47,36.2
LAUTARO AGUSTIN,47,22.3
LEANDRO DAMIAN,47,38.1
LEANDRO NAHUEL,47,28.8
LEIF,47,42.2
LEVY,47,16.3
LINGWEI,47,39.0
LINO ANTONIO,47,56.3
LORGIO,47,51.9
LUCA ALEXANDRU,47,9.7
LUCAS HENRIQUE,47,25.8
LUCAS IONUT,47,6.4
LUIS ANSELMO,47,53.6
LUIS CECILIO,47,58.2
LUIS SIMON,47,48.8
MAHYUB,47,34.4
MALKIT,47,44.6
MANI,47,26.9
MANUEL ABEL,47,54.5
MANUEL LEON,47,52.8
MARCELO FRANCISCO,47,51.8
MARCIAL ANTONIO,47,57.9
MARCO ALEXIS,47,39.2
MARCO ALFONSO,47,39.0
MARCOS TOMAS,47,44.7
MARIANO ESTEBAN,47,50.1
MARIANO SEBASTIAN,47,41.4
MARIO ARMANDO,47,45.1
MARTIN ERNESTO,47,46.5
MARTYNAS,47,34.5
MATEO RAFAEL,47,21.2
MATIAS FABIAN,47,26.4
MICHAEL STEPHEN,47,56.3
MIGUEL ALEXANDRE,47,37.0
MIGUEL DIEGO,47,50.7
MIGUEL GERMAN,47,48.6
MIGUEL OMAR,47,39.3
MIHAI IOAN,47,41.7
MOISES AARON,47,25.5
MON,47,15.1
MONCIF,47,27.7
MUHAMMAD ESSA,47,5.8
NAUFEL,47,17.9
NAVID,47,36.7
NEDYALKO,47,45.5
NEERAJ,47,35.1
NELSON MAURICIO,47,41.3
NELSON RODRIGO,47,49.0
NICOLAS CRISTIAN,47,12.5
NOUSSAIR,47,26.5
OSCAR FELIX,47,49.8
OSCAR ISAAC,47,22.9
OSCAR JUNIOR,47,20.9
OSCAR WILLIAM,47,39.0
OSWALDO RAFAEL,47,48.2
OUAIS,47,7.0
OVIDIU VASILE,47,44.9
PARMJIT,47,44.8
PERSEO,47,10.3
PREDRAG,47,53.3
QUIRICO,47,65.9
RAFAEL ELIAS,47,43.3
RAFAEL FEDERICO,47,51.9
RAFAEL GERMAN,47,52.8
RAFAEL REYES,47,55.7
RAMADAN,47,41.4
RAMON JULIO,47,62.3
RANA,47,38.2
RAUL OMAR,47,52.6
RICARDO JOSUE,47,24.8
RICARDO MOISES,47,39.8
RICARDO VALENTIN,47,48.4
RICHARD ENRIQUE,47,38.9
ROBERTO CRISTIAN,47,32.2
ROBERTO MARCELO,47,52.4
RODRIGO ESTEBAN,47,36.1
ROSENDO JOSE,47,53.2
RUBEN SEBASTIAN,47,30.8
SADIQ,47,37.0
SAIFUL,47,37.0
SAIHOU,47,42.5
SANTIAGO VALENTIN,47,36.6
SARR,47,34.2
SEEDY,47,36.3
SEKOUBA,47,37.8
SERAFIN JESUS,47,58.8
SERIGNE BABACAR,47,17.3
SHAMAS,47,35.2
SHERWIN,47,39.7
TEMUR,47,38.8
THIBAULT,47,26.8
TOMAS EMILIO,47,53.2
TOMAS JULIAN,47,53.2
TOMAS RICARDO,47,53.1
ULYSSES,47,17.9
VAHAGN,47,36.5
VICENTE MARIO,47,57.1
VICTORIO MANUEL,47,55.2
WILLIAM ARMANDO,47,46.5
WILLIAM CHARLES,47,61.2
WILLIAN FERNANDO,47,40.9
WILSON ORLANDO,47,44.8
XAVIER ENRIQUE,47,35.2
XIAOBO,47,46.7
YORDY,47,31.2
ZE,47,24.8
ABDALAHI,46,25.9
ABDELFETAH,46,42.2
ABDELJALAL,46,33.8
ABRAHAM MOISES,46,29.5
ADOLFO FERNANDO,46,60.3
ADRIAN BOGDAN,46,33.0
ADRIAN JOEL,46,21.2
AFIF,46,39.0
AGUSTIN ALFONSO,46,53.8
AGUSTIN EMILIO,46,51.8
AGUSTIN MATIAS,46,37.0
ALAN MARTIN,46,37.1
ALBERT XAVIER,46,41.6
ALEJANDRO ELIAS,46,32.0
ALEJANDRO GERMAN,46,37.6
ALEJANDRO ISRAEL,46,33.0
ALEJANDRO MAURICIO,46,36.0
ALFREDO TOMAS,46,57.5
ALIN IOAN,46,39.1
ALVARO ALONSO,46,33.6
ALVARO MATIAS,46,20.5
ALVARO ROBERTO,46,41.4
AN,46,27.3
ANDRES JULIO,46,50.7
ANDRES LORENZO,46,47.6
ANDRES STIVEN,46,26.3
ANDY DANIEL,46,19.1
ANGEL RODOLFO,46,47.3
ANTHONY BRYAN,46,28.0
ANTHONY ROBERT,46,59.6
ANTONI XAVIER,46,46.8
ANTONIO FAUSTINO,46,60.3
ANTONIO LUCIANO,46,61.8
ANTONIO ROGELIO,46,59.3
ANTONIO VICTORIANO,46,60.5
ARAU,46,7.2
ARIDAI,46,21.5
ARTJOMS,46,25.6
ARVIN,46,28.2
ASSAN,46,24.4
AVENTINO,46,74.1
AZIZE,46,42.7
BALJEET,46,36.3
BAROUDI,46,47.3
BILAWAL,46,28.4
BRAYAN ESTEBAN,46,25.7
BRIAN ALEXIS,46,27.9
BRIAN THOMAS,46,66.8
CAMILO MANUEL,46,51.2
CAMPO ELIAS,46,57.3
CARLES ENRIC,46,58.1
CARLOS ANDREI,46,13.9
CARLOS FILIPE,46,39.0
CARLOS GAEL,46,6.3
CAROL,46,54.3
CESAR PATRICIO,46,44.2
CHARKI,46,46.3
CHEIKH OMAR,46,24.0
CHENRUI,46,9.0
CHRISTIAN ISRAEL,46,33.2
CLAUDIO RAMON,46,46.3
CONSTANTINO MANUEL,46,57.6
CRISTIAN GUSTAVO,46,38.3
CRISTOBAL RAFAEL,46,49.2
DANIEL EZEQUIEL,46,33.5
DANIEL JAIME,46,43.7
DANIEL PETER,46,45.6
DAVID LEANDRO,46,32.7
DIEGO EMANUEL,46,24.6
DIEGO LEONEL,46,23.8
DRAGO,46,20.1
EDGAR RAMIRO,46,52.9
EDGAR ROBERTO,46,47.2
EDMILSON,46,45.4
EDWIN RICARDO,46,41.6
EITHAN GAEL,46,3.4
EL MAHI,46,46.2
ELBACHIR,46,39.3
ELIAS ANDRES,46,28.5
ELIEZER JOSE,46,30.6
ELOY ALBERTO,46,46.5
EMHAMED,46,35.7
EMILIANO MARTIN,46,39.5
EMILIO PABLO,46,58.1
ENRIQUE LORENZO,46,59.8
ERICK MIGUEL,46,23.4
ERICK RAFAEL,46,26.6
ERIK NICOLAS,46,9.2
ETHAN DAVID,46,10.1
EUFRONIO,46,68.1
FABIAN RICARDO,46,36.5
FABRIZZIO,46,19.6
FAYYAZ,46,46.7
FELIX DOMINGO,46,61.6
FERNANDO ERNESTO,46,48.2
FERNANDO LEON,46,47.3
FRANCESCO PAOLO,46,42.7
FRANCISCO ARIEL,46,34.7
FRANCISCO CLEMENTE,46,58.9
FRANCISCO JACOBO,46,46.2
FRANCISCO OCTAVIO,46,55.1
FRANCISCO TEODORO,46,63.0
GABRIEL MAURICIO,46,36.5
GABRIEL MIHAI,46,34.8
GARTXOT,46,30.3
GASPARD,46,12.6
GERMAN ALFONSO,46,48.7
GIANLUCCA,46,12.4
GIOVANY,46,33.2
GONZALO FABIAN,46,40.6
GORI,46,27.9
GOYO,46,18.4
GUILLERMO IVAN,46,39.2
GURJINDER,46,36.2
HARMANDEEP,46,22.0
HECTOR DAMIAN,46,34.3
HENRY OMAR,46,39.6
HENRY PATRICIO,46,42.1
HERNAN ENRIQUE,46,48.1
HERNAN MAURICIO,46,38.7
HUMAYUN,46,34.0
ICAR,46,19.8
IKER FRANCISCO,46,13.7
IKER JOEL,46,12.8
ILIDIO,46,63.9
IMED,46,36.0
IOAN ANDREI,46,29.1
IONEL CRISTIAN,46,41.3
ISAAC RAFAEL,46,33.6
ISIDRO DAVID,46,46.1
ITAY,46,24.7
IVAN SERGIO,46,45.6
JAIRO HUMBERTO,46,50.2
JALLAL,46,39.1
JAN ERIK,46,58.5
JAN WILLEM,46,62.3
JASIEL,46,20.7
JAUME MIQUEL,46,40.1
JAVIER ALVARO,46,41.5
JAVIER HERNANDO,46,46.8
JAVIER PASCUAL,46,47.3
JEFFERSON FERNANDO,46,30.3
JEFFERSON STEVEN,46,25.4
JERONIMO MIGUEL,46,52.5
JESUS DIONISIO,46,58.9
JESUS EZEQUIEL,46,42.2
JESUS JONATHAN,46,41.7
JESUS RAMIRO,46,57.2
JINLONG,46,44.1
JOAQUIN BERNARDO,46,52.9
JOHN EDISSON,46,36.6
JON IKER,46,41.0
JORDI JAVIER,46,26.1
JORGE ABRAHAM,46,33.5
JORGE WILSON,46,49.3
JOSE AMANDO,46,64.7
JOSE EDILBERTO,46,50.0
JOSE HENRY,46,51.1
JOSE PAUL,46,38.6
JOSE SABINO,46,62.9
JOSELIN,46,40.0
JOSEP FERRAN,46,47.0
JUAN ELISEO,46,52.1
JUAN HECTOR,46,45.8
JUAN HIPOLITO,46,57.3
JUGRAJ,46,28.4
JULIO ISMAEL,46,45.0
JUNIOR ANDRES,46,26.0
JUSTIN DAVID,46,19.9
KANG,46,33.5
KARANDEEP,46,24.4
KEPA JOSEBA,46,58.7
KIMI,46,12.3
KIRMEN,46,10.7
LAUREANO MANUEL,46,63.2
LEONARDO FAVIO,46,38.2
LEONARDO RAUL,46,35.8
LESZEK,46,57.3
LIBARDO ANTONIO,46,55.3
LICERIO,46,71.3
LIXIN,46,45.8
LORENZO CARLOS,46,49.4
LORENZO GABRIEL,46,33.9
LUCA NICOLAS,46,10.9
LUCAS LEONEL,46,26.1
LUCIANO FRANCISCO,46,48.3
LUIZ ANTONIO,46,47.2
MACIRE,46,34.8
MAKSYMILIAN,46,17.5
MANUEL JUSTO,46,63.5
MANUEL LAZARO,46,57.2
MARC ANDRE,46,32.1
MARCELO JORGE,46,57.8
MARCELO PATRICIO,46,49.0
MARCELO RICARDO,46,49.1
MARIAN LUCIAN,46,37.3
MARIAN MARIUS,46,43.6
MARINUS,46,64.1
MARIO JOAQUIN,46,45.2
MARIO RODOLFO,46,51.8
MATEO EDUARDO,46,16.5
MAXIMILIANO GASTON,46,40.5
MAZIN,46,15.8
MICHAEL DOUGLAS,46,36.8
MIGUEL CRISTOBAL,46,54.5
MIGUEL MARIO,46,50.9
MILTON RODRIGO,46,45.0
MOHAMED ANIS,46,18.3
MOMCHIL,46,42.2
MUHAMMAD ADNAN,46,32.6
MUHAMMAD AMIN,46,24.1
MUHAMMAD MOHSIN,46,30.2
MUHAMMAD REHAN,46,17.0
MUHAMMAD WASEEM,46,34.3
NAHUN,46,32.8
NERON,46,15.5
NICOLAE IOAN,46,45.1
NICOLAS MARCELO,46,32.2
NIKOLAY IVANOV,46,49.7
NOUAMAN,46,27.2
OULAID,46,49.4
OVIDIU FLORIN,46,41.5
OWAYS,46,7.4
PABLO AURELIO,46,40.3
PABLO MARCOS,46,39.0
PABLO MOISES,46,34.0
PAPA MAMADOU,46,36.5
PATRICK ANDREI,46,8.1
PATRICK DANIEL,46,25.2
PAULI,46,52.6
PAULO ANDRE,46,31.8
PAWEL PIOTR,46,44.3
PEDRO ANIBAL,46,49.3
PEDRO BAUTISTA,46,59.7
PEDRO JERONIMO,46,53.4
PELAYO JOSE,46,36.6
PENGCHENG,46,30.4
PETER ANDREW,46,57.7
RADU GABRIEL,46,28.5
RAMON MARTIN,46,57.2
RAUL MARCELO,46,46.3
RICARDO VICTOR,46,52.5
RICHARD FABIAN,46,36.2
RICHARD MARK,46,56.3
RICHARD RAFAEL,46,42.6
RICK,46,34.5
RODRIGO CARLOS,46,43.0
RODRIGO GONZALO,46,36.7
ROMAN ALEJANDRO,46,34.2
ROMAN MANUEL,46,50.2
ROMERO,46,37.9
RONALD DANIEL,46,30.8
ROSALIO,46,70.6
RUBEN ESTEBAN,46,43.6
RUBEN MARIO,46,46.0
RUDIGER,46,64.0
RUGGERO,46,49.3
SAMUEL ALFONSO,46,28.8
SAMUEL DARIO,46,34.0
SANTIAGO ALEXIS,46,40.8
SANTIAGO FEDERICO,46,41.4
SAUL EDUARDO,46,30.8
SEBASTIAN VALENTIN,46,28.0
SEGUNDO VICENTE,46,55.8
SERGIO ERNESTO,46,51.7
SERGIO MARCELO,46,45.5
SIKOU,46,25.7
SIMON ANGEL,46,54.0
SOFYANE,46,24.9
STEPHEN EDWARD,46,62.1
STEVEN JAVIER,46,22.2
THIAGO RAFAEL,46,6.6
THOMAS MARTIN,46,47.5
TIAGO ALEXANDRE,46,31.5
TOMAS SEBASTIAN,46,36.2
UMUT,46,30.8
VALENTIN ADRIAN,46,32.9
VASILE LUCIAN,46,45.2
VICTOR VALENTIN,46,35.4
VIKTAR,46,46.5
VITALINO,46,70.4
WILSON RENE,46,45.4
WILTON,46,41.0
XIAOCHUN,46,51.0
YORDANI,46,33.4
YOUSSUF,46,25.7
AARON EDUARDO,45,20.9
ADRIAN ROBERTO,45,33.2
ADRIAN SORIN,45,40.6
AHTISHAM,45,28.4
ALEX JOEL,45,23.2
ALEXANDER SEBASTIAN,45,20.7
ALEXANDRU CLAUDIU,45,28.5
ALFONSO EMILIO,45,50.2
AMADO JOSE,45,53.9
AMAROUCH,45,62.2
ANDRES ISAAC,45,30.5
ANDRES RODRIGO,45,34.9
ANEES,45,25.5
ANGEL ALONSO,45,37.8
ANGEL VIDAL,45,50.5
ANTONIO LAZARO,45,53.3
ANTONY JOSUE,45,23.3
ARCENIO,45,54.9
AREG,45,12.7
AROLDO,45,50.2
ARTURO GABRIEL,45,30.4
ASSER,45,24.2
ASSIM,45,14.8
AYTHAMI JOSE,45,28.8
BADAYCO,45,32.2
BALWINDER SINGH,45,41.6
BASTIEN,45,24.1
BERGOI,45,35.4
BIKRAMJIT,45,35.6
BORJA IGNACIO,45,36.7
BRUNO RAFAEL,45,24.7
BYRON EDUARDO,45,35.9
CHOAIB,45,23.1
CHRISTOPHER MARTIN,45,45.3
COLUMBIANO,45,70.8
CONSTANTIN CLAUDIU,45,40.3
CORPUS,45,64.7
COSMIN MARIAN,45,29.5
CRISTIAN DANILO,45,30.1
CRISTIAN LEONEL,45,33.2
CRISTOBAL RAMON,45,54.0
DAMASO JOSE,45,49.1
DAMIAN ARIEL,45,40.6
DAN FLORIN,45,43.0
DANIEL GREGORIO,45,42.6
DANIEL JONATHAN,45,34.9
DARIUS CRISTIAN,45,16.9
DARWIN FABIAN,45,38.0
DARWIN MAURICIO,45,36.1
DAVID OLIVER,45,42.1
DAWUD,45,9.9
DERIAN,45,15.3
DIEGO DARIO,45,32.5
DOBROMIR,45,41.7
DOMINGO ALEXIS,45,50.7
DOUGLAS ALEXANDER,45,34.9
DOUGLAS ANTONIO,45,43.6
EDGAR GABRIEL,45,34.5
EDISON MANUEL,45,38.4
EDISON MARCELO,45,44.3
EDUARD JOSEP,45,44.7
EDUARDO ANDREI,45,15.3
EDVALDO,45,48.5
EDVINAS,45,31.5
EL GHAZOUANI,45,51.4
ELADINO,45,70.7
EMANOIL,45,54.0
ENRIQUE EUGENIO,45,60.5
ENRIQUE ROBERTO,45,59.6
ERICK FABRICIO,45,25.3
ESTEBAN FELIPE,45,44.0
ESTEBAN MARIA,45,56.2
ESTEBE,45,38.4
FABIAN FERNANDO,45,44.5
FABRICIO ALEXANDER,45,26.5
FABRICIO JAVIER,45,28.5
FANOR,45,49.8
FAYE,45,36.6
FEDERICO ANGEL,45,54.4
FEKRI,45,42.5
FELIPE ESTEBAN,45,41.1
FERNANDO AURELIO,45,52.3
FRANCESCO ANTONIO,45,39.9
FRANCISCO DIONISIO,45,59.9
FRANCISCO JONAY,45,37.7
FRANCISCO MARCIAL,45,59.6
FRANCO MANUEL,45,31.2
GABRIEL PEDRO,45,45.8
GAEL JOSE,45,6.5
GALO PATRICIO,45,51.3
GAMAL,45,43.4
GARNIK,45,47.7
GHEORGHE IOAN,45,49.4
GILLEN,45,26.9
GONZALO ALONSO,45,29.1
GREGORIO FERNANDO,45,60.0
GRYGORIY,45,51.1
GUILLERMO RICARDO,45,49.5
GUL,45,47.9
GUMERCINDO,45,56.3
GUO,45,40.2
GURINDER,45,37.7
HAIBO,45,40.9
HAITHEM,45,24.5
HARISH,45,43.5
HEORHIY,45,56.6
HERIBERTO ANTONIO,45,48.8
HERNAN PATRICIO,45,47.5
HERNANDO JOSE,45,40.1
HILARIO ANTONIO,45,58.3
HIMAD,45,27.7
HORACIO ANTONIO,45,55.0
HUMBERTO ALEJANDRO,45,40.9
HUMBERTO DAVID,45,39.2
IOAN COSMIN,45,40.4
IOAN SEBASTIAN,45,34.6
IONUT RAZVAN,45,31.5
IOSUA,45,9.3
ISAAC FERNANDO,45,29.4
ISIDORO FRANCISCO,45,63.9
IVAN MARCOS,45,42.6
IVAN RUBEN,45,43.2
IVAN TOMAS,45,38.0
IVAN VICENTE,45,40.0
IZAN ALEJANDRO,45,7.6
IZAN ALEXANDER,45,7.5
JAI,45,26.3
JAIME CESAR,45,49.2
JAIRO JOSUE,45,28.9
JAKOBE,45,42.0
JATIN,45,25.1
JAVIER OSWALDO,45,43.3
JAVIER RUBEN,45,40.8
JEISON STIVEN,45,26.3
JESSIE,45,44.2
JESUS BIENVENIDO,45,58.9
JESUS JOEL,45,26.5
JIANYI,45,42.2
JOAN VICENÇ,45,50.7
JOAQUIM JOSE,45,56.6
JOAQUIN ELIAS,45,38.9
JOAQUIN JULIAN,45,58.2
JOHN BRYAN,45,34.5
JOHN CARLO,45,27.4
JOHN EDUARD,45,40.3
JOHNNY ALEJANDRO,45,32.4
JON AINGERU,45,40.6
JON AITOR,45,46.4
JONATAN JAVIER,45,33.2
JORDAN ANDRES,45,21.9
JORDAN STEVEN,45,22.4
JORGE FIDEL,45,51.7
JORGE HECTOR,45,59.9
JOSE EPIFANIO,45,64.1
JOSEPH GABRIEL,45,18.9
JOSU XABIER,45,45.3
JUAN VENANCIO,45,59.4
JUN HAO,45,14.5
JUNIOR JESUS,45,30.9
KEVIN ANGEL,45,24.0
KEVIN JOHAN,45,26.6
KIRIAM,45,14.0
LAYE,45,35.0
LEONARDO JOSUE,45,22.0
LEONARDO RAMON,45,47.3
LIBER,45,34.4
LLUIS ENRIC,45,46.6
LOAI,45,6.6
LUCAS ESTEBAN,45,28.8
LUCAS ISAAC,45,12.0
LUCAS LEONARDO,45,25.4
LUCAS MARIANO,45,34.7
LUCIAN IOAN,45,43.7
LUCIANO DAVID,45,24.3
LUIS FABRICIO,45,32.0
MANUEL ANXO,45,47.6
MANUEL PAULINO,45,64.8
MANUEL VIDAL,45,56.3
MARCELO MARTIN,45,46.5
MARCELO PABLO,45,55.4
MARCELO RAUL,45,54.2
MARCOS ELIAS,45,33.7
MARCOS RICARDO,45,45.0
MARCOS SAMUEL,45,25.9
MARIO RODRIGO,45,47.5
MARIUS OVIDIU,45,42.8
MATEO JOSUE,45,11.3
MICHAEL JOEL,45,26.5
MIGUEL ABRAHAM,45,31.1
MIGUEL DAMIAN,45,51.5
MILTON ANTONIO,45,45.8
MILTON DAVID,45,32.3
MOHAMED ZAKARIA,45,25.7
MOISES GABRIEL,45,24.0
MONTASSIR,45,27.6
MORRIS,45,41.9
MUHAMMED LAMIN,45,18.5
NAUSET,45,33.2
NELSON GUSTAVO,45,44.4
NESTOR OMAR,45,55.1
NICHOLAS DAVID,45,50.6
NIXON,45,44.9
OLAYO,45,58.5
OLIVER JOHN,45,24.5
OMAR ERNESTO,45,44.7
OMAR RAFAEL,45,39.4
PABLO ISIDRO,45,45.4
PABLO XAVIER,45,36.6
PATRICIO MIGUEL,45,49.1
PATRICK ALEXANDER,45,28.2
PAUL ENRIQUE,45,35.4
PAUL STEPHEN,45,61.0
PERE FRANCESC,45,52.5
PERE JORDI,45,52.8
PETER THOMAS,45,64.7
PETRU CRISTIAN,45,38.4
PHILIP DAVID,45,57.7
PIUS,45,57.1
PRESLAV,45,20.3
RADU MIHAI,45,36.4
RAMIRO ALEJANDRO,45,31.7
RAMIRO JAVIER,45,48.7
RAMON VALENTIN,45,58.5
RAUL MARIAN,45,18.2
RAUL VICTOR,45,43.3
RAZVAN FLORIN,45,32.9
RAZVAN MARIAN,45,29.2
REMIGIJUS,45,49.8
RENIER,45,42.2
REYNEL,45,40.6
RIAHI,45,50.2
RICHARD THOMAS,45,54.0
ROBERT EDUARDO,45,34.2
ROBERT LUIS,45,33.7
ROBERTO ELIAS,45,47.9
RUBEN ALEXIS,45,41.3
RUBEN ARTURO,45,43.2
RUBEN NICOLAS,45,30.1
RUNE,45,49.4
SADIA,45,42.0
SAIBA,45,36.7
SANTIAGO EUGENIO,45,51.0
SANTIAGO XAVIER,45,27.8
SEMIDAN,45,36.7
SERGO,45,43.8
SHAOHUA,45,51.4
SIMOHAMED,45,19.9
STEFANOS,45,35.2
STEPHEN JOSEPH,45,56.6
SUKHRAJ,45,20.5
TARUN,45,30.4
UMARO,45,39.7
UNEYS,45,4.1
URAITZ,45,16.8
VADZIM,45,39.3
VASILE CIPRIAN,45,42.5
VICENTE IVAN,45,45.6
VICTOR ANDREI,45,13.8
VICTORIANO ANTONIO,45,62.2
VLADIMIRS,45,51.7
WALTER ALEXIS,45,36.8
WALTER GUILLERMO,45,50.1
WALTER MARTIN,45,43.9
WASHINGTON EDUARDO,45,50.9
WEIQIANG,45,39.2
WELINGTON,45,40.5
WILLIAM ALEXIS,45,31.3
XABEL,45,19.7
YEDIR,45,39.3
YILE,45,17.9
YOAN MANUEL,45,32.9
YOBANY,45,43.6
YONGJIE,45,40.7
YORMAN JOSE,45,35.4
ZHIHONG,45,38.0
ZVIADI,45,43.1
ABDELUAHED,44,56.2
ABDIAS,44,36.1
ABUBACAR,44,19.6
ADAY MANUEL,44,20.5
ADRIAN ISMAEL,44,19.4
ADRIAN IULIAN,44,28.9
ADULAI,44,40.8
AFAQ,44,28.2
AIPING,44,57.6
ALAN MATEO,44,6.3
ALAN MIGUEL,44,20.4
ALARIC,44,6.8
ALBERT JESUS,44,31.0
ALEJANDRO ALEXIS,44,43.4
ALEX IONUT,44,16.4
ALEX MARTIN,44,27.6
ALEX RICARDO,44,35.2
ALEXA,44,50.0
ALFONSO AGUSTIN,44,54.9
ALFREDO EMILIO,44,55.7
ALFREDO OSCAR,44,59.8
ALFREDO RAUL,44,55.0
ALVARO RUBEN,44,33.1
ANDRES JOSUE,44,19.9
ANDRES RUBEN,44,38.4
ANDY JAVIER,44,25.3
ANGEL LUCIANO,44,41.6
ANGEL STEVEN,44,21.4
ANTHONY GEORGE,44,69.3
ARIAM,44,23.3
ARISTOBULO,44,59.8
ARMANDO DANIEL,44,33.8
AURIMAS,44,38.3
AZIEL,44,7.0
AZOUZ,44,46.1
BABOUCARR,44,35.7
BALRAJ,44,30.4
BENIGNO JESUS,44,58.9
BENJAMIN ENRIQUE,44,40.2
BERNARDO ENRIQUE,44,59.5
BRAYAN ENRIQUE,44,26.7
CARLOS EMMANUEL,44,22.4
CARLOS MODESTO,44,56.6
CARLOS VLADIMIR,44,42.5
CAYETANO ANTONIO,44,49.9
CEM,44,39.0
CHRISTOPHER ANDREW,44,49.0
CLAUDIO DAVID,44,44.3
CLAUDIO RAFAEL,44,47.8
CONAN,44,13.1
CONSTANTIN IONUT,44,35.2
CRISTIAN DUMITRU,44,42.4
CRISTIAN RUBEN,44,35.6
CRISTO FERNANDO,44,39.8
DARIO ENRIQUE,44,37.1
DARWIN ALEXIS,44,30.0
DARWIN RAFAEL,44,39.7
DENNIS ALEJANDRO,44,23.5
DESISLAV,44,36.4
DIEGO HUMBERTO,44,36.3
DIEGO MARCOS,44,41.7
DIEGO MARIO,44,38.1
DIEGO MATEO,44,24.0
DOMICIO,44,72.5
DOMINGO AGUSTIN,44,54.8
DOMINGO GABRIEL,44,49.5
DRAGOS GABRIEL,44,21.4
DUMITREL,44,44.4
DYLAN ALESSANDRO,44,9.3
EDGAR ADRIAN,44,33.6
EDGAR VICENTE,44,49.1
EDGARAS,44,34.5
EDILIO,44,61.6
EDMUNDO JOSE,44,53.6
EDUARD ADRIAN,44,19.5
EDUARD FLORIN,44,19.7
EDUARDO ADOLFO,44,55.9
EDWIN ALONSO,44,40.8
ELISEO ANTONIO,44,56.5
EMBAREK,44,52.9
EMEKA,44,40.9
ENDURANCE,44,31.4
ENES,44,27.1
ENRIQUE ADRIAN,44,32.1
ENRIQUE DOMINGO,44,57.2
ENRIQUE GERMAN,44,53.7
ERIC SANTIAGO,44,21.3
ERICK FABIAN,44,25.8
ERICK SAMUEL,44,13.8
ERNESTO ANGEL,44,57.6
EUGENIO ANDRES,44,53.4
EURICO,44,50.0
FABIAN NICOLAS,44,22.9
FABIO AUGUSTO,44,41.1
FELIO,44,63.9
FERNANDO SERGIO,44,56.4
FIDEL ALEJANDRO,44,39.0
FLORIN LAURENTIU,44,35.7
FRANCISCO ANIBAL,44,52.1
FRANCISCO ANSELMO,44,58.4
FRANCISCO ELADIO,44,56.6
FRANCISCO RODOLFO,44,60.1
FRANCISCO VICTORIANO,44,57.9
GABRIEL CONSTANTIN,44,35.7
GEORGE IULIAN,44,32.1
GHEORGHE ALIN,44,41.0
GHITA,44,48.5
GIEDRIUS,44,43.6
GIOVANNI ALBERTO,44,38.4
GONZALO ALFREDO,44,47.6
GONZALO SANTIAGO,44,39.3
GREGORIO ALBERTO,44,53.6
GUILHERME HENRIQUE,44,27.9
GUILLERMO AUGUSTO,44,43.0
GUILLERMO JULIAN,44,44.2
GURNAM,44,49.0
HACHEMI,44,46.2
HADEMOU,44,34.0
HAIWEI,44,44.1
HAOUARI,44,51.0
HAROL,44,37.2
HAROLD MAURICIO,44,36.2
HECTOR OSCAR,44,58.2
HECTOR PABLO,44,42.9
HERNANDO JESUS,44,55.8
HONGYI,44,20.8
HRISTIAN,44,17.6
HUGO IGNACIO,44,37.4
HUGO IVAN,44,39.2
HUGO RAUL,44,43.4
IGNACIO ROBERTO,44,54.0
ILIYAS,44,22.4
ISIDORO JAVIER,44,52.8
ISMEL,44,38.5
ITOITZ,44,22.4
IZAN GAEL,44,4.5
JACKSON JOSE,44,33.7
JACOBUS,44,68.3
JAIME OSCAR,44,51.2
JAIRO MIGUEL,44,30.5
JARO,44,17.9
JASHANPREET,44,21.0
JAVIER FEDERICO,44,49.2
JAVIER JULIO,44,50.3
JAVIER MARCOS,44,52.2
JESUS CRISTIAN,44,35.0
JESUS RODOLFO,44,48.6
JHOAN ESTEBAN,44,21.2
JHON FABIO,44,41.1
JHONNY FERNANDO,44,39.9
JIANLIN,44,50.2
JINYU,44,24.5
JOAN BATISTE,44,40.9
JOAQUIN ROBERTO,44,53.1
JOHN MARK,44,41.0
JOHN STIVEN,44,28.8
JON XABIER,44,35.4
JONATHAN JAMES,44,47.5
JORDI JOSE,44,26.3
JORGE BENITO,44,53.4
JOSE ARNULFO,44,49.7
JOSEPH MANUEL,44,32.6
JOSHUA DANIEL,44,20.0
JUAN BRUNO,44,49.4
JUAN EMANUEL,44,20.0
JULIAN ERNESTO,44,39.4
JULIO ADOLFO,44,58.2
JULIO RUBEN,44,42.3
KALEEM,44,35.8
KAROLIS,44,29.2
KELVIN ALEXANDER,44,30.9
KEVIN ISMAEL,44,21.9
KEVIN ROBERTO,44,26.9
LAROSI,44,38.7
LAURENTIU GABRIEL,44,33.3
LAYONEL,44,18.4
LEANDRO AGUSTIN,44,34.0
LEANDRO FABIAN,44,30.2
LEANDRO MATIAS,44,33.8
LUCA ANTONIO,44,12.9
LUCIAN IONUT,44,33.4
LUIS ARNALDO,44,45.1
MADEMBA,44,43.1
MAGNO,44,34.5
MAGUEYE,44,44.5
MAMADOU BOBO,44,36.2
MANUEL ANIBAL,44,53.9
MANUEL EMILIANO,44,52.7
MANUEL GINES,44,55.9
MANUEL LEANDRO,44,53.1
MARCELO IVAN,44,43.3
MARCELO RAFAEL,44,38.2
MARCO FIDEL,44,52.7
MARCOS JOSUE,44,25.1
MARIANO TOMAS,44,58.6
MARIO JOAO,44,46.5
MARIO JULIO,44,53.5
MARIO ROLANDO,44,44.3
MARIO TOMAS,44,45.2
MARIUS GEORGE,44,38.3
MARLON ALEXIS,44,29.8
MARTON,44,40.0
MATHIAS GAEL,44,7.6
MATIAS ANDREI,44,4.7
MATIAS ESTEBAN,44,30.5
MATIAS JOAQUIN,44,27.4
MAURO DAVID,44,30.4
MAYCOL,44,28.1
MIHAI IULIAN,44,34.4
MIKAYEL,44,33.4
MUAD,44,17.3
MUBARAK,44,31.4
MUHAMMAD DAWOOD,44,11.7
MUHAMMAD ZEESHAN,44,28.8
NARCISO ANTONIO,44,55.9
NATHAN DAVID,44,21.2
NELSON PATRICIO,44,50.5
NIKOS,44,23.6
OCTAVIO ANDRES,44,40.8
ORLANDO ALBERTO,44,48.7
OSCAR GERMAN,44,47.0
OSCAR MOISES,44,39.4
PABLO GREGORIO,44,48.7
PAU FRANCESC,44,31.9
PAVOL,44,48.6
PEDRO EMILIANO,44,57.3
PEDRO MARCELO,44,55.0
QUINTINO,44,58.4
RAFAEL MATIAS,44,45.6
RAMAZAN,44,40.6
RAMIRO NICOLAS,44,29.7
RAUL GUSTAVO,44,51.1
RAZVAN CONSTANTIN,44,32.2
RAZVAN DANIEL,44,29.5
RICARDO FELIX,44,58.0
ROBERTAS,44,46.4
RODRIGO SANTIAGO,44,27.8
ROEL,44,40.4
ROGER ANDRES,44,29.9
ROMAN FRANCISCO,44,59.2
RUBEN SALVADOR,44,42.4
RUFINO JOSE,44,58.2
SADAQAT,44,35.0
SALVADOR SANTIAGO,44,51.3
SAMIH,44,37.0
SAMUEL AARON,44,17.1
SAMUEL JAVIER,44,26.6
SAMUEL JOSEPH,44,28.3
SANTIAGO ALFREDO,44,45.9
SATPAL,44,47.8
SEBASTIAN ERNESTO,44,30.0
SEBASTIAN IOAN,44,20.7
SERGIO GERMAN,44,43.6
SHAHAB,44,35.6
SIKANDER,44,36.2
SILVIO ANTONIO,44,49.1
SISINIO,44,70.6
SLOBODAN,44,55.2
SOLOMANE,44,32.8
STEFAN VALENTIN,44,32.8
STEVEN JESUS,44,23.1
STEVEN ROBERT,44,57.7
SURYA,44,20.8
TOMISLAV,44,42.2
TOUSEEF,44,30.5
ULISES ANTONIO,44,43.8
URIAN,44,10.9
VICTOR ISAAC,44,32.3
VLAD IONUT,44,24.7
WALTER RAMON,44,47.6
WEIHAO,44,20.7
WILKIN,44,39.5
WILLIAM PAUL,44,45.0
WILMER ALFREDO,44,40.4
XAVIER ANTONIO,44,38.2
YAMIN,44,22.6
YASSEL,44,28.9
YEUDIEL,44,14.7
YOGESH,44,32.5
YONY,44,41.1
YOUNIS,44,26.0
ZHIPENG,44,31.4
ZIYU,44,18.3
AARON RAFAEL,43,22.6
ABRAHAN JOSE,43,33.2
ADRIAN ALFREDO,43,35.4
ADRIAN JUAN,43,31.4
ADRIAN SALVADOR,43,30.5
AHMED YASSINE,43,17.2
AIUB,43,22.0
AJIT,43,40.7
AL LAL,43,62.6
ALAY,43,11.0
ALDO ANDRES,43,35.2
ALDRIN,43,33.0
ALEJANDRO JULIO,43,45.4
ALESSANDRO JOSE,43,15.3
ALFONSO NICOLAS,43,39.9
ALFONSO SALVADOR,43,53.4
ALFREDO JORGE,43,57.8
ALON,43,27.5
ALVARO ESTEBAN,43,33.1
AMANAT,43,45.5
AMEN,43,16.6
ANDRE FELIPE,43,30.2
ANDREI CLAUDIU,43,23.8
ANDRES PAUL,43,29.0
ANDREW ALEXANDER,43,22.9
ANGEL DIONISIO,43,63.2
ANGEL FIDEL,43,56.2
ANGEL GUARDA,43,58.9
ANGEL MARINO,43,55.7
ANGEL ROGELIO,43,54.2
ANGEL SERGIO,43,46.9
ANTONIO MARIA CLARET,43,66.8
ANTONIO TEODORO,43,59.5
ANTONY DAVID,43,33.3
ARIEL JOSE,43,36.7
ARIEL MARTIN,43,38.9
ARLES,43,41.4
ARMANDO VICENTE,43,59.8
ARTUR JORGE,43,48.1
ASHOK KUMAR,43,53.4
ASS,43,30.8
AXEL JAVIER,43,21.4
AYOSE JESUS,43,37.0
AYRAN,43,15.8
AZAAN,43,7.7
BAIRON,43,23.0
BARBARO,43,58.2
BARTOLOME ANTONIO,43,58.2
BELHAJ,43,49.2
BENITO RAMON,43,60.1
BENJAMIN GABRIEL,43,19.2
BERNARDO VICENTE,43,56.4
BESIK,43,47.6
BHARAT,43,39.6
BIRAHIM,43,37.6
BOUJAMA,43,48.4
BRUNO FRANCISCO,43,36.5
CARLO ALBERTO,43,44.4
CARLOS AMADOR,43,50.6
CARLOS MARCIAL,43,51.9
CARMELO SANTIAGO,43,58.8
CASTIEL,43,6.3
CASTULO,43,65.7
CATALIN STEFAN,43,31.1
CELERINO,43,73.8
CESAR GERARDO,43,48.4
CHEIKH AHMADOU BAMBA,43,26.5
CHENYANG,43,16.8
CHRISTIAN RODRIGO,43,36.3
CHRISTOPHER GEORGE,43,61.6
CLINTON,43,27.1
CRISTHIAN JOEL,43,26.1
CRISTIAN ERNESTO,43,33.2
CRISTIAN GONZALO,43,37.6
DAILOS JOSE,43,31.5
DAMIAN ENRIQUE,43,35.2
DANIEL ALVARO,43,38.2
DANIEL ANIBAL,43,48.9
DANIEL ISMAEL,43,30.1
DANIEL PATRICK,43,42.8
DANIEL SIMON,43,35.9
DANNY GABRIEL,43,31.5
DAVID CESAR,43,41.9
DAVID FREDERICK,43,70.7
DAVID JAIME,43,41.8
DAVID PATRICIO,43,39.5
DEIVI,43,26.7
DEIVIS,43,35.0
DENIS ALBERTO,43,30.2
DENIS FLORIN,43,14.0
DEREK JAMES,43,65.6
DIABY,43,36.2
DIEGO ABEL,43,36.9
DILAN ALEJANDRO,43,13.9
DOMINADOR,43,62.0
DOMINGO EDUARDO,43,59.7
DUMITRU CRISTIAN,43,39.6
DYLAND,43,9.4
EDGAR GUSTAVO,43,44.8
EDGAR HERNAN,43,52.0
EDGAR RENE,43,49.4
EDUARD DAVID,43,20.8
EDUARDO ARIEL,43,44.9
EDUARDO DOMINGO,43,54.0
EDUARDO LORENZO,43,53.1
EDY,43,36.3
EFREN JESUS,43,44.8
ELIAS ENRIQUE,43,37.3
ELIOS,43,37.8
ELMAR,43,45.6
ELUNEY,43,12.6
EMBAREC,43,45.9
EMIDIO,43,62.3
EMILIANO ANTONIO,43,47.4
EMILIO RAUL,43,52.9
ENZE,43,12.2
ERIC JOEL,43,18.1
ERIK ANDRES,43,19.3
ERKAN,43,32.5
EUGENIO JOAQUIN,43,55.2
EUGENIO VICENTE,43,62.0
EZEQUIEL ANDRES,43,31.2
FABIO DAVID,43,26.9
FABIO JUNIOR,43,28.1
FERNANDO BENITO,43,57.4
FLORIN LUCIAN,43,39.5
FRANCISCO CLAUDIO,43,55.2
FRANCISCO JUSTO,43,54.8
FRANK CARLOS,43,34.3
FRANKLIN OSWALDO,43,44.1
FREDY JAVIER,43,40.0
GABRIEL ARCANGEL,43,46.8
GABRIEL STEFAN,43,30.2
GAEL ANTONIO,43,9.5
GAEL SEBASTIAN,43,6.8
GEORGE ALEXANDER,43,32.8
GEORGE BOGDAN,43,35.2
GONZALO DAMIAN,43,40.6
GONZALO HERNAN,43,42.5
GRIGORI,43,38.6
GUILLERMO GUSTAVO,43,51.0
GUILLERMO HORACIO,43,56.8
GURJOT,43,13.7
HAMDAN,43,12.1
HAOTIAN,43,21.5
HENRY LEONARDO,43,37.7
HERMESINDO,43,72.5
HORACIO MANUEL,43,51.7
HOUMAD,43,50.1
HUGO GUILLERMO,43,41.7
HUMBERTO ENRIQUE,43,50.5
IAN FERNANDO,43,12.1
IAN MIGUEL,43,9.8
IOAN CIPRIAN,43,43.2
ION ANDONI,43,48.6
ION GABRIEL,43,42.8
IONUT IULIAN,43,36.6
ISAAC JOSUE,43,15.5
ISAIAS DAVID,43,18.5
ISAIAS JESUS,43,34.3
ISIDRO VICENTE,43,59.0
ISRAEL FRANCISCO,43,43.3
ISSHAK,43,15.4
ITZAE,43,6.4
IVAN MOISES,43,36.1
JAIME MAURICIO,43,44.3
JAVIER CESAR,43,48.8
JAVIER MATEO,43,40.2
JEFFERSON ANTONIO,43,29.2
JEFFERSON PAUL,43,28.5
JERSON ANDRES,43,28.5
JESUA,43,33.8
JESUS ARIEL,43,34.4
JESUS ISIDORO,43,57.1
JESUS LAZARO,43,51.0
JESUS OCTAVIO,43,51.2
JIANCHENG,43,45.9
JIANKANG,43,55.1
JOEL ANGEL,43,29.3
JOHANNES JACOBUS,43,69.8
JOHN LESLIE,43,71.4
JOHN STUART,43,69.8
JOHNNY ANDRES,43,37.0
JONAH,43,20.5
JONATAN DANIEL,43,32.3
JORGE ISIDRO,43,48.8
JORIS,43,36.8
JOSE ABDON,43,53.7
JOSE EDISON,43,49.6
JOSE FREDDY,43,47.1
JOSE FREDY,43,48.9
JOSE IÑIGO,43,56.2
JOSE NORBEY,43,51.8
JOSEP TOMAS,43,49.8
JUAN CHRISTIAN,43,39.9
JUAN CIRILO,43,57.5
JUAN ESTEVAN,43,19.7
JUAN FABIAN,43,50.7
JULIAN FELIX,43,56.5
JUSTO ENRIQUE,43,59.3
KAMRUL,43,36.3
KAUE,43,19.1
KEVIN LEONEL,43,24.6
KNUT,43,61.6
KRISTOF,43,28.4
LEANDRO ENRIQUE,43,38.6
LEE DAVID,43,46.3
LEONARDO ARTURO,43,37.2
LEONARDO CARLOS,43,40.9
LEOPOLDO JAVIER,43,50.2
LEOPOLDO MIGUEL,43,51.0
LIAM ADRIAN,43,5.9
LUCA STEFAN,43,8.8
LUCAS JUAN,43,34.6
LUCIANO MIGUEL,43,43.4
LUIS AMADO,43,54.0
LUIS BOLIVAR,43,53.9
LUIS FABIANO,43,16.6
LUIS PAULINO,43,65.5
MALCOM,43,17.9
MANUEL MARCIAL,43,63.8
MARCELO CARLOS,43,53.3
MARCOS ARTURO,43,44.8
MARIAN NICOLAE,43,38.5
MARIO JUNIOR,43,25.1
MARLON STIVEN,43,23.1
MARTIN JORGE,43,44.5
MARTIN PAUL,43,54.6
MATIAS EXEQUIEL,43,33.0
MATIAS FELIPE,43,30.1
MATIAS GONZALO,43,35.2
MAXIMO ANDRES,43,27.1
MICHAEL GABRIEL,43,26.2
MICHIEL,43,47.6
MIGUEL RUBEN,43,40.1
MILAN DAVID,43,7.4
MILTON ALEXANDER,43,30.6
MILTON DANIEL,43,34.9
MOAZZAM,43,35.7
MOHAMED YANIS,43,6.0
MORRO,43,38.9
MOULAY ABDELLAH,43,53.7
MUHAMMAD FAHAD,43,20.4
MUHAMMAD SULTAN,43,6.4
NELSON ALFREDO,43,45.5
NELSON AUGUSTO,43,47.1
NEY,43,31.2
NICOLAE BOGDAN,43,38.7
NICOLAS ANDRE,43,26.9
NICOLAS EMILIO,43,33.6
NICOLAS FABIAN,43,26.1
NICOLAS ROBERTO,43,35.9
NURUL,43,41.7
ONEL,43,46.9
OROEL,43,14.2
OVIDIU CONSTANTIN,43,40.7
OVIDIU CRISTIAN,43,37.5
OVIDIU DANIEL,43,39.5
OVIDIU GABRIEL,43,36.2
OVIDIU NICOLAE,43,42.0
PABLO OMAR,43,41.0
PATRICK NICOLAS,43,12.9
PAUL GERARD,43,53.1
PAUL THOMAS,43,56.2
PEDRO JUSTO,43,62.3
RACIEL,43,38.6
RAMON ADOLFO,43,61.1
RAMON ISIDRO,43,60.4
RAMON SEBASTIAN,43,53.5
RICARDO ARMANDO,43,46.8
RIMER,43,36.9
ROBERT IAN,43,63.7
ROBERTO EUGENIO,43,58.2
RODOLFO CARLOS,43,53.4
RODOLFO DANIEL,43,49.6
RODOLFO LUIS,43,57.8
RODRIGO GASTON,43,35.6
RODRIGO MATIAS,43,34.9
RONALD ALEXIS,43,32.8
RUBEN MARTIN,43,42.7
SADIBOU,43,35.2
SALVADOR GABRIEL,43,45.9
SAMPSON,43,42.3
SAMUEL LUIS,43,33.2
SANTOS LUIS,43,60.7
SEBASTIAN ALESSANDRO,43,11.1
SEBASTIAN MARCELO,43,38.7
SENE,43,35.2
SERAFIN MANUEL,43,58.6
SERGIO MATIAS,43,33.2
SERGIU GABRIEL,43,27.8
SHAFAQAT,43,43.2
SORIN CONSTANTIN,43,43.4
SORIN MARIAN,43,38.0
SORIN NICOLAE,43,45.7
STILIYAN,43,38.7
SUKHDEEP,43,29.5
TENGIZ,43,46.0
THIAGO ALBERTO,43,9.4
TIKHON,43,13.2
VAHAN,43,41.9
VALDAS,43,51.1
VARUN,43,29.1
VASILE ALIN,43,39.2
VASILE BOGDAN,43,40.0
VICENTE BLAS,43,60.4
VICENTE ROBERTO,43,58.3
VICTOR ISMAEL,43,37.6
VICTORINO MANUEL,43,60.2
VITORINO,43,67.6
VLAD MIHAI,43,21.3
WILLIAM ALFONSO,43,43.8
WILLIAM GABRIEL,43,29.2
WILLIAM HUMBERTO,43,48.5
XUWEI,43,42.8
YAKIV,43,29.2
YONAI,43,13.6
ZAC,43,9.2
ZHENGHAO,43,20.9
ZHIJIAN,43,44.6
ZICHENG,43,17.9
ZIMING,43,20.5
ABDELHAI,42,37.7
ABDERZAK,42,47.0
ABDESSAMADE,42,32.2
ABRAHAM ISAAC,42,26.5
ADOLFO RAFAEL,42,52.4
ADRIAN AGUSTIN,42,28.1
ADRIAN EMILIO,42,28.8
ADRIAN ISAAC,42,20.3
AL HASSAN,42,45.4
ALA,42,33.4
ALAN ALEXANDER,42,20.9
ALAN CHARLES,42,69.1
ALAN STEVEN,42,24.5
ALASANA,42,36.9
ALBER,42,31.5
ALEJANDRO GONZALO,42,43.6
ALEX RODRIGO,42,28.7
ALEXANDRU ALIN,42,30.0
ALEXIS SANTIAGO,42,30.7
ALFONSO FELIX,42,56.8
ALIN MARIUS,42,38.6
ALLAN JOSUE,42,25.1
ALVARO MAURICIO,42,37.7
AMADOU LAMINE,42,44.2
AMAURYS,42,40.1
ANDREW THOMAS,42,46.4
ANGEL EMILIANO,42,44.4
ANIBAL MANUEL,42,48.5
ANTONIO ANSELMO,42,61.2
ANTONIO ELADIO,42,60.7
ARIDANE JESUS,42,34.1
ARTURO ALBERTO,42,47.0
ARTURO EDUARDO,42,49.3
AURELIO RAMON,42,60.6
AXEL JOSUE,42,17.5
AYOUBA,42,31.0
BAILO,42,36.5
BARTOLOME MIGUEL,42,55.9
BASILIO ANTONIO,42,58.5
BELMIRO,42,57.9
BEMBA,42,36.9
BINOD,42,35.7
BLAS LUIS,42,55.1
BOUKARY,42,36.6
BOUREIMA,42,40.2
BRANDON DANIEL,42,21.3
BRIAN ANTONIO,42,28.5
BRYAN SANTIAGO,42,26.1
BRYAN XAVIER,42,27.4
CARLOS LUCIANO,42,42.4
CARLOS ROGELIO,42,52.9
CASTO JOSE,42,60.8
CESAR AGUSTO,42,40.1
CHARAFEDDINE,42,27.5
CHERNO,42,37.0
CHRISTIAN HERNAN,42,39.7
CHUNPING,42,55.0
CIRO ALFONSO,42,46.7
CLAUDIO SEBASTIAN,42,39.7
CLEMENTE ANTONIO,42,59.0
COSMIN VASILE,42,38.1
COSTANTINO,42,51.8
CRISTIAN ARTURO,42,29.7
CRISTOFER ALEXANDER,42,19.7
CRISTOPHER ALEJANDRO,42,18.4
DANCHO,42,48.7
DAVID DOMINGO,42,40.6
DAVID LESLIE,42,69.1
DICKSON,42,38.2
DIEGO EMMANUEL,42,22.1
DIEGO EUGENIO,42,42.7
DIEGO VICTOR,42,41.4
DIMITRE,42,57.8
DOMINGO SALVADOR,42,57.6
DUMITRU MARIAN,42,38.5
EBOU,42,34.2
EDDY JOSE,42,37.8
EDGAR RICARDO,42,44.4
EDGARDO JAVIER,42,43.8
EDISON ROBERTO,42,43.5
EDUARDO FEDERICO,42,47.4
EDUARDO RICARDO,42,50.5
EDWIN VINICIO,42,41.9
EL HOUCIN,42,37.4
ELIAN ANDRES,42,14.1
ELIAS ANGEL,42,51.0
ELVIS ALEXANDER,42,32.4
EMILIO GUILLERMO,42,55.6
ENMANUEL DAVID,42,23.1
ENRIQUE DAMIAN,42,47.4
ENRIQUE GUSTAVO,42,52.2
ENZO ANTONIO,42,15.5
ERIC ANDRES,42,21.0
ERLAN,42,40.6
ESTEBAN MARTIN,42,46.3
ESTEBAN SANTIAGO,42,38.5
EUGENIO DANIEL,42,50.0
EVELIO JOSE,42,48.6
EYAL,42,33.0
FABIAN ANDREI,42,11.2
FABIO ALESSANDRO,42,17.9
FEDERICO FERNANDO,42,53.3
FEDERICO SANTIAGO,42,50.5
FELICIANO JOSE,42,53.3
FELIX RUBEN,42,47.3
FELIX SEBASTIAN,42,35.3
FERHAT,42,44.5
FERMIN MIGUEL,42,60.9
FERNANDO MATEO,42,36.2
FRANCISCO LAUREANO,42,53.9
FRANK EDUARDO,42,34.4
FRANK ENRIQUE,42,36.8
FRANKLIN ALEJANDRO,42,29.6
FRANKLIN ANDRES,42,32.3
FRANKLIN FERNANDO,42,42.4
GASTON ANDRES,42,39.1
GEORGE ANDREI,42,26.2
GEORGE COSMIN,42,29.5
GEORGE FLORIN,42,35.4
GEOVANY,42,41.4
GERARDO VICENTE,42,57.4
GERGO,42,30.5
GERMAN PATRICIO,42,49.0
GHEORGHE VIOREL,42,47.6
GIOVANNI PAOLO,42,38.4
GIRALDO,42,60.1
GLIB,42,22.5
GOAR,42,30.9
GONZALO GUILLERMO,42,46.5
GRANT,42,45.0
GUILLERMO HERNAN,42,50.5
GUORONG,42,54.0
GURPAL,42,43.2
GURSAHIB,42,18.8
GUSTAVO IVAN,42,43.0
HABIBUR,42,39.7
HAKKOUM,42,49.2
HAROLD ALBERTO,42,40.1
HENRY GEOVANNY,42,37.5
HERNAN DANIEL,42,36.6
HIPOLITO JOSE,42,59.5
HUGH,42,56.1
IAN CHARLES,42,60.7
IONUT VASILE,42,34.4
ISMAEL FERNANDO,42,42.3
IVAN SEBASTIAN,42,26.8
JABA,42,34.9
JAIME VICTOR,42,47.8
JAMES FRANCIS,42,50.6
JASON PAUL,42,49.5
JEAN YVES,42,57.6
JEFRY,42,27.8
JEREMY DANIEL,42,16.8
JESUS CANDIDO,42,60.9
JESUS ROGELIO,42,60.2
JHON BRAYAN,42,28.1
JHONY ALEJANDRO,42,32.7
JOAKIN,42,64.2
JOAQUIN DIEGO,42,48.9
JOAQUIN FELIX,42,58.5
JOHAN JAVIER,42,27.9
JOHANNES HENDRIKUS,42,67.4
JOHN EDUARDO,42,43.7
JOHN ERIC,42,44.1
JOHN JADER,42,38.4
JORGE EFRAIN,42,49.7
JORGE EMANUEL,42,26.6
JORGE LAZARO,42,40.0
JORGE MAXIMILIANO,42,40.2
JORGE XAVIER,42,35.8
JOSE BUENAVENTURA,42,62.0
JOSE EDMUNDO,42,59.4
JOSE NAZARIO,42,58.9
JOSE RICHARD,42,43.5
JOSE VINICIO,42,48.3
JOSE WILMAR,42,51.2
JOSEBA ANDER,42,54.5
JOSEP JAUME,42,54.1
JOSEPH STEVEN,42,26.7
JOSU IMANOL,42,54.0
JUAN BRAULIO,42,54.3
JUAN CRISTO,42,46.5
JULIAN SALVADOR,42,50.9
JULIO GERMAN,42,54.8
KAIRUI,42,11.3
KENNETH GEORGE,42,75.1
KEVIN ALFREDO,42,24.9
KEVIN ANDERSON,42,25.5
KEVIN ARTURO,42,25.7
KEVIN CRISTIAN,42,15.8
KEVIN FELIPE,42,23.5
LARABAS,42,33.4
LEO DAVID,42,15.3
LEONARDO RUBEN,42,37.6
LIAM ANTONIO,42,6.9
LICESIO,42,69.2
LINCOLN,42,30.0
LIONEL JESUS,42,22.3
LIZARDO,42,51.2
LLUIS XAVIER,42,45.4
LOLO,42,9.1
LUCAS FELIPE,42,28.0
LUCAS JOSUE,42,12.4
LUCAS STEFAN,42,6.8
LUIS BARTOLOME,42,54.5
LUIS DIONISIO,42,58.2
LUIS GASPAR,42,58.6
LUIS HERMINIO,42,59.1
LUIS NELSON,42,49.1
M'BARK,42,39.1
MAIU,42,8.6
MANSOOR,42,36.0
MANUEL CIPRIANO,42,64.5
MANUEL LAUREANO,42,62.1
MARCOS DOMINGO,42,47.2
MARCOS VALENTIN,42,32.5
MARIAN COSMIN,42,36.1
MARIANO GASTON,42,43.2
MARIO ISRAEL,42,38.9
MARIO MARCELO,42,46.8
MARIO SALVADOR,42,48.3
MARTIN ROBERT,42,52.4
MARZOK,42,52.6
MASSE,42,39.1
MASUM,42,34.9
MATHIAS JOSUE,42,10.3
MATIAS EMMANUEL,42,30.5
MAWDO,42,42.0
MIHAI CIPRIAN,42,40.7
MOHAMED HASSAN,42,34.4
MUCHEN,42,4.7
MUHAMMAD TAHIR,42,33.7
MUHAMMAD ZAYAN,42,4.7
MUZAFFAR,42,42.6
NAHUEL AGUSTIN,42,24.3
NAMORY,42,37.8
NELSON ORLANDO,42,43.8
NESTOR RAMON,42,45.4
NICOLAE COSMIN,42,39.3
NICOLAS BENJAMIN,42,22.7
NICOLAS RODRIGO,42,30.9
NUNO RICARDO,42,42.2
OSCAR ABEL,42,45.0
OSEL,42,29.1
OTTAVIO,42,46.6
OÑATZ,42,11.6
PABLO GERARDO,42,50.2
PAL,42,47.3
PASCUAL DAVID,42,43.2
PAUL FLORIN,42,31.5
PEDRO BARTOLOME,42,54.7
PEDRO ISIDORO,42,61.1
PEDRO LAZARO,42,55.2
PEDRO MARCELINO,42,62.5
PEDRO MARCIAL,42,53.8
PEDRO ORLANDO,42,52.8
RADEK,42,41.3
RADU VASILE,42,40.3
RAMON IVAN,42,44.4
RAUL HORACIO,42,60.1
RICARDO MARCELO,42,52.0
ROBERT ENRIQUE,42,37.0
ROBINSON JESUS,42,43.3
RODOLFO EDUARDO,42,58.2
RODOLFO FRANCISCO,42,52.6
ROGER DANIEL,42,29.9
ROLAN,42,40.5
RUBEN ELIAS,42,35.5
RUSTEM,42,44.0
SAMAD,42,33.4
SAMBALA,42,37.7
SAMIR ALEJANDRO,42,20.9
SAMUEL ERNESTO,42,28.9
SAMUEL MANUEL,42,29.3
SAMUEL RICARDO,42,25.6
SANI,42,25.0
SANTIAGO MOISES,42,32.8
SEBASTIAN JOSUE,42,15.1
SEGUNDO DANIEL,42,51.0
SEGUNDO RODRIGO,42,53.2
SERGIO SAMUEL,42,30.5
SERGIO VALENTIN,42,35.6
SHUANGFENG,42,41.6
SIAM,42,16.1
SILVESTRE MANUEL,42,61.9
SINY,42,39.1
SPARTAK,42,38.3
TABARE,42,37.1
TERENCE MICHAEL,42,70.0
THIAGO ENRIQUE,42,7.4
THIBAUT,42,32.3
THIERNO AMADOU,42,28.3
THOMAS GEORGE,42,42.2
TOMAS BENJAMIN,42,29.3
TOMAS EUGENIO,42,59.1
VASILE IONUT,42,33.0
VICENTE GREGORIO,42,62.0
WALFRIDO,42,59.6
WALTER FRANCISCO,42,45.2
WARIS,42,27.0
WILFREDO JESUS,42,44.2
WILLIAN ALEXANDER,42,30.5
WILLIAN DAVID,42,28.6
WILMER RAFAEL,42,43.1
XIAOGUANG,42,52.2
XINBO,42,22.6
YAMADOU,42,35.6
YANIS ANDREI,42,7.9
YINGJIE,42,28.0
YIPING,42,48.5
YOSMEL,42,35.0
YOUSRI,42,24.5
ZHONGWEI,42,45.1
ZHONGYI,42,44.5
ZIANE,42,39.5
AARON JOEL,41,13.1
AARON SAMUEL,41,15.1
ABDELKAMEL,41,43.6
ABDOULLAH,41,24.9
ABUBAKR,41,11.9
ADOLFO ANGEL,41,56.4
ADOLFO GUSTAVO,41,52.6
ADRIAN CLAUDIU,41,35.4
AGUSTIN CARMELO,41,58.5
AGUSTIN RICARDO,41,51.5
AIMIN,41,58.0
AL,41,35.1
ALAN FERNANDO,41,21.0
ALBERTO GUSTAVO,41,52.4
ALCINO,41,50.9
ALEX ALFREDO,41,37.5
ALEX CRISTIAN,41,19.7
ALEXANDER ANDRES,41,28.6
ALEXANDRU GHEORGHE,41,32.8
ALEXEIS,41,45.4
ALEXIS ADRIAN,41,25.8
ALFONSO DOMINGO,41,55.8
ALFONSO JORGE,41,55.0
ALFREDO ROBERTO,41,58.3
ALIK,41,36.6
ALVARO JAIME,41,40.5
AMAI,41,21.8
ANDERSON ANDRES,41,28.4
ANGEL EUSEBIO,41,59.9
ANGEL MODESTO,41,56.4
ANTHONY JUNIOR,41,23.0
ANTONIO ABRAHAM,41,38.9
ANTONIO CRISTO,41,48.5
ANTONIO HILARIO,41,58.8
ANTONIO LEANDRO,41,54.9
ARAITZ,41,15.1
ARKADIY,41,50.8
ARMENIO,41,63.0
ARTURO NICOLAS,41,33.2
ATIQ,41,34.0
AUDRIUS,41,46.6
AUGUSTO CARLOS,41,51.4
AUGUSTO FRANCISCO,41,54.5
AURELIO ANGEL,41,64.3
AXEL JOEL,41,17.2
AYOZE MANUEL,41,36.2
AZAI,41,5.1
BALKAR,41,47.1
BARRY JAMES,41,65.8
BELKHIR,41,46.0
BENI,41,23.1
BERNARDO MARIA,41,51.3
BERT,41,51.3
BOGDAN STEFAN,41,31.6
BOGOMIL,41,36.6
BOGUSLAW,41,58.1
BRUNO FERNANDO,41,29.3
BRYAN FRANCISCO,41,25.2
BRYAN PATRICIO,41,29.1
BUBAKAR,41,20.0
BYRON ALEJANDRO,41,29.5
CARLOS LEOPOLDO,41,48.7
CHISTOPHER,41,32.4
CHRISTIAN ANDRE,41,39.8
CHRISTOPHER ALAN,41,45.8
CIARAN,41,30.9
CLAUDIO EDUARDO,41,48.6
CRESENCIO,41,66.2
CRISTIAN XAVIER,41,31.7
CRISTOBAL ALBERTO,41,46.7
DAAN,41,23.3
DAIAN,41,11.8
DAMYAN,41,34.9
DANIEL CARMELO,41,44.3
DANIEL CATALIN,41,37.0
DANIEL COSMIN,41,33.2
DANIEL HECTOR,41,56.1
DANIEL PATRICIO,41,36.2
DAOUR,41,38.5
DAVID CHRISTIAN,41,37.3
DAVID CRISTOBAL,41,44.3
DAVID HERNAN,41,35.4
DAVID PASCUAL,41,42.7
DAVID RODRIGO,41,30.7
DAVID SIMON,41,44.6
DENNIS JAVIER,41,28.8
DERIMAN,41,27.7
DIADJI,41,40.0
DIEGO RENE,41,32.6
DIRAR,41,14.3
DOMINGO ALFONSO,41,54.6
DOMINGO MARTIN,41,56.7
EDUARD JOSE,41,32.5
EDUARD VALENTIN,41,18.4
EDUARDO DAMIAN,41,40.1
EDUARDO GREGORIO,41,47.8
EDVIN,41,30.5
EDWARD WILLIAM,41,57.6
EDWIN EDGARDO,41,35.6
EINER,41,26.5
EIRIAN,41,5.7
EKAM,41,5.7
EL HOCINE,41,42.7
EL HOUSSEINE,41,43.2
EL OUAFI,41,50.0
ELHADJI MAMADOU,41,38.9
ELKIN DARIO,41,45.0
ELOY DAVID,41,38.4
EMILIANO DANIEL,41,35.7
EMILIO ALFREDO,41,56.4
EMILIO ESTEBAN,41,51.5
EMILIO ROBERTO,41,55.8
EMMANUEL ANTONIO,41,28.2
ENRIQUE MARIO,41,54.2
ERIC ALEXANDRU,41,11.1
ERIK JESUS,41,23.7
EVGHENI,41,42.4
FABIAN ERNESTO,41,39.1
FARISS,41,27.8
FELIX ERNESTO,41,52.5
FERNANDO EMANUEL,41,27.8
FILADELFO,41,65.3
FRANCESC D'ASIS,41,56.0
FRANCO ARIEL,41,29.3
GABRIEL VASILE,41,35.4
GAL,41,26.5
GEORGE ANTHONY,41,43.3
GEORGI PETROV,41,48.6
GEREMIAS,41,39.9
GERMAN VICENTE,41,54.4
GERSON DANIEL,41,30.4
GERT,41,56.9
GILBERTO MANUEL,41,50.7
GONZALO ESTEBAN,41,47.7
GONZALO IVAN,41,38.3
GONZALO JORGE,41,44.0
GREGORY ALEXANDER,41,30.6
GUILLEM JOSEP,41,34.1
HAMID REZA,41,58.8
HAROLD ANTONIO,41,39.7
HASHIR,41,9.5
HASNI,41,38.1
HECTOR MARCELO,41,48.1
HECTOR OSVALDO,41,63.5
HENNING,41,53.1
HEREN,41,10.1
HILARIO JAVIER,41,52.5
HOUDAYFA,41,13.5
HUGO NELSON,41,49.7
HUGO SANTIAGO,41,27.5
IAN THOMAS,41,44.4
IBRAHEEM,41,14.9
ISICIO,41,61.7
ISMAAIL,41,26.8
ISMAEL ALBERTO,41,42.0
ISMAEL JUAN,41,46.3
IVAN DIMITROV,41,49.2
IVAN SALVADOR,41,33.3
IÑAKY,41,32.5
JACINTO RAMON,41,56.4
JAIME ARMANDO,41,49.1
JAMES ALBERTO,41,44.4
JAMSHED,41,39.4
JASON ALEXANDER,41,24.3
JAVIER AITOR,41,45.8
JAVIER BORJA,41,38.9
JEAN SEBASTIAN,41,21.5
JEFERSON JOSE,41,27.9
JEISON STEVEN,41,28.5
JEMAL,41,43.1
JESUS BORJA,41,38.9
JHON DEIBY,41,22.6
JIANHAO,41,26.2
JIAXING,41,26.0
JOHAN NICOLAS,41,21.6
JOHN GEORGE,41,68.4
JOHN KENNETH,41,49.5
JOHN MAURICIO,41,41.5
JONAN,41,23.4
JONATHAN PETER,41,46.2
JONATHAN RICHARD,41,48.9
JONES,41,41.3
JORGE ALBEIRO,41,50.5
JORGE CARMELO,41,52.6
JORGE CRISTOBAL,41,49.9
JORGE JOSUE,41,28.1
JOSE ARGIMIRO,41,63.7
JOSE DARWIN,41,41.8
JOSE FILIPE,41,42.5
JOSE PELAYO,41,42.2
JOSE SECUNDINO,41,66.6
JOSE VLADIMIR,41,39.8
JOSEP AGUSTI,41,54.9
JOSH,41,20.4
JOSUE AARON,41,25.6
JOSUE ENRIQUE,41,26.6
JOSUE SAMUEL,41,26.9
JUAN ANTONI,41,57.5
JUAN CARMEN,41,64.0
JUAN EMMANUEL,41,22.9
JULIAN EMILIO,41,57.1
JULIAN EZEQUIEL,41,29.3
JULIAN MATIAS,41,37.2
JULIO EUGENIO,41,60.1
JULIO HUMBERTO,41,51.8
KEI,41,17.4
KENNETH ALEXANDER,41,28.0
LEONARDO MARCELO,41,41.9
LIVIU GABRIEL,41,34.4
LORENZO VICENTE,41,58.0
LUCAS AARON,41,12.7
LUCIAN FLORIN,41,37.6
LUCIANO SEBASTIAN,41,31.9
LUIS EMMANUEL,41,24.7
LUIS LEOPOLDO,41,57.4
LUIS OSVALDO,41,50.7
MAGEC,41,13.8
MAKHAN,41,40.0
MANUEL ALEJO,41,48.4
MANUEL BASILIO,41,58.5
MARC FRANCESC,41,30.3
MARCELO AUGUSTO,41,38.2
MARCO ARTURO,41,36.0
MARCOS DARIO,41,33.8
MARCOS MARIA,41,39.8
MARCOS PABLO,41,43.9
MARCOS PEDRO,41,48.1
MARIAN VIOREL,41,38.1
MARIO ADOLFO,41,53.1
MARK STEVEN,41,50.7
MARLON JOEL,41,28.3
MARTIN GUILLERMO,41,36.1
MATAS,41,19.8
MATEO ALEXANDRU,41,5.7
MATIAS GASTON,41,34.0
MATIAS JULIAN,41,27.7
MAURO ALBERTO,41,33.5
MICHAEL FREDERICK,41,71.5
MICHEAL,41,37.8
MIGUEL CESAR,41,57.3
MIGUEL ISAAC,41,36.8
MIJAEL,41,25.5
MIKEL ALEXANDER,41,23.1
MILCHO,41,50.9
MODESTO MANUEL,41,57.4
MOHAMED KAMAL,41,22.1
MOHAMED SAMI,41,17.7
MOHAMMED ADAM,41,12.4
MOHAMMED ISLAM,41,15.6
MOISES MIGUEL,41,40.5
MOISES RAFAEL,41,41.0
MOSAB,41,14.4
MOUNTASSIR,41,30.8
MUHAMMAD HASEEB,41,16.1
MUHAMMAD SAIM,41,11.0
MUHAMMAD ZUBAIR,41,36.4
NAHUEL NICOLAS,41,27.7
NAZAKAT,41,40.6
NEBOJSA,41,52.0
NELSON ARIEL,41,38.7
NELSON RUBEN,41,45.7
NFALY,41,31.8
NICANDRO,41,61.9
NICOLAE VALENTIN,41,39.2
NICOLAS AUGUSTO,41,31.9
NICOLAS MARIANO,41,39.4
NICOLAS MARIO,41,29.9
NORD,41,6.3
NORIEL,41,23.8
NOUAMANE,41,28.0
OIHER,41,25.1
ORLANDO MIGUEL,41,45.2
ORLIN,41,42.7
OSCAR GREGORIO,41,47.1
OSCAR JOSUE,41,28.7
OSCAR VALENTIN,41,47.6
OSMUNDO,41,70.9
PABLO HUGO,41,46.7
PAPA IBRAHIMA,41,37.7
PARSA,41,18.9
PARVINDER,41,38.5
PASCUAL ANDRES,41,55.3
PAU MIQUEL,41,28.3
PAZ,41,74.0
PEDRO RODRIGO,41,41.2
PIERGIORGIO,41,51.4
RAEL,41,27.8
RAFAEL SERGIO,41,49.4
RAIMUNDO ANTONIO,41,58.9
RAJVEER,41,16.1
RATI,41,26.0
RAUF,41,42.1
RAUL PABLO,41,49.4
RAYEN,41,17.6
RAZVAN ADRIAN,41,30.7
RAZVAN IOAN,41,28.7
RAZVAN NICOLAE,41,30.7
REX,41,47.4
RICARDAS,41,45.9
RICARDO DAMIAN,41,43.9
RICARDO ISMAEL,41,43.3
RICARDO RUBEN,41,54.1
RICHARD ADRIAN,41,36.6
RICHARD IAN,41,58.9
ROBERTO ANDREI,41,14.3
ROBERTO JULIO,41,50.8
ROGER FERNANDO,41,36.9
ROGER MANUEL,41,47.4
ROHAAN,41,5.9
ROLANDO DAVID,41,39.0
ROLANDO JESUS,41,44.4
RONALD MAURICIO,41,34.0
RONALDO JOSE,41,29.5
RONNY JAVIER,41,33.9
RONNY JOSE,41,36.1
RONY ALEXANDER,41,29.5
ROSENDO MANUEL,41,56.6
RUBEN ARMANDO,41,51.4
SAIDI,41,41.2
SAIF ULLAH,41,35.3
SALIMOU,41,32.7
SAMUEL RAFAEL,41,26.3
SANTIAGO ARTURO,41,34.8
SANTIAGO HERNAN,41,32.4
SANTIAGO MATEO,41,22.2
SANTIAGO OSCAR,41,44.0
SATISH,41,45.7
SATWINDER,41,36.5
SAVINO,41,50.5
SEBASTIAN MAURICIO,41,30.9
SEBASTIAN SANTIAGO,41,40.6
SERGIO CESAR,41,47.8
SERGIO PASCUAL,41,49.0
SEVAK,41,31.6
SHAFIQ,41,48.3
SHUN,41,31.0
STEFAN CATALIN,41,35.6
SUKHBIR,41,37.2
SULMAN,41,27.5
SYLLA,41,34.1
TAMOOR,41,31.0
TEODORO JAVIER,41,55.4
TERJE,41,69.4
THIAGO ALONSO,41,7.9
THIAGO LUIS,41,11.2
THOMAS SANTIAGO,41,14.6
TOMAS ALFREDO,41,42.8
URBANO JOSE,41,57.5
VALENTIN ALEXANDRU,41,26.6
VALENTIN MARIAN,41,32.4
VENANCIO JOSE,41,58.8
VUK,41,18.9
WALLACE,41,32.7
WALTER GUSTAVO,41,50.0
WILLIAMS ALEXANDER,41,35.9
WILLIAN ANDRES,41,32.9
XAVIER JOSEP,41,44.4
YAMINE,41,30.4
YANI,41,27.6
YANIK,41,23.5
YERAY ANTONIO,41,29.5
YOUSSIF,41,33.3
YUNAID,41,5.6
ZAHOOR,41,50.4
ABDELJAOUAD,40,40.5
ABDU,40,30.7
ABDULAZIZ,40,34.9
ABELARDO ANTONIO,40,55.6
ABIAN JESUS,40,27.1
ADRIAN ALEXIS,40,28.5
ALAN JOSEPH,40,49.1
ALEJANDRO GREGORIO,40,44.3
ALEX ROBERTO,40,39.7
ALEXANDER WILLIAM,40,32.5
ALFIE,40,18.7
ALI JOSE,40,36.1
ALIN CRISTIAN,40,37.1
ALVARO ISMAEL,40,31.9
ALVARO JULIO,40,45.5
AMADOR ANTONIO,40,59.0
AMRAN,40,28.8
ANASTACIO,40,54.0
ANDRE MANUEL,40,33.1
ANDREI RAZVAN,40,25.1
ANDRES FEDERICO,40,42.5
ANDRES ORLANDO,40,38.4
ANGEL BENJAMIN,40,49.4
ANGEL CLEMENTE,40,58.5
ANGEL ROLANDO,40,43.6
ANGEL ROSENDO,40,65.3
ANGELO DANIEL,40,24.4
ANTANAS,40,50.8
ANTHONY XAVIER,40,25.7
ANTONIO BASILIO,40,61.4
ANTONIO BERNABE,40,53.0
ANTONIO SEGUNDO,40,60.0
ARAYIK,40,44.9
ARIEL DARIO,40,45.4
ARIEL MARCELO,40,45.4
ARKADI,40,42.3
ARLEX,40,43.3
ARMANDO JORGE,40,55.1
AVELINO JESUS,40,60.8
AXEL EDUARDO,40,18.8
AXEL JOSE,40,18.2
BADA,40,33.4
BADER EDDINE,40,18.6
BARTOLOME FRANCISCO,40,59.5
BASEM,40,38.1
BILALY,40,33.1
BORJA DAVID,40,32.7
BRANKO,40,43.8
BREINER,40,24.9
BRIAN ANTHONY,40,52.8
BRIAN JOSEPH,40,60.5
BRIAN ROBERT,40,69.4
BRICE,40,37.3
BRYAN GABRIEL,40,21.4
BRYAN ISRAEL,40,26.1
CANDIDO FRANCISCO,40,61.6
CANUTO,40,70.1
CARLOS BARTOLOME,40,48.8
CARLOS BENIGNO,40,53.9
CARLOS CARMELO,40,60.6
CARLOS MAGNO,40,46.2
CARLOS ULISES,40,40.4
CARLOS URIEL,40,34.2
CARLOS WILFREDO,40,42.8
CATALIN MARIUS,40,40.0
CE,40,34.7
CESAR JUNIOR,40,28.4
CESAR MARCELO,40,45.6
CHEGDALI,40,51.2
CHEIKH SADIBOU,40,35.9
CHENXUAN,40,10.6
CIPRIAN FLORIN,40,38.4
CLAUDIO NICOLAS,40,36.2
CLEMENS,40,48.1
CORNELIS JOHANNES,40,68.6
COSMIN IOAN,40,38.9
CRISTIAN ADOLFO,40,37.9
CRISTOBAL ENRIQUE,40,52.7
CRISTOPHER JOSUE,40,19.8
CRUZ MANUEL,40,53.9
DANIEL CESAR,40,45.6
DANNY MAURICIO,40,35.1
DARIO DAVID,40,27.6
DARIO MARTIN,40,38.8
DARIUS NICOLAE,40,17.6
DARLIN,40,28.3
DAVID FABIAN,40,30.4
DAVID NICHOLAS,40,43.9
DENVER,40,10.5
DHARMINDER,40,40.2
DIEGO FERNEY,40,40.9
DIEGO LORENZO,40,41.8
DOUGLAS ENRIQUE,40,41.4
DRAGOS FLORIN,40,32.4
DYLAN XAVIER,40,12.1
EDDY MANUEL,40,33.7
EDGARDO ENRIQUE,40,49.6
EDUARD ANTONIO,40,29.4
EDUARDO ALEXIS,40,41.1
EDUARDO SERGIO,40,54.0
EDWIN MIGUEL,40,33.1
EFREN JOSE,40,41.4
EMILIANO GABRIEL,40,31.3
EMILIO SEBASTIAN,40,38.1
EMMANUEL ALEXANDER,40,23.9
ENOK,40,11.3
ENZO GAEL,40,4.4
ERIC MIGUEL,40,23.4
ERIKAS,40,22.9
ERNESTO RAUL,40,51.1
EULISES,40,47.4
EYNAR,40,10.6
FABIAN IGNACIO,40,25.7
FACUNDO ARIEL,40,28.5
FAVOUR,40,24.7
FEDERICO VICENTE,40,57.7
FELIX ESTEBAN,40,56.7
FERNANDO ANIBAL,40,49.9
FERNANDO ROMAN,40,50.6
FLORIN MADALIN,40,31.1
FRANCISCO ADAY,40,32.2
FRANCISCO JAVIER MARIA,40,65.9
FRANCISCO XOSE,40,52.4
FRANK ALBERTO,40,36.9
FRANKLIN OMAR,40,42.7
FREDDIE,40,37.3
FREDDY MAURICIO,40,37.0
GABRIEL ANDRE,40,16.0
GABRIEL DOMINGO,40,48.3
GABRIEL PABLO,40,44.8
GASTON ALBERTO,40,42.4
GENARO ANTONIO,40,52.2
GEORGE DAVID,40,31.0
GERARDO MARIA,40,61.2
GOIO,40,52.0
GUTIER,40,36.6
HAIMIN,40,51.9
HAMA,40,32.2
HECTOR HORACIO,40,62.1
HECTOR MARIA,40,47.2
HENOC,40,29.2
HONGBIN,40,43.3
HUAN,40,33.8
IACOPO,40,28.1
IAN JOSUE,40,6.9
IKER JOSUE,40,12.2
ILHAN,40,29.5
IONEL FLORIN,40,39.6
ISAAC MATEO,40,11.4
ISMAEL CARLOS,40,49.6
IULIAN GABRIEL,40,32.1
IVAN JUNIOR,40,18.3
IZAN ANTONIO,40,11.5
JAIME MARCELO,40,49.4
JANIER,40,33.9
JAVIER AURELIO,40,48.9
JAVIER VICTOR,40,47.5
JEFFERSON STALIN,40,31.7
JESUS ALBEIRO,40,49.1
JESUS BARTOLOME,40,51.2
JESUS MAXIMO,40,60.0
JESUS PAULINO,40,61.9
JHONNY JESUS,40,37.1
JIAKAI,40,19.1
JINMING,40,44.5
JINRONG,40,51.8
JOAN ALEXIS,40,25.4
JOAN RAFAEL,40,40.1
JOAQUIN DAMIAN,40,49.9
JOAQUIN PASCUAL,40,56.9
JOBANPREET,40,23.2
JOHN BARRY,40,70.2
JOHN CHRISTIAN,40,39.3
JOHN FABIO,40,44.7
JOHN GERARD,40,59.7
JONATHAN ISMAEL,40,26.6
JONATHAN MARTIN,40,38.4
JORDAN ALEJANDRO,40,19.6
JORGE LEANDRO,40,40.8
JOSE ARQUIMEDES,40,55.1
JOSE CALIXTO,40,57.9
JOSE EDELMIRO,40,63.2
JOSE ESTANISLAO,40,59.3
JOSE TADEO,40,41.9
JOSUE ELIAS,40,21.9
JOSUE ISMAEL,40,24.2
JOSUE SEBASTIAN,40,20.7
JUAN CARLES,40,49.7
JUAN SATURNINO,40,59.7
JUAN VIRGILIO,40,57.1
JULIAN ALEXIS,40,37.8
JULIO AURELIO,40,58.5
JULIO MARCELO,40,48.9
KAAN,40,24.3
KAIL,40,10.2
KARTIK,40,18.8
KENNETH JAMES,40,72.0
KEVIN MATEO,40,19.1
KEVIN RODRIGO,40,24.8
KEYLER,40,9.6
KHACHATUR,40,41.7
KHACHIK,40,49.5
LAZARO ALEJANDRO,40,31.0
LAZARO MIGUEL,40,47.3
LEANDRO LUIS,40,47.5
LEIVA,40,6.3
LEONARDO MATIAS,40,30.9
LEONEL ALBERTO,40,36.4
LIAM JAMES,40,18.6
LIAM JOEL,40,4.7
LINGYONG,40,43.4
LINO MANUEL,40,57.4
LISANDRO JOSE,40,35.6
LLUCH,40,16.6
LUCAS PABLO,40,33.8
LUCAS RODRIGO,40,24.9
LUIS BASILIO,40,56.4
LUIS EVARISTO,40,56.8
LUIS MARCELINO,40,56.5
LUIS MELCHOR,40,52.9
MAGENCIO,40,68.8
MAIKEL ANTONIO,40,25.8
MAIMOUN,40,54.0
MAJOR,40,46.6
MAMADOU DIOULDE,40,35.6
MANUEL ABELARDO,40,59.0
MANUEL CONSTANTINO,40,67.8
MARC DAVID,40,29.2
MARCO AUGUSTO,40,45.6
MARCO EMILIO,40,41.9
MARCO FABIAN,40,39.0
MARIAN ALIN,40,36.6
MARIAN VASILE,40,36.8
MARIO ANDRE,40,30.2
MARIO VICTOR,40,54.2
MARIUS ION,40,44.1
MARIUS ROBERT,40,34.8
MARTIN TOMAS,40,32.2
MARVIN JAVIER,40,34.1
MARVIN SANTIAGO,40,24.2
MATIAS EMILIANO,40,29.4
MATTHEW PAUL,40,40.1
MAURICIO EZEQUIEL,40,33.5
MICHEL JEAN,40,68.5
MIGUEL HERNAN,40,45.0
MIHAI CONSTANTIN,40,33.8
MIHAI LUCIAN,40,36.8
MIRCEA IOAN,40,45.1
MOHAMED EL ARBI,40,33.7
MOHAMMED RAYAN,40,11.2
MOMATH,40,42.1
MOUHAMETH,40,24.5
MUBEEN,40,26.6
MUHAMMAD AHAD,40,8.5
MUHAMMAD SHOAIB,40,32.9
NELSON ADRIAN,40,36.6
NESTOR JULIAN,40,38.0
NESTOR MAURICIO,40,42.0
NICOLAS DAMIAN,40,29.6
NICOLAS LEONARDO,40,28.1
NICOLAS MAURICIO,40,28.9
NIEL,40,15.3
NOAH GAEL,40,3.7
OBAIDA,40,16.3
OCTAVIO ENRIQUE,40,50.9
OLAV,40,42.5
ORELVIS,40,44.2
OUAHID,40,43.2
OUASIM,40,19.4
PABLO JOSUE,40,22.7
PAU ANTONI,40,32.1
PAU JOAN,40,34.7
PEDRO EUSEBIO,40,57.3
PEDRO FEDERICO,40,50.9
PEDRO MAURICIO,40,46.4
PEDRO REYES,40,58.9
PERE ANTON,40,56.3
PETREA,40,58.6
PHILIP MICHAEL,40,59.8
PIER LUIGI,40,58.7
QAIS,40,17.2
RAFAEL RODRIGO,40,40.6
RAFAEL RUBEN,40,42.6
RAMON GONZALO,40,56.9
RAMON PASCUAL,40,61.1
RANDY JOSE,40,32.1
RICARDO SERGIO,40,50.5
RICHARD HENRY,40,52.6
RIKARDO,40,47.3
ROBERT IULIAN,40,28.0
ROBERT NICOLAS,40,18.0
SAMEH,40,40.5
SAMUEL GABRIEL,40,22.5
SAMUEL JUAN,40,30.7
SAMUEL STIVEN,40,14.3
SANTIAGO ALESSANDRO,40,9.0
SANTIAGO PAUL,40,29.4
SAYFEDDINE,40,14.7
SEKHOU,40,33.1
SERGIO ELIAS,40,40.3
SERGIO ROMAN,40,45.1
SERGIO VICTOR,40,49.4
SEYDINA MOHAMED,40,9.3
SHADY,40,28.0
SHAFIQUE,40,42.5
SHAHRAM,40,47.5
SHARJEEL,40,27.0
SILVER,40,26.8
SINDULFO,40,62.6
STEFAN BOGDAN,40,30.2
STEFAN IONUT,40,27.1
STEVAN,40,21.8
STOYCHO,40,50.7
SUPING,40,53.9
TAYRON,40,11.8
THALES,40,27.1
THOMAS RICHARD,40,47.6
TOMAS GUILLERMO,40,44.8
VALENTIN ANGEL,40,60.3
VICENTE ADRIAN,40,39.0
VICENTE SEBASTIAN,40,51.6
VICTOR ANIBAL,40,44.5
VICTOR MATIAS,40,31.4
VIRGILIO ANTONIO,40,52.0
WALTER OSCAR,40,53.9
WANDERLEY,40,46.1
WENHUA,40,51.7
WILBER ANTONIO,40,39.4
WILSON GABRIEL,40,33.6
WILSON GEOVANNY,40,42.7
WILSON OMAR,40,36.9
WILVER,40,39.3
YEISSON,40,29.8
YIBRIL,40,6.0
YOSHUA,40,24.6
YUFAN,40,12.9
YUJUN,40,27.2
YUPING,40,56.6
YURIK,40,30.9
YUYANG,40,17.1
ZHIYI,40,32.5
ZIJIAN,40,21.8
ZIJUN,40,16.0
ZIYAN,40,15.9
ZORAWAR,40,4.2
ZYAN,40,3.1
ABDELBARIE,39,29.6
ABUBAKARY,39,22.4
ADAO,39,50.6
ADRIAN ALONSO,39,25.3
ADRIAN MICHAEL,39,35.9
ALAN MATHIAS,39,9.0
ALEX DAMIAN,39,24.0
ALFONSO GUILLERMO,39,52.4
ALTHAY,39,15.9
ALVARO MATEO,39,20.6
AMILCAR JOSE,39,43.5
ANDERSON GABRIEL,39,22.5
ANDERSON STIVEN,39,28.3
ANDREI CIPRIAN,39,29.5
ANDRES GERMAN,39,52.2
ANDRES OSCAR,39,53.8
ANDRIS,39,44.0
ANDY JESUS,39,22.8
ANGEL FAUSTINO,39,59.9
ANGEL SAUL,39,31.4
ANGELO MIGUEL,39,29.8
ANIBAL DANIEL,39,41.4
ANJUM,39,41.9
ANKOR,39,15.6
ANTHONY PETER,39,64.1
ARIEL ANDRES,39,37.0
ARLO,39,6.1
ARNOLDO JOSE,39,45.3
ASUNCION,39,68.0
AYYAN,39,11.7
AZAT,39,39.7
BAFODE,39,37.3
BARRIE,39,74.7
BAYE DAME,39,33.7
BENCE,39,23.6
BENJAMIN FRANCISCO,39,37.9
BENJAMIN NICOLAS,39,23.3
BOGDAN DANIEL,39,32.0
BORJA DANIEL,39,35.0
BOUMEDIEN,39,58.0
BRANDON JOSE,39,23.4
BRYAN LEONARDO,39,26.7
BRYAN OMAR,39,26.6
CARLOS GINES,39,48.0
CESAR EUGENIO,39,50.7
CESAR JOEL,39,30.1
CESAR MARIANO,39,51.2
CESAR SEBASTIAN,39,33.7
CHENGJUN,39,26.8
CHRISTIAN MICHAEL,39,34.8
CLAUDIO ARIEL,39,51.3
CONFESOR,39,54.6
CONSTANTIN IULIAN,39,41.3
CONSTANTIN LUCIAN,39,40.9
CRISTIAN ABEL,39,33.3
CRISTIAN GERARDO,39,35.5
CRISTIAN ISRAEL,39,28.4
CRISTIAN SALVADOR,39,33.4
CRISTIAN STEVEN,39,24.3
CRISTO ANTONIO,39,40.9
DANIEL BERNARDO,39,41.6
DANIEL CHRISTIAN,39,39.8
DANIEL CLAUDIU,39,33.4
DANIEL IONEL,39,38.1
DARWIN GEOVANNY,39,36.8
DARWIN JOEL,39,30.1
DAVID ADOLFO,39,38.6
DAVID ALESSANDRO,39,12.7
DAVID LEON,39,40.2
DAVINSON,39,30.6
DIEGO ABRAHAM,39,20.2
DOMENECH,39,51.9
DOMINGO PEDRO,39,64.2
DOSINDO,39,72.8
DOUGLAS ALBERTO,39,40.2
EDERSON,39,35.7
EDINSON JAVIER,39,35.9
EDISON ANTONIO,39,39.5
EDRICK,39,7.2
EDUARD MARIAN,39,20.3
EDUARDO EZEQUIEL,39,33.4
EDUIN,39,41.3
EDWAR ANDRES,39,32.8
EFOSA,39,40.7
ELIAS NICOLAS,39,24.1
ELIO JESUS,39,40.0
ELMER ANTONIO,39,41.2
ELOY FERNANDO,39,53.7
EMILIANO FRANCISCO,39,55.9
EMILIO JULIO,39,59.0
ENMANUEL ALEJANDRO,39,22.0
ENRIQUE GONZALO,39,50.9
ENZO MIGUEL,39,10.5
ERIC STEFAN,39,8.7
ERICK STEVEN,39,25.2
ERNESTAS,39,33.3
ERNESTO ALONSO,39,39.8
ESTEVEN,39,29.2
FACUNDO IGNACIO,39,26.0
FACUNDO TOMAS,39,24.3
FEDERICO HERNAN,39,37.9
FEDERICO PABLO,39,49.9
FELIX EUGENIO,39,60.0
FELIX GREGORIO,39,63.1
FETTAH,39,41.4
FIDEL MANUEL,39,56.3
FLAVIO JOSE,39,35.2
FLORO,39,72.4
FRANCISCO SAUL,39,34.8
FRANK ANTONIO,39,36.0
GABIREL,39,36.3
GABRIEL HUMBERTO,39,39.0
GAEL ALESSANDRO,39,6.2
GALO FERNANDO,39,48.4
GERMAN AGUSTIN,39,46.1
GERMAN ALEXANDER,39,35.0
GINES LUIS,39,56.8
GIOVANNI BATTISTA,39,47.7
GIOVANNY ALEXANDER,39,34.5
GODFREY,39,44.2
GUODONG,39,46.6
GUSTAVO DARIO,39,43.3
GUSTAVO GERMAN,39,48.5
GUSTAVO GUILLERMO,39,53.4
GUSTAVO SEBASTIAN,39,36.2
GYULA,39,51.2
HAFDALA,39,30.9
HAITAO,39,41.6
HAJIE,39,35.8
HANAFI,39,36.8
HAOZHE,39,15.8
HARDEEP SINGH,39,33.7
HARKIRAT,39,17.4
HECTOR ADOLFO,39,43.6
HECTOR ARTURO,39,42.7
HECTOR GONZALO,39,48.8
HECTOR PATRICIO,39,48.2
HENDRIK JAN,39,63.1
HRACHYA,39,44.6
HUGO RENE,39,47.8
HUMBERTO DANIEL,39,39.5
HUMBERTO LUIS,39,52.2
HUR,39,25.1
HUSEIN,39,31.6
IGNACIO ARIEL,39,32.4
IKER EDUARDO,39,13.4
IMAN,39,30.8
IOSIF DANIEL,39,37.7
ISAAC RAMON,39,39.8
ISAAC SAMUEL,39,17.6
ISIDORO ANTONIO,39,54.0
IVAN DOMINGO,39,40.3
IVAN EMILIO,39,39.0
IÑIGO LUIS,39,41.6
JACK WILLIAM,39,29.8
JAGDISH,39,46.1
JAIME LEON,39,51.3
JAKIR,39,37.6
JAUME RAMON,39,54.4
JAVED IQBAL,39,54.7
JAVIER BENJAMIN,39,46.2
JAVIER DAMIAN,39,49.2
JAVIER ROMAN,39,47.2
JESUS CELESTINO,39,61.8
JESUS GASPAR,39,61.4
JESUS HERNANDO,39,50.7
JESUS MARINO,39,63.3
JESUS REINALDO,39,39.4
JEZIEL,39,14.7
JHOAN ALEJANDRO,39,20.4
JHOAN ALEXIS,39,24.8
JIASHENG,39,22.3
JIMMY ANTONIO,39,40.0
JOAQUIN ADRIAN,39,32.2
JOAQUIN ERNESTO,39,47.7
JOAQUIN EUGENIO,39,60.2
JOAQUIN GONZALO,39,45.8
JOAQUIN MATIAS,39,34.9
JOEL ARMANDO,39,31.1
JOEL IVAN,39,29.7
JOHANNES ANTONIUS,39,66.7
JOHN ANDER,39,18.9
JOHNATTAN,39,37.5
JON GOTZON,39,55.2
JONATHAN NICOLAS,39,30.6
JORDI MARIA,39,63.9
JORGE ALEXANDRE,39,43.0
JORGE RODOLFO,39,51.0
JOSE ARNOLDO,39,55.0
JOSE CASTO,39,57.6
JOSE DIDIER,39,48.9
JOSE DONATO,39,56.6
JOSE ELMER,39,45.0
JOSE ERASMO,39,50.3
JOSE GIOVANNY,39,42.8
JOSE ONOFRE,39,61.1
JOSEP GABRIEL,39,35.3
JOSEPH PATRICK,39,52.3
JOSUE EDUARDO,39,26.0
JUAN ABELARDO,39,55.5
JUAN CELSO,39,63.0
JUAN GENARO,39,56.2
JULIAN TOMAS,39,59.4
JULIO BERNARDO,39,56.2
JULIO JAIME,39,57.6
JULIO LORENZO,39,60.8
JULIO MARCOS,39,47.9
KEVIN CAMILO,39,25.1
KLAAS,39,57.8
LASSE,39,38.1
LEANDRO HERNAN,39,41.0
LEONARDO AUGUSTO,39,40.5
LLUCIA,39,59.2
LLUIS JOSEP,39,54.9
LUCAS TOMAS,39,24.2
LUIS ALCIDES,39,48.6
LUIS CRISTIAN,39,38.1
LUIS EDWIN,39,41.8
MAICON,39,35.8
MAKHLOUF,39,49.8
MAKRAM,39,24.5
MAMUDU,39,27.0
MANUEL BARTOLOME,39,55.4
MANUEL OVIDIO,39,59.2
MARC ALEXANDRE,39,34.4
MARCO EDUARDO,39,34.1
MARCO RODRIGO,39,45.0
MARIANO PABLO,39,53.9
MARLON FERNANDO,39,29.8
MATTHEW WILLIAM,39,41.0
MIAO,39,39.9
MICHAEL ARTHUR,39,73.6
MICHEL ANDRE,39,59.7
MIGUEL AURELIO,39,50.2
MIGUEL FEDERICO,39,48.8
MIHAI LAURENTIU,39,39.0
MIKAIL,39,14.0
MIKEL GARIKOITZ,39,47.6
MINGHUI,39,32.3
MINGYU,39,21.0
MIQUEL LLUIS,39,48.0
MIR,39,23.4
MOHAMED AIMAN,39,19.8
MOHAMED NAJIB,39,44.4
MOISES ANDRES,39,32.6
MOISES ANGEL,39,53.0
MOUKHTAR,39,41.9
MRABIH,39,34.1
MUHAMMAD ABUBAKAR,39,12.7
MUHAMMAD ADEEL,39,29.3
MUHAMMAD AMIR,39,32.8
MUHAMMAD HARIS,39,13.6
MUHAMMAD HASNAIN,39,10.7
MUHAMMAD SHAHID,39,43.5
MUHAMMAD TAYYAB,39,23.8
NAHIL,39,8.5
NAMAN,39,24.4
NASEEM,39,40.7
NASSREDDINE,39,26.6
NAZIH,39,39.0
NICHOLAS CHARLES,39,61.3
NICODEMUS,39,61.9
NICOLAS LEANDRO,39,30.4
NINEL,39,47.9
NORBERTO JAVIER,39,46.9
NORBERTO LUIS,39,61.2
NORGE,39,48.1
NORMANDO,39,52.8
NUGZAR,39,49.5
OCTAVIO CESAR,39,54.5
OSARETIN,39,39.9
OSCAR HORACIO,39,59.7
OSCAR ISRAEL,39,39.4
OSCAR RAMIRO,39,44.1
OUAEL,39,19.6
OZAN,39,28.0
PABLO EMMANUEL,39,24.9
PABLO NAHUEL,39,32.0
PATRICIO NICOLAS,39,33.4
PAUL STEVEN,39,44.2
PEDRO AMADOR,39,53.7
PEDRO GASPAR,39,56.4
PEDRO HUMBERTO,39,55.2
PERE JAUME,39,51.7
PETER ALAN,39,66.9
PRADEEP,39,40.6
RAFAEL ALEXIS,39,44.7
RAFAEL FERMIN,39,55.9
RAFAEL MATEO,39,33.6
RAFAEL RAUL,39,44.7
RAMON ROBERTO,39,55.9
RANGEL,39,42.4
RAUL JOAQUIN,39,44.3
RAZVAN CRISTIAN,39,27.3
RICHARD EDWARD,39,59.1
RICHARD GEORGE,39,63.2
RICO,39,37.8
RIMANTAS,39,57.8
RIVER,39,13.1
ROBERT MANUEL,39,40.3
ROBERTO ARIEL,39,42.9
ROBERTO CARLO,39,37.6
ROBERTO HUGO,39,57.2
ROBERTO RUBEN,39,55.9
ROMAN LUIS,39,57.1
ROMANS,39,35.2
ROQUE FRANCISCO,39,55.1
RUAN,39,26.5
RUBEN RAUL,39,49.2
RUBEN TOMAS,39,41.1
RYAN JAMES,39,33.9
SALVADOR PASCUAL,39,57.7
SALVADOR TOMAS,39,55.1
SANTIAGO GUILLERMO,39,51.8
SANTOS ANGEL,39,62.0
SEBASTIAN GUILLERMO,39,40.9
SEBASTIAN MATEO,39,19.0
SENI,39,29.7
SERAFIN ANGEL,39,60.4
SERGIO HUGO,39,48.0
SERGIO HUMBERTO,39,45.5
SERGIO JOEL,39,26.3
SEYDI,39,38.7
SHUANGWEI,39,41.7
SILVIU MARIAN,39,32.4
SIMON ALEXANDER,39,41.7
SIMRANJIT,39,28.8
SOUFIYAN,39,29.1
STEVENS,39,31.8
SUKHJIT,39,32.8
TARIEL,39,43.7
TEWFIK,39,47.4
THIAGO AGUSTIN,39,11.9
THIAGO JOEL,39,8.3
TIANLE,39,19.6
TOSEEF,39,32.3
TULIO ENRIQUE,39,51.6
URIEL ANTONIO,39,41.4
VALMIR,39,48.8
VASILE CLAUDIU,39,41.8
VASILE MIHAI,39,41.3
VASILE NICOLAE,39,45.4
VICENTE OSCAR,39,56.9
VICTOR AARON,39,22.8
VICTOR AURELIO,39,48.2
VICTOR FIDEL,39,50.4
VIOREL FLORIN,39,43.2
VLADUT,39,35.0
WAHAB,39,25.4
WALTER RAUL,39,51.2
WILLIANS,39,41.7
YERON,39,16.2
YILIN,39,19.1
YONATHAN JOSE,39,36.2
ZAMIR,39,42.4
ZHIFENG,39,41.1
ZOUHAYR,39,28.9
ABA,38,31.8
ABDENNASER,38,43.7
ABDUS,38,40.3
ACOYDAN,38,18.3
ADDIEL,38,30.3
ADOLFO ANDRES,38,48.1
ADRIAN MAURICIO,38,31.3
ADRIAN ROBERT,38,37.5
ADRIAN TOMAS,38,29.7
AGNALDO,38,47.9
AGUSTIN ROBERTO,38,51.3
AITOR MARIA,38,52.7
AKSHAY,38,28.5
AL AMIN,38,31.3
ALAIN DANIEL,38,24.0
ALAN RICHARD,38,64.3
ALAN SAMUEL,38,12.7
ALBERTO AUGUSTO,38,50.6
ALEJANDRO FIDEL,38,40.3
ALEJANDRO RENE,38,34.7
ALEXANDER FERNANDO,38,27.3
ALEXANDER FRANCISCO,38,30.0
ALEXANDRU VIOREL,38,31.9
ALEXIS DAMIAN,38,25.1
ALFONSO ESTEBAN,38,51.9
ALFONSO EUGENIO,38,55.6
ALFONSO JULIO,38,55.9
ALIN NICOLAE,38,34.6
ALISTAIR,38,46.3
ALIYAN,38,14.4
ALPHA AMADOU,38,27.5
ALTIN,38,42.9
ALVARO CESAR,38,42.6
ALVARO GERMAN,38,41.0
ALVEIRO,38,45.7
AMABILIO,38,68.2
ANAI,38,21.4
ANAKIN,38,10.3
ANDRES HERNAN,38,41.0
ANGEL AMADOR,38,51.3
ANGEL JONATHAN,38,38.9
ANTONIO MARCO,38,44.0
ANTONIO SILVESTRE,38,53.3
ANUEL,38,5.3
AO,38,23.4
ARCADIO JOSE,38,51.8
AXEL JESUS,38,19.0
BERNAL,38,29.9
BHAGWAN,38,61.8
BORIS ALEXANDER,38,37.0
BOUNAMA,38,41.3
BOUTAYEB,38,47.8
BRAYAN LEONARDO,38,27.4
BRIAN NICOLAS,38,25.4
BRUNO FELIPE,38,32.7
BRYAN ADRIAN,38,24.3
BRYAN CAMILO,38,25.8
BUBAKARY,38,25.4
CANDELO,38,68.7
CAREL,38,9.2
CARLOS EDMUNDO,38,50.9
CARLOS EDWIN,38,42.5
CARLOS NOE,38,41.8
CARLOS WILSON,38,53.2
CASIMIRO JOSE,38,58.6
CELSO JESUS,38,57.0
CESAR DAMIAN,38,37.8
CESAR EDGARDO,38,39.9
CESAR JOSUE,38,27.0
CHRISTIAN ALFONSO,38,36.9
CHRISTIAN RENE,38,44.1
CLEOFAS,38,58.1
CRISTHIAN GEOVANNY,38,30.1
CRISTIAN ROBERT,38,31.8
CRISTO DANIEL,38,35.1
CRISTOPHER JESUS,38,22.6
DAJUN,38,48.7
DAMA,38,27.2
DANIEL CHRISTOPHER,38,41.1
DANIEL LEON,38,38.1
DANIEL MARK,38,38.6
DANYL,38,14.5
DAVID FRANCIS,38,68.2
DAVID ROY,38,64.2
DENI,38,20.3
DIEGO AARON,38,19.7
DIEGO DOMINGO,38,49.5
DMITRIJ,38,43.6
DONINO,38,70.2
DOUGA,38,36.0
DYLAN ESTEBAN,38,12.1
EDGAR ALONSO,38,45.1
EDGAR ARMANDO,38,44.7
EDGAR OSWALDO,38,49.5
EDISON JESUS,38,43.4
EDUARDO VICTOR,38,53.0
EDUARDO XAVIER,38,37.1
EDWIN RODRIGO,38,43.7
EL KHAMISS,38,39.5
ELBER,38,36.9
ELVIS JESUS,38,34.5
ENRIQUE ARMANDO,38,54.2
ENRIQUE GERARDO,38,52.2
ERICKSON,38,33.6
ERNESTO FERNANDO,38,51.0
EUGENIO FERNANDO,38,58.1
EUGENIO PEDRO,38,61.8
FABIAN ALEXIS,38,33.7
FABRIZIO ALESSANDRO,38,13.1
FACUNDO MATIAS,38,31.4
FEDERICO GUSTAVO,38,44.0
FELIPE ARTURO,38,35.6
FELIX SALVADOR,38,54.1
FERNANDO BORJA,38,42.5
FIDENCIANO,38,75.2
FLORIN OVIDIU,38,43.2
FRANCISCO ELISEO,38,56.7
FRANCISCO EULOGIO,38,58.6
FRANCISCO RAMIRO,38,61.5
FRANKLIN MAURICIO,38,39.1
FREDDY PATRICIO,38,46.4
FREDY ORLANDO,38,45.5
GEAN CARLOS,38,27.8
GERMAN ERNESTO,38,46.2
GERSON ALEXANDER,38,31.1
GHEORGHE VALENTIN,38,41.8
GRAEME,38,62.2
GUILLERMO ELIAS,38,41.9
GUOQING,38,49.2
GURDEEP SINGH,38,34.0
GUSTAVO ANIBAL,38,47.6
HALIL,38,48.0
HAMARA,38,33.8
HANIF,38,40.2
HAROLD ENRIQUE,38,34.2
HAROLD STEVEN,38,26.3
HAROLDO,38,51.1
HARRY JAMES,38,26.7
HECTOR BIENVENIDO,38,52.9
HECTOR GERMAN,38,43.0
HECTOR JOEL,38,30.3
HECTOR ROBERTO,38,56.3
HENRY FABIAN,38,37.7
HENRY JOSUE,38,27.4
HERMELO,38,71.4
HERNAN GONZALO,38,44.1
HUGO JUAN,38,36.2
IDALBERTO,38,49.6
IKER FERNANDO,38,15.6
IKER MATEO,38,7.1
ILDEFONSO JAVIER,38,51.3
IOANE,38,6.9
IONEL ADRIAN,38,41.9
ISAAC SEBASTIAN,38,16.3
ISAQUE,38,23.5
ISIDRO RAFAEL,38,54.0
ISKREN,38,39.9
ISMAEL SANTIAGO,38,37.6
IVAN AUGUSTO,38,38.9
IVAN DIEGO,38,40.8
IVAN GONZALO,38,39.7
IVAN MATIAS,38,26.8
IZAN MATEO,38,4.9
IÑIGO FRANCISCO,38,45.5
JAIME ALEXIS,38,39.8
JAIME LORENZO,38,50.7
JAIRO ALFONSO,38,50.0
JAIRO LUIS,38,36.4
JASON LEE,38,48.7
JAVIER EDGARDO,38,42.7
JERONIMO JAVIER,38,45.9
JESUS AITOR,38,45.8
JESUS GRAN PODER,38,46.3
JESUS MARCELO,38,48.6
JESUS OLIVER,38,43.1
JHON JAVIER,38,37.8
JIANAN,38,33.3
JINHUA,38,52.0
JOAN CAMILO,38,25.5
JOAQUIN EZEQUIEL,38,20.8
JOAQUIN RODRIGO,38,33.2
JOHAN CARLOS,38,34.8
JOHN VINCENT,38,44.6
JON PAUL,38,45.7
JONATHAN LEONARDO,38,33.9
JORDAN MANUEL,38,24.2
JORDI ANTONIO,38,29.9
JORGE EMILIANO,38,37.8
JORGE NESTOR,38,54.3
JORGE SANTOS,38,48.9
JORGE SERGIO,38,52.6
JOSE ADELTO,38,57.7
JOSE ALI,38,38.1
JOSE DAMASO,38,62.7
JOSE HERMENEGILDO,38,60.2
JOSE MARIA RAMON,38,72.6
JOSE MISAEL,38,38.8
JOSE OLIVERIO,38,52.3
JOSE PRIMITIVO,38,65.6
JOSE RUBIEL,38,54.3
JOSE ZACARIAS,38,54.6
JOSHUE,38,26.5
JUAN BERNARDINO,38,58.2
JUAN JOSE MANUEL,38,62.4
JUAN MIQUEL,38,49.7
JUAN OSWALDO,38,51.2
JUAN PLACIDO,38,58.2
JUAN ROLANDO,38,45.4
JUAN SIXTO,38,59.4
JULIO GERARDO,38,53.9
JULIO HERNAN,38,48.5
KADER,38,29.2
KANSTANTSIN,38,30.8
KARAMJIT,38,42.1
KAZIMIERZ,38,64.2
KEREM,38,21.7
KOSSAY,38,10.8
LAL,38,51.4
LAURINDO,38,65.7
LENNART,38,33.4
LEONARDO ANGEL,38,39.4
LESTER ANTONIO,38,37.6
LUCAS MARIO,38,18.5
LUCIDIO,38,72.1
LUIS ADAN,38,41.8
LUIS GAEL,38,6.1
MAIKEL ALEXANDER,38,21.3
MANE,38,32.4
MANIANG,38,38.7
MANSSOUR,38,35.3
MANUEL HIGINIO,38,53.9
MANUEL ISAIAS,38,43.1
MANUEL ROSENDO,38,61.1
MARC ENRIC,38,31.9
MARC GABRIEL,38,17.7
MARCO ESTEBAN,38,33.7
MARCO POLO,38,47.1
MARCOS GUILLERMO,38,43.3
MARCOS GUSTAVO,38,45.7
MARCOS LEONARDO,38,38.3
MARIANO PEDRO,38,64.8
MARINO JESUS,38,51.4
MARIO DOMINGO,38,53.6
MARIO EUGENIO,38,52.4
MARTIN HERNAN,38,36.6
MARTIRES,38,52.7
MATEO ALBERTO,38,24.6
MAUR,38,16.1
MAURICIO FABIAN,38,39.1
MAURO MANUEL,38,38.1
MAXIMILIANO ANTONIO,38,37.2
MAXIMILIANO DAVID,38,30.2
MAXIMO ENRIQUE,38,48.0
MAYCON,38,31.9
MICHAEL HENRY,38,59.3
MICHAEL JONATHAN,38,38.0
MIGUEL BLAS,38,61.1
MIHAI VASILE,38,39.6
MILTON ALEJANDRO,38,32.9
MINERVINO,38,71.9
MIQUEL MARIA,38,57.6
MISAEL ANTONIO,38,42.0
MJID,38,44.3
MOHAMED ANUAR,38,27.8
MOHAMED SALEH,38,33.5
MOHAMED SIRAJ,38,8.1
MOUHAMED RASSOUL,38,8.3
MUHAMMAD FAISAL,38,32.7
MUHAMMAD UZAIR,38,16.5
NAREL,38,5.8
NATALE,38,54.5
NAZMUL,38,34.7
NEAL,38,27.4
NEBIL,38,23.7
NELSON GEOVANNY,38,37.1
NELSON RAUL,38,45.9
NESTOR ALEXANDER,38,36.5
NICOLAS GASTON,38,33.2
NICOLAS PATRICIO,38,37.6
NIVALDO,38,51.5
NOEL ENRIQUE,38,37.9
NOREDDIN,38,47.2
NOSSAIR,38,22.6
NUMA,38,14.6
OLIVER JAVIER,38,31.3
ORAZIO,38,57.1
ORI,38,23.5
OSCAR CAMILO,38,35.4
OSCAR CRUZ,38,48.6
OSCAR LORENZO,38,46.2
OSVALDO JAVIER,38,40.2
OVIDIU IONUT,38,35.3
OVIDIU MIHAI,38,37.4
PABLO ABEL,38,41.5
PABLO JOEL,38,26.8
PABLO PASCUAL,38,47.4
PASCUAL ENRIQUE,38,58.4
PATRICIO DANIEL,38,40.1
PAUL RAYMOND,38,63.8
PEDRO RAIMUNDO,38,58.3
PEDRO XAVIER,38,37.8
PLACIDO ANTONIO,38,60.4
PRUDENCI,38,62.7
QINGHUA,38,49.7
QUERUBIN,38,60.5
QUN,38,44.1
RAFAEL LUCAS,38,44.9
RAFI,38,34.0
RAJA MUHAMMAD,38,37.6
RAJVIR,38,20.7
RAUL AGUSTIN,38,44.7
RAUL DOMINGO,38,43.0
RAUL GONZALO,38,45.8
REIDEL,38,37.5
REINALDO ANDRES,38,37.7
RENE EDUARDO,38,43.4
RENJIE,38,33.7
RENZO JESUS,38,30.9
RIASAT,38,49.5
ROBERTO JUNIOR,38,28.7
ROGELI,38,67.4
ROGER JESUS,38,38.4
RUBEN JOAQUIN,38,43.6
RUBEN JULIO,38,48.0
RUPERT,38,45.0
SAMUEL SEBASTIAN,38,21.8
SANDRO JOSE,38,35.0
SANKUNG,38,33.6
SANSON,38,16.9
SANTIAGO DAMIAN,38,41.3
SANTIAGO JOEL,38,23.8
SEBASTIAN EMILIO,38,47.6
SEGUNDO EDUARDO,38,54.0
SEGUNDO JESUS,38,58.9
SEGUNDO MARCELO,38,53.1
SEIKOU,38,33.1
SERGIU ALEXANDRU,38,29.6
SERIGNE CHEIKH,38,33.2
SERVANDO JOSE,38,50.7
SIGFRID,38,47.9
TAMERLAN,38,17.7
TEODORO FRANCISCO,38,64.7
TOMAS JORGE,38,51.5
TOMAS NICOLAS,38,44.9
TOQEER,38,33.4
ULISES JOSE,38,43.1
VALDIR,38,48.8
VICENT JOAN,38,49.0
VICTOR PASCUAL,38,46.6
WALTER DAMIAN,38,39.9
WALTER RUBEN,38,50.4
WENKAI,38,25.0
WILBERTO,38,48.3
WILSON LEONARDO,38,40.2
WILSON RAMON,38,42.0
XUYI,38,32.9
YEFERSON ANDRES,38,28.9
YOEL DAVID,38,23.1
YONGJIAN,38,44.4
YONGLIANG,38,46.0
YULIAN ANDRES,38,23.2
YUMING,38,36.6
YUSEIN,38,45.2
ZDZISLAW,38,63.5
ZLATAN,38,29.9
AAMER,37,32.3
ABBASS,37,44.7
ABDELHANIN,37,39.7
ABDELLILAH,37,40.2
ABDERREZZAK,37,42.1
ABEL RAMON,37,41.3
ABOULAYE,37,30.5
ADAM DANIEL,37,21.7
ADOLFO EDUARDO,37,51.9
ADRIAN GONZALO,37,33.9
AGUS,37,22.1
AIAN,37,15.2
AITOR CARLOS,37,41.8
AITOR IGNACIO,37,45.4
AKMAL,37,38.8
AKOS,37,33.6
ALAAEDDINE,37,23.1
ALAIN JOSE,37,43.4
ALAN ANTONIO,37,25.3
ALAN ENRIQUE,37,22.8
ALBAR,37,33.2
ALEJANDRO EMANUEL,37,21.3
ALESSANDRO PIERO,37,17.1
ALEX GEOVANNY,37,34.7
ALEXANDER JUNIOR,37,23.2
ALEXANDRU CIPRIAN,37,31.3
ALEXANDRU EDUARD,37,21.6
ALEXANDRU RAZVAN,37,29.6
ALEXIS IVAN,37,34.6
ALEXIS XAVIER,37,26.0
ALFONSO FELIPE,37,52.4
ALONSO MARIA,37,39.0
ALVARO ARTURO,37,34.7
ALVARO DAMIAN,37,31.7
ALVARO DOMINGO,37,40.4
AMBROSIO JOSE,37,57.4
ANDERSON EDUARDO,37,27.7
ANDRES BENJAMIN,37,38.4
ANGEL ALVARO,37,50.4
ANGEL JUSTO,37,60.3
ANGEL MARCELINO,37,58.9
ANGELO JAVIER,37,26.3
ANTHONY EDUARDO,37,24.2
ANTONIO GENARO,37,59.7
ANTONIO JACOBO,37,42.7
ANTONIO NARCISO,37,63.0
ARIO,37,13.8
ARNELIO,37,65.5
ARTURO SEBASTIAN,37,25.9
ARVYDAS,37,48.3
ASSOU,37,47.1
AURANG,37,43.7
AUSTINE,37,43.0
AVINASH,37,31.6
AYACHI,37,63.3
BARIS,37,37.0
BEKKAY,37,53.0
BENITO RAFAEL,37,57.9
BENONE,37,52.0
BIORN,37,4.4
BISMARCK,37,39.3
BLAS ALFONSO,37,50.0
BLAS FERNANDO,37,60.2
BRIAN EDWARD,37,69.1
BRIAN GABRIEL,37,24.2
BRYAN IVAN,37,27.7
CARLOS ELADIO,37,52.1
CARLOS WILLIAM,37,42.5
CARMELO ALEJANDRO,37,41.9
CARMELO VICENTE,37,62.5
CASTO MANUEL,37,54.4
CATALIN IOAN,37,36.6
CHARLES DAVID,37,41.3
CHEICK,37,29.4
CHEIKH IBRA,37,25.3
CHRISTIAN GEOVANNY,37,34.5
CHRISTIAN GIOVANNY,37,39.7
CHRISTIAN RAMON,37,34.4
CLAUDIU VASILE,37,39.5
CLEMENTE FRANCISCO,37,59.5
CLEMENTE MANUEL,37,58.5
CLOVIS,37,38.3
COLIN MICHAEL,37,66.9
CONRADO JESUS,37,53.7
CRISTHIAN ENRIQUE,37,30.6
CRISTIAN ALIN,37,36.0
CRISTIAN EMILIO,37,34.5
CRISTIAN GEORGE,37,33.6
CRISTOBAL EDUARDO,37,44.2
DAMIAN NICOLAS,37,23.2
DAN IOAN,37,43.6
DANIEL EDWARD,37,39.4
DANIEL MARIANO,37,44.1
DANIEL SAMUEL,37,31.9
DANNY JESUS,37,35.1
DANNY MANUEL,37,39.6
DARIO LUIS,37,43.3
DARWIN ALFREDO,37,39.3
DARWIN VINICIO,37,40.3
DAVID ENMANUEL,37,25.7
DAYLOS,37,27.5
DIEGO JULIO,37,44.6
DIEGO ROMAN,37,32.6
DILAN DAVID,37,16.9
DIONISIO MIGUEL,37,60.7
DOMINGO JULIAN,37,57.8
DRAGOS MARIAN,37,33.6
DUMITRU CATALIN,37,43.3
DUMITRU MARIUS,37,44.9
EDGAR GUILLERMO,37,51.7
EDGARS,37,37.1
EDUAR ANDRES,37,31.8
EDUARDO ANIBAL,37,53.4
EDUARDO ISMAEL,37,38.8
EDWIN ARTURO,37,40.6
EDWIN GIOVANNY,37,41.5
EDWIN HERNAN,37,44.0
EDWIN PAUL,37,37.9
EDWIN RAUL,37,41.3
EIDUR,37,12.8
EL OUALI,37,40.1
ELIAS BENJAMIN,37,21.0
ELIUD,37,36.6
ENRIQUE VICTOR,37,57.0
ERVIGIO,37,63.7
ESTEBAN VICENTE,37,53.6
EUDOSIO,37,73.3
EUGENIO ALEJANDRO,37,43.7
EVALDAS,37,38.5
FABIAN PATRICIO,37,46.6
FABIAN RODRIGO,37,44.6
FABIAN STEVEN,37,27.3
FAHEEM,37,35.3
FARHAT,37,39.2
FEDERICO JOAQUIN,37,44.5
FEDERICO JORGE,37,47.2
FELICIAN,37,49.6
FELIPE MARIA,37,37.9
FELIX ARTURO,37,51.1
FELIX JULIO,37,62.6
FELIX OSCAR,37,51.2
FENIX,37,17.6
FERNANDO FEDERICO,37,47.9
FERNANDO SAMUEL,37,35.9
FLOREANO,37,73.4
FLORIN VIOREL,37,42.4
FRANCISCO CRISTIAN,37,36.0
FRANCISCO HUGO,37,38.9
FRANCISCO PATRICIO,37,52.6
FRANCO JESUS,37,36.7
FRANKLIN JOEL,37,35.5
FRANKLIN ROBERTO,37,42.9
FREDDY ARMANDO,37,45.7
FREDDY LEONARDO,37,41.3
GAISKA,37,46.8
GALAYE,37,42.7
GEMINIANO,37,69.6
GERMAN EMILIO,37,54.2
GERMAN EZEQUIEL,37,36.0
GERMAN MAURICIO,37,45.8
GERMAN PEDRO,37,56.6
GERMAN RAMON,37,51.7
GERMAN SANTIAGO,37,39.7
GERO,37,22.0
GERRY,37,51.6
GHEORGHE IULIAN,37,41.9
GHEORGHE SORIN,37,47.1
GODSPOWER,37,31.1
GONZALO JULIAN,37,39.6
GOPAL,37,45.2
GREGORIO PEDRO,37,59.2
GUILLERMO SALVADOR,37,47.6
GUOFENG,37,43.6
GUOJUN,37,50.8
GUOQIANG,37,52.6
GURLAL,37,33.0
GUSTAVO RICARDO,37,51.4
HANIEL,37,17.5
HANS GEORG,37,70.7
HANS ULRICH,37,70.3
HAZEM,37,31.3
HECTOR AGUSTIN,37,44.3
HEINZ PETER,37,72.5
HENRY NELSON,37,43.6
HERCULES,37,24.0
HERNAN FELIPE,37,36.0
HERNAN MARCELO,37,50.6
HERNAN MARTIN,37,46.5
HOMMAD,37,47.1
HONGLIANG,37,41.1
HOUSSIN,37,38.4
HUC,37,22.9
HUGO ESTEBAN,37,42.8
HUMBERTO RAFAEL,37,44.0
IOAN RADU,37,48.0
IRON,37,19.3
ISAAC EDUARDO,37,28.7
ISMAYL,37,33.1
IULIAN DANIEL,37,36.4
IULIAN MARIUS,37,38.6
IZZAN,37,17.1
JACOB ALEXANDER,37,16.3
JAHID,37,25.3
JAIME FELIX,37,48.4
JAIRO IVAN,37,44.9
JAMES ANDRES,37,33.9
JANDRO,37,16.6
JAVIER ANIBAL,37,47.7
JAVIER BERNARDO,37,46.1
JAYKO,37,9.9
JEFERSON ALEXANDER,37,27.5
JEHU,37,34.1
JEREMIAS DANIEL,37,18.3
JESUS ADAN,37,38.0
JESUS EMMANUEL,37,26.3
JESUS SIMON,37,53.1
JHOJAN,37,21.0
JHONATAN STEVEN,37,27.9
JHONNY RAFAEL,37,40.4
JIA JUN,37,19.0
JIANHONG,37,49.2
JINFENG,37,43.6
JINGXUAN,37,11.2
JOAN NICOLAS,37,22.2
JOAQUIN GREGORIO,37,58.2
JOEL LUIS,37,32.4
JORGE ELOY,37,48.0
JORGE MAURO,37,46.4
JOSE AMILCAR,37,40.2
JOSE EMETERIO,37,60.4
JOSE EUSTAQUIO,37,59.9
JOSE FROILAN,37,57.1
JOSE GERVASIO,37,60.4
JOSE JACOB,37,38.8
JOSE LISARDO,37,55.4
JOSE RUYMAN,37,39.9
JOSE YESID,37,48.2
JOSEBA JOKIN,37,60.4
JOSEPH FERNANDO,37,21.5
JOSEPH THOMAS,37,42.3
JOSUE BENJAMIN,37,25.2
JOSUE JOEL,37,28.4
JUAN HUGO,37,39.8
JUAN RENE,37,50.1
JULIAN GUILLERMO,37,40.5
JULIO CARMELO,37,59.0
JUNZHE,37,14.6
JUSTO ALBERTO,37,53.3
KELYAN,37,9.7
KENTO,37,16.1
KEVIN AARON,37,22.2
KRISTOFFER,37,33.3
LAI,37,28.1
LAYTH,37,8.0
LAZARO FRANCISCO,37,51.6
LEONARDO CESAR,37,44.6
LIAM ANDRE,37,5.3
LUCAS LUIS,37,35.6
LUCAS VICENTE,37,31.4
LUCIAN CONSTANTIN,37,39.9
LUCIAN VASILE,37,44.1
LUIS ENRRIQUE,37,32.6
LUIS JAIRO,37,43.1
LUIS RAIMUNDO,37,56.1
MAANAN,37,57.2
MAMA SAMBA,37,38.7
MAMOUROU,37,34.6
MANUEL EZEQUIEL,37,47.8
MANUEL HIPOLITO,37,60.3
MANUEL RODOLFO,37,56.2
MARCELO EZEQUIEL,37,32.3
MARCOS SALVADOR,37,40.1
MARIAN BOGDAN,37,35.5
MARIE,37,46.2
MARTIN IVAN,37,34.3
MARTIN SALVADOR,37,42.8
MATEI GABRIEL,37,7.4
MATHIAS ISAAC,37,7.0
MATIAS SAMUEL,37,14.5
MAURICIO MIGUEL,37,42.2
MAURO JESUS,37,43.5
MAYACINE,37,37.6
MFEDDAL,37,58.1
MICHAEL GERARD,37,52.8
MICHAEL JUNIOR,37,24.5
MICHAEL KEVIN,37,37.7
MICHAEL MANUEL,37,25.8
MIKEL AITOR,37,40.5
MIKHAEL,37,16.5
MILAN GABRIEL,37,4.6
MILTON MANUEL,37,44.5
MISHA,37,23.9
MOISES FERNANDO,37,40.7
MOJTAR,37,38.4
MOSA,37,19.9
MOUNSEF,37,25.7
MUHAMMAD ASIM,37,29.3
MUHAMMAD AZAAN,37,6.6
MUHAMMAD AZAN,37,10.1
MUHAMMAD JUNAID,37,27.9
MUHAMMAD KAMRAN,37,34.8
MULAY,37,29.6
NAOKI,37,18.9
NAQASH,37,30.7
NEIL DAVID,37,54.6
NELSON ARTURO,37,47.3
NELSON ERNESTO,37,44.0
NESTOR ALFONSO,37,43.9
NESTOR ALFREDO,37,47.5
NESTOR ALONSO,37,43.3
NESTOR DARIO,37,45.1
NESTOR RAFAEL,37,39.6
NICOLAS HERNAN,37,30.8
NIKOLAY DIMITROV,37,47.9
NIKOLAY GEORGIEV,37,45.6
NIR,37,35.9
NOVAK,37,11.4
ODILIO,37,64.7
ONAI,37,12.6
OSBEL,37,43.6
OSCAR EUGENIO,37,48.3
PATRICIO ENRIQUE,37,53.5
PEDRO OMAR,37,46.1
PEDRO SEGUNDO,37,58.1
PEGERTO,37,71.6
PETRUT,37,43.5
PHILIPPE JEAN,37,60.3
PIERRE JEAN,37,64.8
PRISCO,37,57.4
RADU IOAN,37,43.2
RAFAEL ISAAC,37,39.8
RAHAT,37,29.9
RAIMONDAS,37,49.1
RAIMONDO,37,58.3
RAIMUNDO JESUS,37,51.9
RAMIRO ALBERTO,37,46.9
RAMIRO LUIS,37,51.9
RAMON ARMANDO,37,56.1
RAMON MARIO,37,58.0
RAWAD,37,16.2
REGINALD,37,64.8
RICARDO LORENZO,37,55.1
RICARDO MARCOS,37,55.2
ROBERT SEBASTIAN,37,21.8
ROBERTO ALEXIS,37,42.4
ROBERTO MARCOS,37,47.0
ROBERTS,37,32.9
RODRIGO ERNESTO,37,40.8
RODRIGO GERMAN,37,43.3
RUBEN FELIPE,37,40.6
RUBEN HORACIO,37,59.5
RUBEN MARCOS,37,44.0
RUBEN ORLANDO,37,50.7
RUIZE,37,10.2
SALAHDINE,37,22.6
SALOME,37,69.5
SALVADOR ERNESTO,37,45.2
SAMI ULLAH,37,26.2
SANTIAGO MARCOS,37,49.0
SARMAD,37,25.5
SEBAS,37,13.6
SEBASTIAN CRISTIAN,37,25.0
SEBASTIAN EMANUEL,37,25.6
SEBASTIAN FLORIN,37,22.9
SEBASTIAN MARIAN,37,26.5
SEGUNDO ALFREDO,37,56.6
SEGUNDO FERNANDO,37,55.3
SENTO,37,16.4
SERGIO ANDRE,37,24.5
SERIGNE MOUSTAPHA,37,27.1
SHAUL,37,24.6
SIDIBE,37,36.3
SIMON ANDREW,37,57.8
SIXTO JESUS,37,59.1
SORIN MARIUS,37,45.0
SOULEIMAN,37,21.7
STAVROS,37,41.8
STEFAN MARIAN,37,34.2
TALWINDER,37,37.1
THIAGO ALEXIS,37,7.1
THOMAS PAUL,37,42.6
THOMAS ROBERT,37,43.1
TILO,37,29.9
ULLAH,37,39.6
URIEL JESUS,37,40.7
VALENTIN ALEJANDRO,37,37.4
VALENTIN MIHAI,37,33.0
VALENTIN NICOLAS,37,21.8
VICENTE RUBEN,37,47.7
VICTOR ABRAHAM,37,39.0
VICTOR LEANDRO,37,34.9
VICTOR MODESTO,37,59.0
VICTORIANO FRANCISCO,37,57.3
VIDAL ANTONIO,37,50.0
VIGO,37,7.0
VLADISLAVS,37,41.2
WALDIR,37,48.2
WASHINGTON JAVIER,37,43.0
WEIMING,37,45.4
WENXUAN,37,16.0
WILLIAM ROBERTO,37,49.0
WILLIAM SANTIAGO,37,29.4
XIAOHUI,37,40.2
XOAQUIN,37,32.1
YAAQOUB,37,10.3
YEINER,37,28.1
YEISON JAVIER,37,29.1
YOEL JOSE,37,31.4
YOHAN MANUEL,37,32.8
YOHAN SEBASTIAN,37,28.7
YONGYI,37,46.9
YUNHAO,37,16.2
YUQI,37,20.9
YUVAL,37,29.1
ZACHARY,37,20.5
ZAFAR IQBAL,37,55.9
ZAHER,37,38.0
ZHIWEN,37,42.6
AARON ALBERTO,36,24.3
ABDELMOTALIB,36,32.0
ABDELWADOUD,36,18.6
ABDEREZAK,36,41.6
ABDESSADEQ,36,37.7
ABDOULAY,36,22.6
ABDULLAH AL,36,27.7
ABEL FERNANDO,36,44.5
ADAHI,36,19.6
AGUSTIN SEBASTIAN,36,40.9
AIME,36,33.9
ALBERT ALEXANDER,36,28.7
ALCIDES RAMON,36,42.4
ALEJANDRO ANIBAL,36,47.0
ALEM,36,26.0
ALEX RUBEN,36,29.6
ALEXANDER RAMON,36,41.2
ALEXANDRU DUMITRU,36,25.3
ALEXANDRU MADALIN,36,25.4
ALLUITZ,36,8.3
ALVARO MARCELO,36,38.2
ALVARO SALVADOR,36,39.6
ALVARO SAMUEL,36,21.6
AMAURI,36,43.4
AMPELIO,36,72.1
ANDRES CRISTIAN,36,22.2
ANDREW JOSEPH,36,43.2
ANDREW STEPHEN,36,53.3
ANDY LUIS,36,32.1
ANGEL JERONIMO,36,52.4
ANGELO ALEXANDER,36,24.2
ANIBAL EDUARDO,36,47.8
ANIBAL JAVIER,36,42.9
ANTHUAN,36,10.7
ANTONIN,36,38.8
AREU,36,4.1
ARIEL ESTEBAN,36,41.9
ARTIN,36,16.2
ARTURO JOAQUIN,36,51.4
AZZEDDIN,36,35.2
BASHAR,36,34.6
BENACHIR,36,47.3
BENEDETTO,36,43.4
BERNARDO DAVID,36,43.4
BIKASH,36,35.8
BLAS ANGEL,36,60.7
BORIS LUIS,36,47.9
BORJA RAFAEL,36,34.0
BOUFELJA,36,54.6
BRAYAN MANUEL,36,21.2
BRAYDEN,36,7.1
BRIAN EDUARDO,36,26.6
BRYAN SEBASTIAN,36,23.1
BURAMA,36,44.5
CARLOS NAHUEL,36,27.8
CELSO RAMON,36,49.4
CESAR MATEO,36,20.4
CHARLES MICHAEL,36,51.7
CHI,36,35.2
CHRISTIAN ARMANDO,36,35.8
CHRISTIAN CARLOS,36,37.9
CHRISTIAN JONATHAN,36,32.2
CHRISTIAN ROBERT,36,49.7
CHUAN,36,36.1
CILLIAN,36,8.4
CLARK,36,16.7
CLAUDIANO,36,72.8
CLAUDIO GUSTAVO,36,55.5
CLEMENTE JAVIER,36,53.6
CRISTHIAN GABRIEL,36,29.0
CRISTIAN JONATHAN,36,31.0
CRISTIAN JUAN,36,37.5
CRISTO MIGUEL,36,44.2
DABID,36,45.6
DAN CRISTIAN,36,38.6
DANIEL RICHARD,36,37.7
DANIEL ROMAN,36,38.8
DAVID DAMIAN,36,39.6
DAVID NICOLAE,36,13.1
DAVID VASILE,36,10.9
DEIBY ALEJANDRO,36,23.3
DEIVIS JOSE,36,36.5
DENIS CONSTANTIN,36,14.8
DEVID,36,18.4
DIDIER ANDRES,36,32.5
DIEGO SERGIO,36,40.1
DIEGO VINICIO,36,42.6
DILAN STEVEN,36,21.1
DIMITRIY,36,23.3
DOMINYKAS,36,18.5
DRAGOS MIHAI,36,31.8
DRAZEN,36,28.9
DUMITRU GABRIEL,36,38.5
DYLAN ALBERTO,36,12.1
EDINSON JOSE,36,35.1
EDISON ENRIQUE,36,43.3
EDMAR,36,41.3
EDUARD ANDRES,36,25.3
EDUARDO MARIANO,36,47.8
EDWARD CHARLES,36,62.6
EDWARD DANIEL,36,27.5
EDWARD JESUS,36,35.9
EDWARD STEVEN,36,25.0
EDWIN GIOVANNI,36,39.1
EHEDEI,36,34.8
EIDAM,36,9.9
EIRIK,36,21.6
EL KHAMIS,36,44.1
ELIAN GAEL,36,4.4
ELIAS EDUARDO,36,33.9
ELOY ENRIQUE,36,47.4
ELVIN ANTONIO,36,35.8
ENMANUEL ANTONIO,36,26.7
ENRIC XAVIER,36,51.6
ENRIQUE ERNESTO,36,54.8
ENRIQUE ISMAEL,36,44.2
ENZO ALESSANDRO,36,7.6
ENZO ANDRES,36,17.3
ENZO MATEO,36,5.4
EOIN,36,33.4
ERADIO,36,74.3
ERICK PAUL,36,24.1
ERIK ANTONIO,36,25.5
ERMANNO,36,60.1
ESTEBAN MAURICIO,36,34.9
EUSEBIO RAMON,36,59.8
EVARISTO JESUS,36,55.9
FABIO ALEXANDRE,36,33.7
FARUQ,36,8.6
FEDERIC,36,58.2
FEDERICO ADRIAN,36,35.8
FEDERICO IVAN,36,37.5
FELICIANO JESUS,36,65.3
FERNANDO GASTON,36,39.5
FERNANDO HENRIQUE,36,34.3
FIDA,36,36.4
FLORIN IONEL,36,41.3
FRANCISCO ADAN,36,37.8
FRANCISCO AVELINO,36,65.5
FRANCISCO BERNABE,36,53.4
FRANCISCO EVARISTO,36,62.7
FRANCISCO MAXIMO,36,48.6
FRANCISCO RAIMUNDO,36,55.1
FRANK SEBASTIAN,36,23.3
FRANKLIN ORLANDO,36,43.2
GABRIEL GERARDO,36,38.5
GABRIEL GUILLERMO,36,43.8
GABRIEL HORACIO,36,48.4
GABRIEL JORGE,36,48.6
GABRIEL ORLANDO,36,34.6
GEOVANNY FRANCISCO,36,44.3
GERARD JOSEP,36,34.4
GERARDO ADRIAN,36,43.0
GERARDO FABIAN,36,47.1
GERMAN ESTEBAN,36,42.1
GHEORGHE NICOLAE,36,47.4
GHEORGHE VASILE,36,47.3
GIUSEPPE ANTONIO,36,41.5
HAIDONG,36,47.2
HAONAN,36,20.8
HARJINDER SINGH,36,38.3
HECTOR DANILO,36,43.1
HECTOR JUNIOR,36,26.7
HERMINIO MANUEL,36,57.6
HOSEIN,36,42.9
HUBER,36,45.3
HUGO RODRIGO,36,33.9
IAN CHRISTOPHER,36,46.1
IAN MATIAS,36,8.5
IAN STUART,36,62.7
INAM,36,34.1
IRSHAD,36,47.0
ISIDRO ALBERTO,36,51.9
ISMAEL JAVIER,36,37.0
IULIAN CONSTANTIN,36,34.8
IVAN CRISTO,36,39.2
IVAN ELIAS,36,34.8
IVAN JOSUE,36,26.1
IVAN ORLANDO,36,43.0
IVAN PETROV,36,48.9
IZAN MIGUEL,36,11.5
JASHANDEEP,36,23.0
JATINDER SINGH,36,36.3
JAVIER CRISTOBAL,36,42.6
JAVIER HORACIO,36,48.0
JAVIER ISMAEL,36,36.8
JAVIER PATRICIO,36,40.8
JEAN POL,36,21.9
JEFFERSON MANUEL,36,30.4
JEFFERSON MAURICIO,36,30.1
JEP,36,13.8
JESUS BERNABE,36,55.0
JESUS CLAUDIO,36,62.0
JEVGENIJS,36,44.4
JIANCHUN,36,50.3
JIANYU,36,38.2
JOAO MARCOS,36,34.6
JOAQUIN ARTURO,36,43.0
JOHAN GABRIEL,36,24.1
JOHN ALFRED,36,67.3
JOHN GRAHAM,36,71.3
JOHN RAYMOND,36,67.5
JONATAN EZEQUIEL,36,34.3
JOOST,36,51.6
JORGE AARON,36,26.3
JORGE LUCAS,36,30.2
JORGE ROMAN,36,45.2
JOSE FABIO,36,46.5
JOSE INOCENTE,36,59.8
JOSE MARIA FRANCISCO,36,72.6
JOSE NEFTALI,36,41.4
JOSE SIXTO,36,65.4
JOSEBA ERRAMUN,36,55.3
JOSEPH ANDRES,36,24.3
JOSHUA MANUEL,36,25.3
JOSU MIKEL,36,49.2
JUAN ARCADIO,36,50.9
JUAN PIO,36,52.7
JULIAN CESAR,36,50.9
JULIO GONZALO,36,54.4
JULIO GREGORIO,36,60.9
JUNIOR DANIEL,36,21.7
JUNIOR ENRIQUE,36,30.3
JUSTIN ANDRES,36,15.4
KAREEM,36,25.9
KEVIN CRISTO,36,27.9
KEVIN MARTIN,36,35.0
KEVIN MOISES,36,25.5
KEVIN PATRICIO,36,24.2
KEVYN,36,18.9
LANG,36,36.9
LAURENTIU CONSTANTIN,36,41.1
LAUTARO MARTIN,36,23.9
LEANDRO FRANCISCO,36,40.7
LEENDERT,36,68.3
LENIER,36,27.6
LENIN ALEXANDER,36,27.6
LEO ALEJANDRO,36,9.0
LEO MANUEL,36,9.8
LEON JOSE,36,45.4
LEOPOLDO ANTONIO,36,51.4
LIAM MATHIAS,36,5.0
LINO JAVIER,36,46.4
LIVIU FLORIN,36,38.9
LLUIS RAMON,36,54.2
LORENZ,36,38.2
LORENZO ALBERTO,36,43.4
LUCAS CRISTIAN,36,9.7
LUCAS GONZALO,36,29.6
LUCAS RAUL,36,26.3
LUCIAN ANDREI,36,26.5
LUIS CAYETANO,36,46.0
LUIS GENARO,36,59.1
LUIS MAXIMO,36,52.2
LUIS SAUL,36,38.7
MABROUK,36,47.6
MAHFOUDH,36,38.2
MAHIEDDINE,36,47.1
MANFREDO,36,54.7
MANUEL CLAUDIO,36,60.6
MANUEL FELICIANO,36,59.2
MANUEL GENARO,36,58.4
MANUEL MAXIMO,36,55.8
MANUEL OMAR,36,33.9
MARCELO RAMON,36,50.6
MARCIAL JESUS,36,52.7
MARCO FRANCISCO,36,29.3
MARCO SEBASTIAN,36,22.9
MARCOS GREGORIO,36,46.3
MARIAN CLAUDIU,36,38.6
MARIO STEFAN,36,14.3
MARIUS NICUSOR,36,38.3
MARTIN AUGUSTO,36,38.8
MARTIRIA,36,61.6
MATEO ANGEL,36,36.6
MATIAS GERMAN,36,32.5
MATIAS JOEL,36,19.5
MATTHEW JOSEPH,36,34.1
MAXIMILIANO MARTIN,36,39.6
MAXIMO GABRIEL,36,18.6
MD ABU,36,34.4
MIGUEL OCTAVIO,36,45.6
MIHAI CLAUDIU,36,34.9
MIHAI SEBASTIAN,36,26.4
MIHAI VIOREL,36,40.2
MINGLIANG,36,40.4
MIRACLE,36,14.6
MOHAMED ABDELLAHI,36,42.4
MOHAMED ADIL,36,37.3
MOHAMED ZIYAD,36,8.3
MOHINDER,36,56.9
MOIZ,36,12.0
MOJTABA,36,45.7
MOUNSSIF,36,30.2
MUHAMMAD FARHAN,36,20.0
MUHAMMAD NOMAN,36,25.9
MUHAMMAD SHAYAN,36,6.9
MUHAMMAD SUFYAN,36,18.5
MUNAY,36,5.1
NATIVIDAD,36,73.8
NELSON ROBERTO,36,49.3
NERI,36,36.1
NESTOR RUBEN,36,51.7
NICCO,36,10.3
NICHOLAS ALEXANDER,36,34.0
NICHOLAS ANTHONY,36,48.5
NICKOLAS,36,15.9
NICOLAE DAN,36,47.8
NICOLAS GUSTAVO,36,34.9
NIMROD,36,31.6
NIZAN,36,11.7
NOAH ALEJANDRO,36,5.7
NORAYR,36,40.0
NOURADDIN,36,43.3
OCTAVIO MIGUEL,36,52.0
OLIVER ANDRES,36,24.1
ORLANDO ANDRES,36,37.7
ORLANDO JUAN,36,58.2
ORLANDO RAMON,36,45.8
OSCAR LEONEL,36,37.3
OSVALDO ANDRES,36,42.0
OSVALDO RAMON,36,45.4
PABLO ROMAN,36,33.8
PAOLO ANTONIO,36,35.8
PATRICK THOMAS,36,43.7
PAUL HENRY,36,55.3
PAUL SIMON,36,53.4
PAULO EDUARDO,36,35.1
PEDRO AITOR,36,43.1
PEDRO FAUSTINO,36,60.1
PERE ANDREU,36,46.4
RADOMIR,36,37.0
RAFAEL ELOY,36,48.2
RAIMUNDO MANUEL,36,57.6
RAMON BENITO,36,63.6
RAMON LEONARDO,36,49.4
RAMON MARIANO,36,55.9
RANVIR,36,17.6
RAUL CLEMENTE,36,56.0
RAUL CONSTANTIN,36,16.2
RAYKO,36,39.0
RAZVAN VASILE,36,30.1
RICARDO DOMINGO,36,58.4
RICARDO JAIME,36,55.7
RICARDO MARIO,36,57.9
RICARDO XAVIER,36,28.2
RICHARD ALFREDO,36,40.2
RICHARD ORLANDO,36,41.9
ROBERT STEPHEN,36,59.6
ROBERTO CLAUDIO,36,51.3
ROBINSON DAVID,36,32.5
RODRIGO DAMIAN,36,31.6
ROGELIO ALBERTO,36,54.4
ROMUALD,36,50.7
RONALD WILLIAM,36,74.1
RUBEN LEONARDO,36,40.2
RUBEN PATRICIO,36,47.4
RUTILIO,36,70.6
SAJAD,36,41.8
SALI,36,38.8
SALVADO,36,55.4
SAMUEL VICENTE,36,34.3
SANTIAGO ABEL,36,41.4
SARIM,36,9.6
SATNAM SINGH,36,36.7
SAYD,36,36.7
SEAN PAUL,36,26.6
SEBASTIAN RAUL,36,35.9
SERGIO ADOLFO,36,49.8
SHENGJIE,36,29.5
SHENGLI,36,52.8
SHERIFFO,36,34.9
SI MOHAMMED,36,37.9
SIMON CHARLES,36,56.4
SIMON FRANCISCO,36,48.8
SORIN IONUT,36,33.3
SORIN VASILE,36,45.4
SOULEIMANE,36,32.0
STALIN,36,35.3
STEVEN GERARD,36,16.2
STEVEN JOSUE,36,20.0
SVILEN,36,44.9
TENESOR,36,39.9
THEODOROS,36,43.9
THIAGO ISAAC,36,5.6
THIAGO LEONEL,36,8.4
THIAGO VALENTIN,36,8.6
THIERNO SADOU,36,29.7
THOMAS DANIEL,36,32.0
TIEB,36,60.0
TITU,36,58.0
TONO,36,21.0
TYMOFIY,36,15.9
URS,36,58.5
VALENTIN CARLOS,36,51.4
VALENTIN MIGUEL,36,51.3
VALENTIN NICOLAE,36,37.3
VALERIANO JOSE,36,60.6
VANDERLEI,36,49.7
VASILE COSMIN,36,39.6
VIACHASLAU,36,44.5
VICENTE MARIANO,36,64.2
VICTOR ANDRE,36,25.6
VICTOR EZEQUIEL,36,28.3
VICTOR RENE,36,45.3
VIJAY KUMAR,36,46.5
WADIA,36,27.4
WEIGUO,36,49.6
WEIMAR,36,41.4
WILLIAM FRANCISCO,36,40.9
WILMER FRANCISCO,36,39.3
WILSON DARIO,36,40.4
XAVIER JOSE,36,29.7
XAVIER MARIA,36,49.4
XIAOJIAN,36,41.5
XIAOXIONG,36,56.2
YAMID,36,38.2
YANKHOBA,36,43.2
YAQUB,36,12.5
YOMAR,36,28.7
YONGFENG,36,47.2
YONGXIN,36,43.0
YULONG,36,35.0
ZAKARI,36,41.4
ZEBENZUY,36,38.4
ZEKAI,36,15.2
ZHIYU,36,32.8
ZUHAIR,36,32.2
ZUNBELTZ,36,26.3
AAMAR,35,37.3
ABDEL KADER,35,36.6
ABDELAATI,35,36.6
ABDOU LAHAD,35,34.1
ABDUR RAHMAN,35,19.2
ABEL ANDRES,35,37.9
ABEL DANIEL,35,30.1
ABOLFAZL,35,46.9
ABRAHAM MATEO,35,9.6
ABRAHAN DAVID,35,25.8
ADRIAN EZEQUIEL,35,26.5
ADRIAN ION,35,44.6
ADRIAN JOAQUIN,35,28.9
ADRIAN STEVEN,35,19.0
ADRIANO ANTONIO,35,42.5
AGUSTIN JULIAN,35,49.2
AHAMED,35,54.2
AITOR JUAN,35,41.2
ALAIN JEAN,35,66.8
ALAN EDWARD,35,68.6
ALBERT DAVID,35,28.8
ALBERTO FERMIN,35,52.9
ALBERTO GONZALO,35,52.2
ALBERTO ISAAC,35,37.0
ALBERTO ISIDRO,35,50.2
ALDO ANTONIO,35,42.3
ALDO RAMON,35,39.5
ALEJANDRO ADOLFO,35,38.7
ALEJANDRO HERNAN,35,42.4
ALEJANDRO MARCO,35,35.7
ALEXANDER XAVIER,35,26.4
ALEXANDRU PETRU,35,27.8
ALFREDO PEDRO,35,61.5
ALIN MIHAI,35,32.0
ALONSO FRANCISCO,35,49.8
ANDERSON MANUEL,35,25.7
ANDERSON RAFAEL,35,29.6
ANDRES DIEGO,35,43.9
ANDRES SERGIO,35,50.6
ANGE,35,22.2
ANGEL CAMILO,35,33.1
ANGEL EFREN,35,50.1
ANGEL GIOVANNI,35,31.6
ANIBAL ANDRES,35,41.8
ANTHONY RICHARD,35,51.0
ANTONI FRANCESC,35,49.8
ANTONIO JONATHAN,35,39.2
ANTONIO MELCHOR,35,58.8
ANTONIO RAIMUNDO,35,60.8
ARCESIO,35,56.3
ARDA,35,18.0
ARMANDO CARLOS,35,56.1
ARSHAK,35,44.1
AUGUSTO ALEJANDRO,35,39.7
AUGUSTO MIGUEL,35,44.4
AZAR,35,25.8
BAKAR,35,36.2
BENJAMIN EZEQUIEL,35,16.6
BERNARDO ANGEL,35,58.2
BILALI,35,25.5
BJARNE,35,60.8
BLAS ALEJANDRO,35,34.4
BLAS ENRIQUE,35,51.2
BOYU,35,17.0
BRUNO IVAN,35,29.6
BRYAN RICARDO,35,26.0
CAIO CESAR,35,31.5
CAMILO ALEXANDER,35,25.7
CARLOS ALIRIO,35,51.8
CARLOS DIONISIO,35,53.6
CASTRO,35,29.1
CHAMS EDDINE,35,19.4
CHARALAMPOS,35,42.1
CHARLES ALEXANDER,35,38.5
CHARLES WILLIAM,35,52.1
CHEIKHOU OUMAR,35,35.8
CHENGJIE,35,31.5
CHRISTIAN GONZALO,35,39.7
CHRISTIAN JAMES,35,38.4
CIPRIAN MIHAI,35,40.1
CLAUDIO JORGE,35,50.5
CLAUDIU VALENTIN,35,32.8
CRISTHIAN ADRIAN,35,30.9
CRISTHIAN ALEXIS,35,27.6
CRISTIAN AARON,35,25.3
CRISTIAN ALONSO,35,31.3
CRISTIAN IGNACIO,35,33.5
CRISTIAN IONEL,35,35.4
CRISTIAN PEDRO,35,37.3
DAMIAN EDUARDO,35,39.0
DANIEL CHARLES,35,44.6
DANIEL FEDERICO,35,39.6
DANIEL IULIAN,35,31.0
DANIEL PASCUAL,35,47.4
DANIEL SERGIO,35,48.7
DANILO ENRIQUE,35,42.8
DANIS,35,31.4
DARREN JAMES,35,48.6
DARWIN IVAN,35,40.8
DARWIN ROBERTO,35,43.0
DAVID KENNETH,35,65.9
DAVY,35,31.0
DHRUV,35,19.4
DIEGO ARNALDO,35,33.7
DIEGO BENJAMIN,35,29.2
DIEGO HERNANDO,35,42.2
DIONISIO FRANCISCO,35,58.6
DOMINGO ESTEBAN,35,66.2
DUMITRU ALEXANDRU,35,29.9
DYLAN FRANCISCO,35,9.5
EDGAR OMAR,35,37.9
EDGAR RODRIGO,35,43.5
EDIL,35,47.0
EDISON RAUL,35,43.0
EDUARDO CARMELO,35,53.0
EDUARDO GONZALO,35,52.2
EDWARD GEORGE,35,58.4
EFRAIN JESUS,35,46.6
EFREN ANTONIO,35,46.4
ENCARNACION,35,68.0
ENIO,35,39.2
ENRIQUE IVAN,35,44.2
ENRIQUE VALENTIN,35,52.8
ERIC JOHN,35,60.2
ERIC SAMUEL,35,18.5
ERICK ENRIQUE,35,30.2
ERICK IVAN,35,34.6
ERNESTO EDUARDO,35,48.0
ESTEBAN ARIEL,35,38.0
ESTEBAN JOAQUIN,35,48.8
ESTEBAN JOSUE,35,19.4
ESTEBAN RICARDO,35,45.3
EUSEBIO FRANCISCO,35,60.1
EVER DAVID,35,28.1
EZEQUIEL FRANCISCO,35,46.9
FACUNDO ANDRES,35,27.4
FANG,35,43.6
FAROUQ,35,25.0
FELIX AUGUSTO,35,51.5
FELIX LORENZO,35,58.0
FERNANDO OMAR,35,42.4
FIDEL RAMON,35,57.6
FILIPE JOSE,35,44.6
FLORIN SORIN,35,43.3
FRANCESC ASIS,35,58.8
FRANCO IVAN,35,29.4
FRANK JUNIOR,35,29.2
FRANK MANUEL,35,33.6
FRANKY,35,41.6
FREDY ALONSO,35,45.3
FREDY ROLANDO,35,44.8
GABRIEL GERMAN,35,40.2
GABRIEL JOAQUIN,35,45.4
GABRIEL JULIAN,35,45.1
GABRIEL MARIUS,35,38.3
GERARDO ALEJANDRO,35,42.8
GERARDO ANGEL,35,53.0
GOVINDA,35,30.6
GREGORIO ALEJANDRO,35,44.9
GREGORIO CARLOS,35,57.8
GUILHERME AUGUSTO,35,36.1
GUSTAVO ARTURO,35,46.0
GUSTAVO RODOLFO,35,51.6
GUSTAVO VICENTE,35,49.0
HANYU,35,13.9
HAROLD ALEXANDER,35,30.6
HARU,35,8.9
HEINER,35,51.1
HENRY GUSTAVO,35,40.9
HIRO,35,18.2
HONGJIE,35,28.8
HOOVER,35,51.8
HOSAIN,35,52.3
HUGO ANGEL,35,35.2
HUGO PATRICIO,35,49.6
HUMBERTO RAMON,35,54.6
IAN ANDREW,35,53.9
IAN EDUARDO,35,12.4
IGNACIO EUGENIO,35,51.6
IGNACIO RICARDO,35,49.2
INDERJEET,35,31.7
IOAN DAN,35,47.4
IOEL,35,16.1
ISIDRO CARLOS,35,58.3
IULICA,35,51.3
IVAN ALONSO,35,41.5
IVAN GUSTAVO,35,42.5
IVAN SAMUEL,35,29.6
JABBAR,35,37.5
JACK ALEXANDER,35,21.3
JAHANZAIB,35,28.5
JAIME MARCOS,35,48.1
JAIVER,35,43.7
JASVINDER,35,42.8
JAVIER EZEQUIEL,35,34.1
JAVIER LEANDRO,35,43.3
JEAN DANIEL,35,35.5
JEISON ALEJANDRO,35,26.9
JEISSON DAVID,35,27.4
JERONIMO JUAN,35,57.5
JESUS CECILIO,35,62.5
JESUS JACINTO,35,62.4
JESUS MELCHOR,35,60.0
JHONNY DAVID,35,35.5
JIANWEN,35,44.1
JINHAI,35,49.4
JINYI,35,21.2
JOAB,35,24.9
JOAO FELIPE,35,27.9
JOHANNES GERARDUS,35,67.9
JOHANNES PETRUS,35,64.6
JOHN FELIPE,35,33.3
JOJO,35,46.0
JON JOSU,35,55.5
JONATHAN CHARLES,35,59.2
JONATHAN RAUL,35,33.2
JORDAN JESUS,35,25.0
JORDI GABRIEL,35,21.7
JORGE LEONEL,35,37.6
JOSE CONCEPCION,35,52.8
JOSE ELIGIO,35,53.2
JOSE FACUNDO,35,54.5
JOSE GRACIANO,35,57.7
JOSE LADISLAO,35,59.8
JOSE REGINO,35,56.8
JOSE TORIBIO,35,59.6
JOSEP EDUARD,35,46.5
JOSUE CALEB,35,17.2
JOSUE SANTIAGO,35,22.2
JOVANI,35,32.3
JUAN HIGINIO,35,59.7
JUAN LEONCIO,35,58.4
JULIAN ADOLFO,35,46.0
JULIAN JUAN,35,60.4
JULIO ISAAC,35,37.9
KAMO,35,46.3
KEVIN ERNESTO,35,25.5
KEVIN JAIR,35,26.2
KEVIN MATIAS,35,17.3
KEVIN NAHUEL,35,23.7
LAUTARO GABRIEL,35,20.6
LAZARO LUIS,35,54.5
LEE ANTHONY,35,51.0
LEONARDO ERNESTO,35,36.3
LEONIDA,35,38.6
LHACHMI,35,48.7
LIAM FERNANDO,35,3.5
LIMBERG,35,42.0
LIRONG,35,51.3
LIVIU CONSTANTIN,35,43.6
LORENZO NICOLAS,35,36.8
LUCAS GUILLERMO,35,31.3
LUCAS MIHAI,35,8.9
LUCAS RICARDO,35,27.2
LUCIANO ENRIQUE,35,41.8
LUIS ARGENIS,35,39.9
LUIS BRYAN,35,27.0
LUIS CANDIDO,35,58.2
LUIS DEMETRIO,35,57.6
LUIS EDISON,35,45.6
LUIS EDMUNDO,35,52.6
LUIS LAZARO,35,49.8
LUIS MAXIMILIANO,35,40.1
LUIS PAUL,35,35.1
MAHI,35,31.7
MANUEL ELISEO,35,58.4
MANUEL EULOGIO,35,64.8
MARCELINO FRANCISCO,35,64.4
MARCELO CLAUDIO,35,56.8
MARCO MIGUEL,35,33.8
MARIAN LAURENTIU,35,38.1
MARIANO ARIEL,35,43.9
MARIUS DUMITRU,35,37.8
MARK THOMAS,35,45.2
MARTIN ALEXIS,35,38.1
MATEO SAMUEL,35,10.6
MATHEO ALEJANDRO,35,6.7
MATTHEW RICHARD,35,44.3
MATYAS,35,24.9
MAXIMO JUAN,35,52.9
MAXIMO MIGUEL,35,48.0
MEHTAB,35,17.1
MIAN MUHAMMAD,35,32.9
MICHAEL ALBERTO,35,29.6
MICHAEL ANDERSON,35,24.2
MIGUEL FABIAN,35,46.0
MIGUEL JUNIOR,35,21.1
MIHAEL,35,31.6
MIHAI RAZVAN,35,33.8
MILTON ENRIQUE,35,47.2
MIQUEL FRANCESC,35,45.2
MIZANUR,35,38.0
MOHAMED EL MEHDI,35,27.5
MOHCEN,35,38.9
MOMIN,35,15.9
MOULAY BRAHIM,35,51.4
MUBASHIR,35,34.8
MUDASAR,35,41.3
MUHAMMAD ADIL,35,24.4
MUHAMMAD ASAD,35,24.3
MUHAMMAD RAYYAN,35,6.5
MURILLO,35,27.6
NAFI,35,30.6
NAFIE,35,29.6
NASKO,35,45.4
NATHAN JAMES,35,30.7
NAUM,35,18.3
NAVEEN,35,34.0
NELSON HUMBERTO,35,48.3
NERY,35,42.6
NESTOR JUAN,35,49.0
NICHOLAS WILLIAM,35,48.8
NICOLAS ARTURO,35,29.6
NICOLAS EMMANUEL,35,26.4
NIKI,35,26.2
NIKOLAJ,35,38.3
NIM,35,6.9
NOE DAVID,35,31.5
NOE JESUS,35,38.4
ODAIR,35,43.8
ONAN,35,33.9
OSCAR JOEL,35,28.8
OSCAR LEANDRO,35,29.7
OSCAR MATIAS,35,32.5
OSWALDO MANUEL,35,46.8
PABLO BERNARDO,35,41.8
PABLO MARIO,35,48.7
PABLO RODOLFO,35,47.2
PAUL EDUARDO,35,34.4
PEDRO ROQUE,35,54.6
PONCIO,35,63.6
PRASHANT,35,34.7
PRISCILO,35,72.2
PRUDENCIO JOSE,35,56.4
QIAO,35,38.3
RACHYD,35,40.6
RADU IONUT,35,33.9
RAFAEL BENJAMIN,35,46.1
RAFAEL BLAS,35,53.3
RAJBIR,35,31.6
RAMIRO FRANCISCO,35,53.2
RAMON ORLANDO,35,44.9
RARES GABRIEL,35,15.5
RAUL AUGUSTO,35,47.0
RAUL EUGENIO,35,49.9
REINALDO ENRIQUE,35,46.8
ROBERT FRANCIS,35,55.8
ROBERT STEVEN,35,41.9
ROBERTH ALEXANDER,35,30.6
ROBERTO MAURICIO,35,44.0
ROBINSON ALEXANDER,35,35.3
RODRIGO AUGUSTO,35,36.4
RODRIGO EMANUEL,35,31.2
ROGELIO JAVIER,35,52.0
ROGER LUIS,35,46.6
ROMULO JOSE,35,46.8
RONALD GABRIEL,35,27.2
RUBEN AGUSTIN,35,42.4
RUBEN ALONSO,35,36.1
RUBEN FILIPE,35,31.6
SABBIR,35,30.4
SAIMON,35,19.3
SAMOU,35,33.1
SAMUEL LEONARDO,35,23.3
SAMUEL MIGUEL,35,30.2
SANTIAGO CESAR,35,49.3
SANTIAGO GREGORIO,35,56.6
SAUL DANIEL,35,27.0
SEBASTIAN JORGE,35,45.6
SEIF,35,17.4
SERBAN,35,47.6
SERGI JOSEP,35,36.4
SERGIO ABEL,35,36.9
SERGIO FELIX,35,46.3
SERVANDO MANUEL,35,56.5
SEYDINA,35,37.8
SHAWAIZ,35,18.4
SHIHAO,35,27.0
SHIVAM,35,19.9
SIGITAS,35,54.5
SIRADIO,35,36.7
SOLAIMANE,35,17.3
SORIN ADRIAN,35,40.2
STANKO,35,49.2
SUKHVINDER,35,42.8
SUMAILA,35,36.8
TARCISIO,35,53.4
THIAGO ADRIAN,35,8.8
THOMAS ANDRES,35,13.7
TIANYI,35,21.0
TOMAS ALEXANDER,35,24.8
TOMAS ELIAS,35,38.2
TOMAS FELIX,35,60.1
TOMAS LORENZO,35,54.5
TUAN,35,27.4
VASILE ANDREI,35,30.8
VASILE DANUT,35,47.9
VICENCIO,35,70.3
VICENT LLUIS,35,54.3
VICENTE FABIAN,35,50.6
VITORIO,35,66.4
WALLY,35,31.0
WALTER ORLANDO,35,48.0
WILLIAM DARIO,35,42.9
WILLIAM OSWALDO,35,43.8
WILLIAM RAMON,35,47.2
WILMAR ALEXANDER,35,39.1
WIM,35,54.0
XIANGYU,35,28.1
YAMIR,35,32.4
YANNIK,35,26.7
YIMIN,35,41.6
YOEL ALEJANDRO,35,22.0
YONGQIANG,35,47.0
YSIDRO,35,61.1
ZARYAB,35,18.8
ZENO,35,23.2
ZHELYAZKO,35,48.8
ZOHER,35,27.2
AARON BENJAMIN,34,13.4
AARON FERNANDO,34,21.4
ABDELAZIZE,34,41.4
ABDELHANINE,34,39.2
ABDELMOTTALIB,34,32.8
ABDUL RAUF,34,35.1
ABDUL RAZAK,34,39.9
ABEL JOSUE,34,31.3
ABEL SANTIAGO,34,30.8
ABIAN JOSE,34,28.8
ABILIO JOSE,34,50.6
ABRAHAM FRANCISCO,34,31.6
ADOLFO ALBERTO,34,61.0
ADOLFO VICENTE,34,60.6
AGUSTIN FELIX,34,64.1
AGUSTIN MARIANO,34,49.6
AITOR ANDRES,34,26.1
AITOR LUIS,34,37.9
AIVAR,34,7.0
AKWASI,34,42.4
ALBERTO MARCOS,34,50.4
ALCIDES JOSE,34,44.1
ALEJANDRO ABEL,34,32.8
ALEJANDRO FERMIN,34,37.8
ALEJANDRO ROMAN,34,37.5
ALEX ARMANDO,34,35.2
ALEX MICHAEL,34,30.6
ALEXANDER PETER,34,37.8
ALEXANDRU GEORGIAN,34,29.4
ALIE,34,35.8
ALISTER,34,22.9
ALVARO DARIO,34,34.4
ALVARO FELIX,34,31.6
ALVARO JOSUE,34,21.7
AMADEO ANTONIO,34,55.5
AMARILDO,34,45.0
AMRANE,34,29.9
AMRO,34,25.2
ANDREI GEORGE,34,24.8
ANDREW CHRISTOPHER,34,54.0
ANGEL AVELINO,34,61.2
ANGEL FABRICIO,34,28.4
ANGEL NOE,34,35.8
ANGEL NORBERTO,34,59.1
ANGEL PAULINO,34,57.0
ANGELO MANUEL,34,34.6
ANSELMO JESUS,34,51.9
ANTHONY ANDRES,34,21.3
ANTHONY PATRICK,34,60.2
ANTONI PADUA,34,56.1
ANTONIO AARON,34,25.3
ANTONIO BENIGNO,34,61.1
ANTONIO CAMILO,34,56.8
ANTONIO EULOGIO,34,58.9
ANTONIO ORLANDO,34,54.0
ANTONIO PAULINO,34,61.9
ARAEL,34,26.2
ARIEL NICOLAS,34,25.5
ARMANDO ANGEL,34,65.1
ARMANDO GABRIEL,34,33.9
ARMANDO JUAN,34,56.2
ARNAS,34,24.0
ARTAN,34,45.7
ARTASHES,34,43.7
ARTURO ALFONSO,34,53.3
ASAN,34,39.0
AVILIO,34,63.6
AXEL ADRIAN,34,17.4
AYUN,34,8.7
BAHRAM,34,59.1
BANDA,34,38.9
BASIL,34,35.7
BECHIR,34,39.6
BEN YOUSSEF,34,55.8
BENJAMIN EDUARDO,34,32.8
BENJAMIN WILLIAM,34,33.3
BESIKI,34,41.4
BLAS CARLOS,34,59.1
BLAS VICENTE,34,61.6
BLEDAR,34,41.7
BOGDAN GEORGE,34,31.5
BRICIO,34,57.5
BRUNO AGUSTIN,34,24.1
BYRON ENRIQUE,34,37.9
CARLITO,34,46.9
CARLOS BLAS,34,51.9
CARLOS CHRISTIAN,34,40.0
CARLOS EDGAR,34,46.3
CARLOS GASPAR,34,51.1
CARLOS OSVALDO,34,54.1
CARMELO MARIA,34,66.1
CELSO LUIS,34,62.8
CESAR TULIO,34,58.5
CHARLES HENRY,34,50.7
CHRISTIAN DAMIAN,34,32.9
CHRISTOPHER EDWARD,34,54.3
CHRISTOPHER JOSUE,34,19.8
CIRO ANTONIO,34,48.9
CLAUDIU CRISTIAN,34,36.8
CLAYTON,34,41.1
CONCESO,34,72.1
CONG,34,35.6
CONSTANTIN CRISTINEL,34,47.0
CONSTANTIN MADALIN,34,32.3
CONSTANTIN MIHAI,34,41.0
CONSTANTIN VIOREL,34,45.3
COSMIN NICOLAE,34,38.5
CRISTIAN AGUSTIN,34,31.6
CRISTIAN AUGUSTO,34,35.3
CRISTIAN MOISES,34,30.1
CRISTOFFER,34,29.5
CRISTOPHER JOSE,34,24.3
DAMIAN ESTEBAN,34,36.7
DAN ADRIAN,34,38.0
DAN VASILE,34,45.6
DANIEL ESTIVEN,34,24.9
DANIEL VIOREL,34,41.2
DANNY JOSUE,34,25.2
DARREN PAUL,34,53.1
DAVID ABEL,34,40.6
DAVID ALLAN,34,60.3
DAVID ANDRE,34,30.5
DAVID BENITO,34,38.6
DAVID LEONARD,34,56.1
DENIS DAVID,34,25.5
DENIS JOSE,34,36.9
DERECK ALEXANDER,34,10.2
DIEGO CAMILO,34,30.3
DIEGO RAMIRO,34,43.6
DOBRI,34,45.7
DOBRIN,34,42.0
DRITAN,34,45.4
DUNIESKY,34,46.1
DYLAN MATIAS,34,7.9
EDDY ALEXANDER,34,30.1
EDGAR ARTURO,34,44.2
EDGAR JOSUE,34,27.7
EDISON GIOVANNY,34,40.4
EDUARDO ALONSO,34,32.9
EDUARDO MOISES,34,39.9
EDUARDO PASCUAL,34,56.9
EDWIN HUMBERTO,34,40.4
EDWIN XAVIER,34,38.5
EL HOUCEIN,34,51.7
ELHOUSSAINE,34,28.9
ELLANDE,34,25.7
ENDRE,34,47.3
ENNAJI,34,40.2
ENOCK,34,30.0
ENZO ADRIAN,34,13.0
ERICK JOHAN,34,26.7
ERIK JOEL,34,19.2
ERIK SEBASTIAN,34,17.3
ETHAN DANIEL,34,13.9
EUSEBIO ANGEL,34,64.7
EVGHENII,34,39.8
FACUNDO ALEJANDRO,34,30.8
FACUNDO EMANUEL,34,32.0
FALILOU,34,34.4
FAWAZ,34,51.7
FAYÇAL,34,36.0
FEDERICO EMANUEL,34,34.1
FEDERICO JULIAN,34,42.6
FEDERICO RAFAEL,34,55.1
FELIZ,34,57.9
FLAMINIO,34,63.7
FOFANA,34,33.2
FRANCESC LLUIS,34,50.3
FRANCIS JAVIER,34,33.3
FRANCISCO AMADEO,34,53.1
FRANCISCO JONAS,34,38.9
FRANCISCO JONATAN,34,40.2
FRANCISCO PAULINO,34,61.1
FRANCISCO VENTURA,34,54.9
FRANCO LUIS,34,34.2
FRANKLIN JUNIOR,34,25.4
FREDDY GEOVANNY,34,40.9
FREDDY MARCELO,34,44.2
FREDDY RAMON,34,45.9
GABRIEL AARON,34,18.8
GABRIEL ADOLFO,34,38.3
GABRIEL COSMIN,34,33.7
GABRIEL GONZALO,34,42.1
GABRIEL IULIAN,34,32.8
GARY WILLIAM,34,58.4
GENARO MANUEL,34,57.6
GENESIS,34,32.9
GEORGE MIHAI,34,35.5
GERARDO ARIEL,34,48.0
GERMAN ADOLFO,34,47.3
GERMAN ARTURO,34,51.1
GERMAN GUILLERMO,34,50.4
GERMAN NICOLAS,34,37.8
GLIGOR,34,60.1
GONZALO FELIPE,34,46.3
GONÇALO NUNO,34,43.4
GOTZON MIRENA,34,62.4
GURAMI,34,29.9
GURPINDER,34,30.7
GUSTAV,34,34.4
GUSTAVO PABLO,34,49.4
HAFIZ MUHAMMAD,34,41.9
HAIMADOU,34,20.9
HAO YU,34,13.4
HECTOR ABEL,34,44.6
HECTOR GERARDO,34,46.6
HECTOR PEDRO,34,48.5
HENRY JOEL,34,31.1
HERMELINDO,34,71.6
HIROSHI,34,39.6
HITESH,34,29.2
HLIEB,34,12.3
HUNG,34,35.4
IAN FRANCISCO,34,11.5
IAN JAVIER,34,9.9
IANIS NICOLAS,34,7.4
IBOR,34,34.7
ILIUTA,34,44.9
INUK,34,11.9
IOAN ALIN,34,39.7
IOAN BOGDAN,34,37.7
ION SORIN,34,47.7
IONEL MARIUS,34,42.5
IONITA,34,57.0
IONUT ROBERT,34,31.0
ISSEY,34,12.2
IULIAN ANDREI,34,25.0
IVAN JOEL,34,28.7
IVAN OSCAR,34,44.6
IÑIGO ANTONIO,34,45.8
JACINTO FRANCISCO,34,60.8
JACKSON ALEXANDER,34,31.6
JACOBO LUIS,34,40.7
JAIME DOMINGO,34,51.5
JAIR ALBERTO,34,38.9
JAMES MATTHEW,34,32.7
JASPREET SINGH,34,28.8
JAUME ALBERT,34,41.0
JEAN JOSE,34,40.5
JEFFERSON JESUS,34,28.9
JEFFERSON PATRICIO,34,28.3
JEFFERY,34,40.6
JEREMY GABRIEL,34,14.3
JESUS BASILIO,34,53.5
JESUS BAUTISTA,34,56.7
JESUS LAUREANO,34,61.6
JESUS OSWALDO,34,43.1
JESUS SERAFIN,34,62.2
JHON LUIS,34,32.9
JHON WILMAR,34,34.6
JIMMY ALBERTO,34,39.1
JOAO NUNO,34,42.6
JOHN BRIAN,34,57.3
JOHN BYRON,34,38.4
JOHN WILSON,34,46.6
JON UGUTZ,34,53.4
JONATAN ANTONIO,34,35.0
JONATHAN OMAR,34,33.3
JORDI JAUME,34,49.7
JORGE ALEX,34,43.6
JORGE BENJAMIN,34,43.6
JOSE ANTHONY,34,27.6
JOSE ASDRUBAL,34,49.9
JOSE CELEDONIO,34,61.6
JOSE CRISTINO,34,59.4
JOSE LUIS FRANCISCO,34,73.1
JOSE MAGIN,34,61.4
JOSEBA AITOR,34,55.7
JOSEP MARC,34,45.5
JOSEPH JAVIER,34,23.8
JOU,34,11.9
JUAN AMADO,34,58.4
JUAN PRUDENCIO,34,56.4
JULIAN ARMANDO,34,36.6
JULIO LEONARDO,34,45.5
JULIO MOISES,34,46.4
JUSTO DAVID,34,42.5
KAOUSSOU,34,37.9
KENNETH DAVID,34,36.4
KEVIN DAMIAN,34,21.5
KEVIN DARIO,34,23.7
KEVIN JONATHAN,34,27.1
KOLY,34,32.7
KOLYO,34,45.9
LALIT,34,40.3
LAUREANO ANTONIO,34,60.0
LAUREANO JESUS,34,56.1
LAURENCIO,34,68.8
LAZARO ALBERTO,34,44.5
LEE JOHN,34,49.6
LEO DANIEL,34,10.3
LEOCRICIO,34,61.1
LESLIE JOHN,34,72.4
LIGUANG,34,47.2
LIMAN,34,35.3
LINGFENG,34,34.5
LIVIU DANIEL,34,40.9
LIVIU MARIAN,34,39.8
LLUIS FRANCESC,34,48.6
LORENZO ALEJANDRO,34,36.2
LUCA DAVID,34,10.9
LUCA MATEO,34,9.4
LUCAS EMILIANO,34,24.6
LUIS ANGELO,34,23.2
LUIS ARCADIO,34,53.2
LUIS FRANCISCO JAVIER,34,66.8
LUIS GIOVANNI,34,41.4
LUIS OLMEDO,34,53.4
LUIS VIRGILIO,34,55.4
LUIZ EDUARDO,34,34.3
LUKIAN,34,9.6
MAHAMMED,34,42.1
MAIKEL JOSE,34,29.0
MAKHA,34,36.2
MAMADOU CELLOU,34,29.4
MANJIT SINGH,34,44.2
MANUEL CRISTIAN,34,36.0
MANUEL ILDEFONSO,34,58.1
MANUEL NARCISO,34,55.1
MAPENDA,34,42.5
MARCELO HERNAN,34,47.3
MARCELO RODRIGO,34,38.3
MARCOS JUNIOR,34,26.3
MARCOS RODRIGO,34,37.4
MARIAN VALENTIN,34,36.4
MARIO ELIAS,34,38.9
MARIO EZEQUIEL,34,31.0
MARIO GERARDO,34,48.7
MARIO ISAAC,34,34.4
MARIO JOEL,34,28.3
MARIO LUCAS,34,27.7
MARK DANIEL,34,27.6
MARTIN PETER,34,60.0
MASSECK,34,40.7
MATHIAS ADRIAN,34,13.1
MATHIAS ENRIQUE,34,14.3
MATIA,34,26.0
MATIAS RAMON,34,42.3
MATIAS RAUL,34,33.1
MAURICIO IVAN,34,42.3
MAXIMILIANO ALBERTO,34,38.3
MAXIMINO JOSE,34,58.3
MAXIMO ALEXANDER,34,19.6
MIGUEL LUCAS,34,47.8
MIGUEL MAURICIO,34,37.1
MIHAI STEFAN,34,30.5
MIKELATS,34,26.4
MIKHAILO,34,33.7
MIKKEL,34,20.1
MITCHEL,34,34.9
MOHAMED WASSIM,34,12.4
MOHAMMED ANOUAR,34,37.5
MOISES ISAAC,34,25.4
MONER,34,25.9
MOUATAZ,34,15.1
MOULAY ALI,34,50.1
MOULAY YOUSSEF,34,48.1
MOUNTAGA,34,32.5
MUHAMMAD KASHIF,34,36.4
NACIM,34,35.1
NAMIR,34,18.4
NEIL JOHN,34,54.8
NICOLAE SORIN,34,47.3
NIEVES,34,76.9
NIKOLAJS,34,45.7
OISIN,34,21.3
OLIVER FRANCISCO,34,25.8
OLIVER THOMAS,34,25.2
OREN,34,28.0
ORSON,34,15.6
OSCAR ISMAEL,34,38.7
OSCAR MATEO,34,22.6
OSWALD,34,52.9
OZGUR,34,40.9
PABLO CRISTIAN,34,41.5
PABLO ELOY,34,36.9
PABLO LEONEL,34,28.5
PABLO RAMIRO,34,46.1
PAPA SAMBA,34,38.0
PARAMJEET,34,40.1
PARWINDER,34,35.6
PASCUAL ALBERTO,34,53.6
PAUL ALAN,34,57.2
PAUL ANTONY,34,56.2
PAUL IONUT,34,30.3
PAUL JOSE,34,34.0
PEDRO HUGO,34,47.9
PEDRO JUNIOR,34,24.1
PEDRO VIDAL,34,56.8
PELAGIO,34,60.4
RAEES,34,24.1
RAFAEL JUNIOR,34,23.4
RAFFAELLO,34,39.9
RAJIV,34,43.2
RAKESH KUMAR,34,43.0
RAMON OSCAR,34,54.1
RANA MUHAMMAD,34,32.5
RANJIT SINGH,34,41.4
RAUL GERARDO,34,50.6
RAUL IOAN,34,20.1
RAUL RUBEN,34,47.0
RAVINDER SINGH,34,31.9
REINHOLD,34,68.1
RENATO JOSE,34,36.7
REZKI,34,45.4
RICARDO GONZALO,34,52.5
RICARDO HERNAN,34,48.7
RICHARD ANDERSON,34,33.9
RINALDO,34,55.1
ROB,34,46.7
ROBERTO DIEGO,34,41.4
RODRIGO MAXIMILIANO,34,35.1
RODRIGO VICENTE,34,38.4
ROGELIO LUIS,34,57.2
RONALD JOSUE,34,27.5
ROOSEVELT,34,46.1
ROSAURO,34,61.0
RUBEN ADOLFO,34,49.4
RUFINO ANTONIO,34,64.0
RUFINO MANUEL,34,62.4
RUI ALEXANDRE,34,40.6
SADOU,34,36.1
SALATIEL,34,32.0
SALOU,34,34.2
SAMUEL CARLOS,34,39.8
SANDRO JAVIER,34,43.7
SANTIAGO FABIAN,34,27.3
SANTIAGO FERMIN,34,55.7
SANTOS DAVID,34,41.7
SAVELIY,34,19.7
SEBASTIAN CONSTANTIN,34,24.8
SEGUNDO AGUSTIN,34,58.1
SEGUNDO RAMON,34,58.4
SERGIO CAMILO,34,34.7
SERGIO DENIS,34,33.2
SERGIO ISAAC,34,32.3
SERGIO OSVALDO,34,52.6
SERGIO STEVEN,34,26.8
SHAH ZAIB,34,22.8
SHAIEL,34,17.6
SHUANGJUN,34,41.1
SIDNEI,34,45.9
SILVERIO JOSE,34,53.8
SINDO,34,55.7
STEVEN EDUARDO,34,25.4
TAIM,34,7.0
TAKESHI,34,43.8
TALIB,34,43.2
THOMAS HENRY,34,52.2
TOURE,34,33.3
TUDOR ANDREI,34,15.0
TYKHON,34,11.3
UBERNEY,34,46.8
VALENTIN LUIS,34,62.1
VERGIL,34,52.1
VICENTE ELIAS,34,51.3
VICTOR JAIME,34,50.1
VICTOR ROLANDO,34,52.6
VITALIJUS,34,47.5
WALTER ROBERTO,34,52.8
WARREN,34,50.3
WEIBIN,34,42.6
WEIJIAN,34,35.1
WENLIANG,34,44.0
WILINTON,34,42.9
WILLIAMS ALBERTO,34,45.1
XIAOQIANG,34,38.9
YAKUBA,34,28.2
YALAL,34,28.3
YEISON JOSE,34,27.6
YEISON STEVEN,34,26.8
YERAY FRANCISCO,34,35.7
YERKO,34,29.0
YIZE,34,7.8
YOANN,34,30.8
YONIER,34,36.9
YUEPING,34,57.1
YUZHE,34,12.0
ZHICHAO,34,34.0
ZIMO,34,9.9
ZIQIAN,34,13.3
ZOHAYR,34,31.0
ABDEL MOUNAIM,33,32.0
ABDELGHNI,33,41.3
ABDELKERIM,33,42.0
ABDULAY,33,20.2
ABDULLA,33,28.0
ABOUDOU,33,35.1
ADALBERTO JOSE,33,44.2
ADOLFO DANIEL,33,45.0
ADRIAAN,33,57.5
ADRIAN ELIAS,33,26.9
ADRIAN MARCOS,33,29.3
ADRIAN OMAR,33,33.1
ADRIAN PEDRO,33,37.9
ADRIAN SAMUEL,33,20.7
ADUANICH,33,27.8
AITOR GABRIEL,33,18.9
AIZAN,33,10.0
AKLI,33,52.6
ALBERT JOAN,33,45.1
ALBERTO DIEGO,33,49.5
ALBERTO GERARDO,33,52.6
ALBERTO HUGO,33,53.0
ALBERTO JUNIOR,33,25.3
ALBERTO MATIAS,33,37.8
ALEJANDRO LUCAS,33,28.5
ALEKSANDRAS,33,42.9
ALEXANDER EDUARDO,33,34.2
ALFREDO AGUSTIN,33,52.1
ALFREDO ERNESTO,33,52.3
ALIN COSMIN,33,36.4
ALIOU BADARA,33,32.2
ALISSON,33,32.2
ALONSO DAVID,33,29.5
ALONSO ENRIQUE,33,36.3
ALONSO LUIS,33,47.5
ALVARO VALENTIN,33,37.4
ANDON,33,46.7
ANDREAS MICHAEL,33,49.9
ANDRES ANIBAL,33,40.0
ANDRES EZEQUIEL,33,32.4
ANDRES FABRICIO,33,30.5
ANDREW GEORGE,33,60.1
ANGEL HERNAN,33,42.2
ANGEL JOAN,33,26.2
ANGEL LUCIO,33,60.8
ANGELOS,33,36.4
ANJIE,33,18.9
ANOAR,33,17.0
ANTONIO ALEXANDRE,33,45.3
ANTONIO AVELINO,33,59.7
ANTONIO CONSTANTINO,33,62.0
ANTONIO DIONISIO,33,57.0
ANTONIO RUFINO,33,57.8
ANTXOKA,33,44.0
ARARAT,33,44.1
ARIEL ERNESTO,33,39.1
ARMANDO ALBERTO,33,55.5
ARNALDO RAMON,33,37.3
ARY,33,38.0
ASBEL,33,34.0
AURICA,33,57.9
AXEL ARIEL,33,20.4
AXEL NICOLAS,33,20.0
AZDDIN,33,34.3
BADREDINE,33,35.1
BAIDY,33,37.9
BAUDELIO,33,69.3
BAYE MODOU,33,30.7
BEIMAR,33,35.6
BELATZ,33,11.2
BELLAL,33,28.7
BEN AISSA,33,54.1
BENDEHIBA,33,41.7
BERNARDI,33,44.9
BERNARDO GABRIEL,33,43.6
BIKRAM,33,35.7
BOBO,33,38.7
BOHAN,33,17.3
BRAYAN SMITH,33,24.5
BRIAN GEORGE,33,72.5
BRYAN MIGUEL,33,21.8
BYRON DANIEL,33,30.0
CALIN IOAN,33,45.4
CAMILO ARTURO,33,38.2
CARLOS FLORENCIO,33,51.7
CARLOS HOLMES,33,52.0
CARLOS JUSTO,33,54.1
CARLOS MAXIMO,33,53.4
CARLOS NOEL,33,34.2
CARLOS PAULINO,33,55.2
CARLOS SANTOS,33,56.9
CASPER,33,27.0
CATRIEL,33,18.0
CESAR FELIX,33,52.0
CEZARY,33,40.3
CHAVDAR,33,47.0
CHEIKH AHMED,33,33.2
CHRISTIAN GUILLERMO,33,32.6
CHRISTIAN GUSTAVO,33,39.4
CHRISTIAN JOHN,33,37.1
CHRISTIAN ORLANDO,33,35.1
CHRISTOPHER STEVEN,33,30.7
CONSTANTIN LAURENTIU,33,39.6
CORE,33,30.3
CRISTIAN DIEGO,33,38.2
CRISTIAN HUMBERTO,33,35.4
DAI,33,19.6
DALIBOR,33,46.7
DANIEL ANTHONY,33,37.2
DANNY RAFAEL,33,36.0
DANNY SANTIAGO,33,30.3
DANNY XAVIER,33,33.1
DARII,33,14.2
DARIUS IOAN,33,13.6
DAVID LEE,33,47.1
DAVID RENE,33,38.1
DAVID YERAY,33,31.7
DENNIS JOHN,33,73.1
DEREK DAVID,33,12.9
DEREK JOSE,33,8.7
DICK,33,62.7
DIEGO ANIBAL,33,42.2
DIEGO BERNARDO,33,41.3
DIOGO ALEXANDRE,33,27.1
DOMINIC ALEXANDER,33,10.2
DOVYDAS,33,24.4
DUMITRU FLORIN,33,39.9
DYLAN EZEQUIEL,33,11.2
DYLAN LEONARDO,33,8.8
EDGAR LEANDRO,33,34.3
EDGAR SEBASTIAN,33,26.0
EDUARD GEORGE,33,22.5
EDUARDO GERMAN,33,51.3
EDUARDO MATIAS,33,40.1
EDUART,33,44.8
EDWIN ADRIAN,33,33.3
EDWIN ERNESTO,33,43.5
EDWIN ROLANDO,33,39.9
EL GHARRAS,33,40.2
EL HACEN,33,47.8
ELIAS ALEXANDER,33,13.9
ELIECER JESUS,33,52.0
ELIO MANUEL,33,44.9
ELOY CARLOS,33,58.0
ELVIS RAFAEL,33,38.4
EMANUEL GABRIEL,33,19.0
EMERSON DAVID,33,25.4
EMILI JOSEP,33,52.6
EMILIO FELIPE,33,53.7
EMMANOUIL,33,40.1
ENAUT,33,30.8
ENVER,33,39.7
ENZO FERNANDO,33,18.1
ENZO JESUS,33,12.9
ERICK LEONARDO,33,26.4
ERICK NICOLAS,33,13.7
ERICK XAVIER,33,23.8
ERIK ALBERTO,33,29.9
ERIK EDUARDO,33,28.2
ERMINIO,33,57.3
ESTEBAN EMILIO,33,44.3
ESTEBAN PEDRO,33,54.6
ETHAN GAEL,33,4.4
EVARISTO JAVIER,33,55.2
EZARO,33,5.6
FABIAN ALESSANDRO,33,11.5
FABIO LUIS,33,29.7
FABIO RAMON,33,34.5
FABRIZIO ANDRES,33,22.6
FEDERICO ARIEL,33,38.1
FEDERICO DAMIAN,33,37.5
FELIPE DOMINGO,33,58.2
FELIX JORGE,33,52.3
FERNANDO ISAAC,33,39.1
FERNANDO JOEL,33,26.7
FIDEL LUIS,33,58.0
FLAVIO ANTONIO,33,37.1
FLORENCIO MIGUEL,33,62.2
FLORIN CIPRIAN,33,40.2
FLORIN RAZVAN,33,34.0
FRANCIS ALBERTO,33,37.3
FRANCIS JOHN,33,59.0
FRANCISCO ASSIS,33,50.4
FRANCISCO GENARO,33,60.3
FRANCISCO HERNAN,33,42.8
FRANCISCO ISAIAS,33,43.9
FRANCO DAMIAN,33,32.1
FRANKLIN GEOVANNY,33,37.7
FREDDY OMAR,33,46.2
FREDY ENRIQUE,33,44.7
GABRIEL EZEQUIEL,33,27.0
GABRIEL MATEO,33,17.7
GABRIEL ROBERTO,33,37.1
GAGANDEEP SINGH,33,29.3
GALO JAVIER,33,37.9
GENARO JOSE,33,52.4
GEORGE ALIN,33,33.0
GERMAN ALEXIS,33,37.5
GERMAN GUSTAVO,33,43.4
GIOVANNI MANUEL,33,26.0
GODFRED,33,31.1
GONZALO RAUL,33,40.6
GREG,33,35.0
GUILHEM,33,23.9
GUILLERMO ALONSO,33,33.4
GUILLERMO ROBERTO,33,49.5
GURMAIL,33,45.4
HACHMI,33,53.8
HAOYI,33,16.2
HARITZA,33,23.3
HARSHDEEP,33,19.2
HECTOR LEONEL,33,40.5
HECTOR SALVADOR,33,41.7
HENRY ALFONSO,33,45.5
HENRY JUNIOR,33,25.0
HIGINI,33,57.2
HIPOLITO MANUEL,33,57.8
HONESTO,33,66.8
HORACIO JAVIER,33,47.5
HOSNI,33,33.8
HUBERNEY,33,44.0
HUGO JORGE,33,44.6
HUGO OSCAR,33,57.7
IAN ALESSANDRO,33,7.3
IBAY,33,19.2
IKER ALEXIS,33,12.9
IKER MATIAS,33,9.5
ILYESS,33,25.1
INDRA,33,25.9
IULIAN FLORIN,33,33.7
IVAN ADRIAN,33,27.8
JAAD,33,7.6
JADER,33,34.3
JAHIR,33,38.0
JAIME CRISTOBAL,33,52.0
JAIME ROLANDO,33,44.7
JAMES ARTHUR,33,61.0
JAN PETER,33,54.0
JAVAID,33,53.7
JAVIER ROLANDO,33,46.8
JEAN DAVID,33,26.3
JEAN PABLO,33,24.9
JEFFERSON GABRIEL,33,24.3
JEROBEL,33,27.3
JESUS ADAY,33,28.9
JESUS CIPRIANO,33,54.8
JESUS GINES,33,50.1
JESUS LUCIANO,33,58.2
JHOAN FELIPE,33,25.4
JHOJAN ANDRES,33,24.5
JHON ANGEL,33,21.0
JHON WILMER,33,37.0
JHONIER ANDRES,33,27.7
JHORDAN,33,16.7
JIA LE,33,18.9
JIANFEI,33,48.7
JIMMY DANIEL,33,32.7
JINSHENG,33,50.8
JITENDRA,33,44.9
JOAN ALBERTO,33,31.4
JOAN FERNANDO,33,27.2
JOAO ANDRE,33,36.6
JOAQUIN CESAR,33,52.9
JOAQUIN ISIDRO,33,56.9
JOAQUIN JULIO,33,63.3
JOAQUIN MARTIN,33,54.3
JOAQUIN MATEO,33,25.4
JOAQUIN RAUL,33,45.9
JOEL ESTEBAN,33,21.0
JOHN DOUGLAS,33,61.7
JOHN RAFAEL,33,32.7
JONATHAN ELIAS,33,27.3
JORDAN ALEXIS,33,21.1
JORGE LEOPOLDO,33,44.8
JOSE ADELINO,33,61.3
JOSE BLADIMIR,33,40.7
JOSE DENIS,33,33.0
JOSE GEOVANNY,33,41.1
JOSE LUIS MANUEL,33,72.1
JOSE SENEN,33,63.8
JOSHUA MICHAEL,33,27.7
JUAN BALTASAR,33,55.5
JUAN FLORENTINO,33,66.1
JUAN FRANCO,33,32.7
JUAN JOSE ANTONIO,33,69.2
JUAN OLIVER,33,42.2
JUAN ULISES,33,39.4
JUAN VALERIANO,33,51.6
JULAYBIB,33,4.5
JULIO ABEL,33,54.7
JULIO MARIANO,33,59.6
JULIO VALENTIN,33,50.8
JUN JIE,33,18.5
JUNIOR FERNANDO,33,28.8
KARMEL,33,57.0
KARNAIL,33,54.5
KEOMA,33,26.5
KEVIN ANDRE,33,27.8
KEVIN ESTIVEN,33,24.5
KEVIN JUAN,33,27.9
KEVIN ROBERT,33,36.3
KEVIN STEVE,33,27.2
KRISTJAN,33,42.5
LALO,33,25.6
LEANDRO EMANUEL,33,34.1
LEBDAOUI,33,52.4
LENIN JOSE,33,39.2
LEONARDO AGUSTIN,33,39.0
LEONARDO GERMAN,33,43.0
LEOPOLDO LUIS,33,59.0
LEVENT,33,36.3
LEYDER,33,39.3
LIAM CAMILO,33,4.4
LIAM EMMANUEL,33,4.4
LING,33,39.2
LIOR,33,23.4
LIVIU CRISTIAN,33,38.0
LORENZO MARIA,33,42.4
LUCAS ANDRE,33,12.5
LUCAS IOAN,33,8.3
LUCAS ISMAEL,33,19.9
LUCIANO MATIAS,33,32.7
LUIS FAUSTINO,33,59.7
LUIS NARCISO,33,54.5
LUIS VENTURA,33,48.4
MALKHAZI,33,45.8
MANUEL AQUILINO,33,58.5
MANUEL BIENVENIDO,33,60.4
MANUEL CEFERINO,33,64.8
MANUEL MAXIMINO,33,64.2
MANUEL VICTORIANO,33,62.5
MARCO NICOLAS,33,22.0
MARIAN IOAN,33,41.5
MARIANO OSCAR,33,49.3
MARIUS COSTEL,33,42.4
MARK ADRIAN,33,43.8
MARTIN JULIAN,33,44.0
MARTIN OSCAR,33,44.2
MARVIN JOEL,33,30.4
MASSAR,33,40.7
MATIAS JOSUE,33,14.0
MATIAS JUAN,33,42.7
MATIAS ROBERTO,33,34.0
MAXIMO RAFAEL,33,44.0
MEHEDI,33,30.2
MHER,33,41.7
MICHAEL ESTEBAN,33,23.1
MIGUEL PATRICIO,33,49.3
MILTON IVAN,33,46.6
MINGZE,33,10.1
MOHAMET,33,26.7
MOHAMMAD AMIN,33,23.3
MONTASER,33,16.1
MONTSERRAT,33,52.5
MUHAMMAD HASHIR,33,6.6
NABIN,33,31.5
NAHUEL MATIAS,33,28.4
NAMAKE,33,30.5
NASSAR,33,35.4
NAVIN,33,36.5
NAZAM,33,39.7
NEGU,33,9.6
NEIL ANTHONY,33,57.7
NEIZAN JOSE,33,7.4
NICHOLAS ANDREW,33,47.9
NICOLAS GERMAN,33,38.2
NOAMANE,33,25.9
NOEL DAVID,33,32.3
NORDDIN,33,41.9
NOSAIR,33,18.1
NOSLEN,33,35.5
NOUFEL,33,25.3
NOURI,33,35.4
NUH,33,5.1
NUO,33,16.9
OCTAVIO ALEJANDRO,33,37.5
OCTAVIO FRANCISCO,33,52.7
OLEXIY,33,44.2
ORLANDO GABRIEL,33,38.5
OSCAR VICTOR,33,48.8
OTIS,33,13.5
PABLINO,33,46.7
PABLO ALONSO,33,33.1
PANCHO,33,24.2
PATRICK JEAN,33,63.1
PAUL GRAHAM,33,61.9
PAULO ALEJANDRO,33,32.8
PEDRO AMALIO,33,50.7
PEDRO BORJA,33,37.3
PETRU ALEXANDRU,33,25.8
PIERRE LOUIS,33,51.2
POLONIO,33,70.5
RADU DANIEL,33,37.5
RAFAEL MOISES,33,41.0
RAIMUNDO JAVIER,33,53.8
RAJENDRA,33,44.8
RAUL MAURICIO,33,40.8
RICARDO AURELIO,33,60.5
RICARDO JUNIOR,33,28.0
RIFAT,33,42.5
ROBERT ALEXIS,33,35.3
ROBERT CATALIN,33,28.6
ROBERT IOAN,33,21.7
ROBERTO ORLANDO,33,51.5
RODOLFO ALEXANDER,33,38.3
RODOLFO RAFAEL,33,47.1
RODRIGO ARTURO,33,38.0
RODRIGO JOAQUIN,33,33.2
ROGELIO FRANCISCO,33,59.4
RUBEN ARIEL,33,46.2
RUBEN GUILLERMO,33,47.9
RUIQI,33,15.7
RUIXUAN,33,10.2
RYAN DAVID,33,24.4
SAMUEL JOHN,33,29.7
SAMUEL STEVEN,33,16.4
SANTIAGO GAEL,33,5.8
SANTIAGO LEON,33,28.6
SERGIO MARCOS,33,47.4
SERIGNE MBAYE,33,36.4
SERIGNE MOR,33,41.3
SEYDINA ISSA,33,28.1
SHEIKH,33,36.6
SILVIU IONUT,33,35.4
SIMON ANTHONY,33,50.4
SIMON EDUARDO,33,32.3
SNEIDER,33,24.2
STEFAN IULIAN,33,31.0
TERENCE WILLIAM,33,72.0
THIAGO LIONEL,33,8.1
THIERNO IBRAHIMA,33,29.5
THIERNO SOULEYMANE,33,33.9
TIMOTHY DAVID,33,51.7
TOLGA,33,37.6
TOMAS GREGORIO,33,62.9
TOMAS IVAN,33,37.3
ULF,33,59.9
ULISES DAVID,33,35.0
UROS,33,32.0
VALERIA,33,39.0
VASKO,33,42.3
VAZGEN,33,45.5
VICTOR ELOY,33,44.1
VICTOR FEDERICO,33,49.6
VIOREL MARIAN,33,39.6
VITALIJS,33,43.0
WADII,33,33.4
WALTER ERNESTO,33,47.7
WALTER HERNAN,33,48.5
WALTER JUNIOR,33,27.5
WALTER LEONARDO,33,40.3
WALTER MARCELO,33,47.5
WILDER JOSE,33,35.1
WILLAN,33,41.6
WILLIAM IVAN,33,43.0
WILLIAM OMAR,33,38.0
WILLIAM PETER,33,49.8
WILSON RICARDO,33,42.2
XABIER MIKEL,33,32.5
XIAOFEI,33,41.5
XIAOHAI,33,46.0
XUJUN,33,39.3
YAKOUBA,33,27.0
YAMEN,33,16.5
YANICK,33,22.3
YAWAD,33,23.9
YERSON ANDRES,33,30.3
YILONG,33,30.6
YONGMING,33,48.4
YOUNOUS,33,36.4
YUBIN,33,36.9
YUBO,33,26.0
YULAIBIB,33,6.6
ZAHARIA,33,58.2
ZHIBIN,33,40.4
ZHIXUAN,33,13.5
ZIDAN,33,17.0
ZIXIANG,33,14.4
AARON MICHAEL,32,27.4
ABDELMOUTALIB,32,37.2
ABDELOIHED,32,49.2
ABDELUAHID,32,53.3
ABDENNACEUR,32,42.8
ABDERAOUF,32,29.3
ABDRAHMAN,32,12.3
ABDRAMANE,32,37.9
ABOUBAKARY,32,24.8
ABRAHAM ALEXANDER,32,18.9
ADALBERT,32,55.2
ADAM GABRIEL,32,9.4
ADHEMAR,32,45.7
ADRIAN EMANUEL,32,27.3
ADRIAN ILIE,32,33.1
AFFAN,32,7.8
AHAMADOU,32,22.2
AIRTON,32,39.9
ALAIN MICHEL,32,60.6
ALAMIN,32,34.3
ALAN NAHUEL,32,22.8
ALBERTO ALFREDO,32,53.3
ALBERTO RODRIGO,32,42.2
ALBI,32,37.3
ALESSANDRO ANTONIO,32,20.5
ALEX FLORIN,32,15.6
ALEX MATEO,32,9.8
ALEXANDRU RAUL,32,21.1
ALEXANDRU SEBASTIAN,32,23.4
ALEXIS MARTIN,32,33.3
ALEXY,32,30.3
ALFONSO RICARDO,32,51.6
ALFONSO ROBERTO,32,60.4
ALFREDO PABLO,32,56.5
ALIN ANDREI,32,25.4
ALPHONSE,32,56.8
ALYAN,32,13.3
AMALIO JOSE,32,52.8
ANDERSON ENRIQUE,32,30.1
ANDRE MIGUEL,32,32.7
ANDREI RAUL,32,18.1
ANDRES ADRIAN,32,32.8
ANDRES BERNARDO,32,51.3
ANDRES ISMAEL,32,36.9
ANDRES VICTOR,32,54.8
ANDREW PHILIP,32,57.0
ANDREW RICHARD,32,56.1
ANDY DAVID,32,21.6
ANGEL EMANUEL,32,15.8
ANGEL JACINTO,32,55.9
ANGEL VICTORIANO,32,63.4
ANGEL XAVIER,32,33.2
ANGELO PAOLO,32,27.6
ANTAR,32,30.4
ANTHONY SAMUEL,32,23.3
ANTONI VICENT,32,53.9
ANTONIO FULGENCIO,32,57.0
ANTONIO MAURICIO,32,48.3
ANXEL,32,29.2
ARBI,32,34.5
AREY,32,13.3
ARISTEO,32,57.5
ARNALDO JAVIER,32,38.0
AURELIO ENRIQUE,32,55.2
AURKEN,32,19.6
AXEL ANTONIO,32,23.7
AXEL MATEO,32,7.0
AXEL NAHUEL,32,20.8
AZIBAR,32,35.9
AZIZI,32,33.1
AZZIZ,32,44.8
BADR DIN,32,18.4
BALDE,32,37.1
BALJINDER SINGH,32,34.7
BAS,32,40.2
BASILIO MANUEL,32,51.1
BECAYE,32,33.0
BEHNAM,32,46.7
BENITO FRANCISCO,32,58.4
BENJI,32,11.0
BIENVENIDO JOSE,32,57.8
BLAS DAVID,32,40.5
BORO,32,23.3
BRAHIME,32,38.8
BRANDON JAVIER,32,18.7
BRAYAM,32,20.7
BRAYAN NICOLAS,32,24.1
BRIAN CHARLES,32,72.0
BRUNO EMANUEL,32,27.3
BRUNO ENRIQUE,32,33.0
BRYAN ARIEL,32,25.1
BRYAN FABRICIO,32,28.8
BRYAN ROBERTO,32,27.3
BUBAKARI,32,20.3
CAMILO FERNANDO,32,37.4
CARLOS DANILO,32,42.5
CATALIN DUMITRU,32,36.4
CAYETANO FRANCISCO,32,49.8
CESAR ABRAHAM,32,37.5
CESAR ANDRE,32,24.8
CESAR HERNAN,32,45.8
CESAR JORGE,32,49.9
CESAR LEANDRO,32,36.7
CESAR LEONEL,32,29.8
CESAR MARIO,32,51.7
CESAR OSCAR,32,52.8
CHARBEL,32,36.6
CHESUS,32,37.5
CHRISTIAAN,32,52.3
CHRISTIAN JOSEPH,32,41.7
CICERO,32,47.3
CLAUDIU MARIUS,32,41.2
COLIN RICHARD,32,68.2
COSTEL DANIEL,32,37.8
CRISTHIAN OMAR,32,31.9
CRISTIAM,32,31.3
CRISTIAN ISMAEL,32,28.7
DANNY PAUL,32,34.9
DARIO FABIAN,32,39.4
DARIUS CONSTANTIN,32,13.7
DARWIN OMAR,32,39.0
DAVID ALBERT,32,56.9
DAVID ARIEL,32,34.4
DAVID SANTOS,32,40.8
DAVID STANLEY,32,67.7
DAVID STUART,32,58.8
DAYRON JOSE,32,14.2
DEIBY ALEXANDER,32,28.8
DELVIS,32,45.0
DENNIS FERNANDO,32,31.2
DIAME,32,37.2
DILIP,32,48.6
DOMINGO JORGE,32,60.4
DORO,32,41.5
DRAME,32,34.8
DYLAN ISMAEL,32,9.1
EDGAR GEOVANNY,32,43.0
EDGAR SANTIAGO,32,31.0
EDINSON ANDRES,32,32.9
EDISON ORLANDO,32,43.3
EDISON ROLANDO,32,40.9
EDUARDO HECTOR,32,61.8
EDWARD FERNANDO,32,33.2
EDWARD GABRIEL,32,16.3
EFIM,32,30.3
EKAMJOT,32,9.0
ELECTO,32,63.0
ELKIN MAURICIO,32,37.5
ELOY GONZALO,32,46.3
ELVIS EDUARDO,32,33.1
ELVIS JAVIER,32,33.2
EMANUEL ANTONIO,32,25.4
EMANUEL DANIEL,32,23.8
EMILIO GONZALO,32,55.2
EMMANUEL ANDRES,32,22.4
EMRAH,32,35.8
ENRIQUE ALONSO,32,39.3
ENRIQUE AUGUSTO,32,54.4
ENRIQUE OSCAR,32,56.7
EPIGMENIO,32,71.9
ERDEM,32,35.2
EREKLE,32,21.0
ERNESTO FIDEL,32,47.0
ESTEBAN JULIAN,32,56.0
ESTEBAN PABLO,32,51.8
ESTEBAN SEBASTIAN,32,32.9
ESTEVAO,32,29.8
ETHAN ALEXANDER,32,14.6
EUTROPIO,32,69.7
EVER DANIEL,32,29.8
EVGUENI,32,48.4
FABER,32,41.8
FABIAN FRANCISCO,32,35.5
FABIAN GUSTAVO,32,47.6
FABIAN ORLANDO,32,39.5
FABIO ADRIAN,32,30.4
FABIO JAVIER,32,29.4
FABIO RAFAEL,32,37.8
FAMORY,32,34.9
FARZAD,32,50.4
FAUSTO JESUS,32,52.0
FAYEZ,32,51.4
FEDERICO TOMAS,32,42.6
FELIX HUMBERTO,32,53.9
FERMIN CARLOS,32,66.0
FERNANDO ELOY,32,53.5
FERNANDO HUGO,32,53.1
FERNANDO PAUL,32,31.3
FILIPE ALEXANDRE,32,41.0
FRANCHESCO,32,17.3
FRANCISCO CANDIDO,32,60.1
FRANCISCO MELCHOR,32,58.1
FRANCISCUS JOHANNES,32,64.8
FRANCO IGNACIO,32,28.6
FRANK ANTHONY,32,27.9
FRANK DANIEL,32,27.7
FRANKLIN ALEXIS,32,35.8
FREDDY XAVIER,32,37.9
FREDY JOSE,32,42.8
FRIEDRICH WILHELM,32,74.8
GABRIEL EMANUEL,32,23.5
GABRIEL EUGENIO,32,45.7
GAEL SANTIAGO,32,7.6
GAETAN,32,36.1
GARY ALEXANDER,32,40.7
GEORGE LUIS,32,28.8
GERARDO AGUSTIN,32,51.5
GERARDO CARLOS,32,50.9
GERSON ANTONIO,32,34.0
GONZALO ARTURO,32,44.4
GRAHAM DAVID,32,65.3
GRAHAM PAUL,32,64.0
GREGORIO DANIEL,32,44.2
GREGORIO TOMAS,32,58.2
GUIDO ALBERTO,32,44.1
GUOZHONG,32,55.2
HADJI,32,34.4
HAIGUANG,32,50.1
HANY,32,47.9
HAROLD DANIEL,32,26.0
HECTOR HERNANDO,32,51.5
HEDI,32,38.9
HENRY FRANCISCO,32,36.3
HENRY ORLANDO,32,44.4
HENRY SEBASTIAN,32,23.3
HIMANSHU,32,29.1
HONGSHENG,32,43.2
HORACIO JESUS,32,50.6
HOUSSAINE,32,40.2
HUGO ALEXIS,32,33.3
HUGO OMAR,32,54.3
IBAN JESUS,32,40.8
IDDRISU,32,39.4
IDILIO,32,73.1
IGNACIO JAIME,32,47.3
ILIE DANIEL,32,39.1
INACIO,32,44.6
IOAN CONSTANTIN,32,40.3
IOAN LIVIU,32,46.8
ION LUCIAN,32,44.8
IONUT SEBASTIAN,32,28.7
IONUT SORIN,32,33.6
IREI,32,6.8
IVAN FEDERICO,32,37.4
IZAN JOEL,32,8.6
IÑAKI JOSEBA,32,52.8
IÑIGO JUAN,32,37.6
JAILSON,32,36.1
JAIME JULIAN,32,48.3
JAIME PASCUAL,32,51.9
JANNIK,32,24.8
JAROL,32,36.9
JAVID,32,45.7
JAVIER GERARDO,32,49.7
JAVIER HUGO,32,48.5
JAVIER JOSUE,32,26.5
JAVIER JUNIOR,32,22.5
JEAN NOEL,32,53.9
JEFFERSON ALEXIS,32,27.0
JEFREY,32,34.3
JEREMY JOEL,32,17.3
JESUS CAYETANO,32,56.4
JESUS CONSTANTINO,32,59.7
JESUS ENMANUEL,32,26.4
JESUS EVARISTO,32,57.9
JESUS FELICIANO,32,57.9
JESUS LUCAS,32,56.8
JESUS RAIMUNDO,32,59.7
JHON WILSON,32,41.9
JIALIN,32,27.0
JIMMY EDUARDO,32,36.9
JIMY,32,39.6
JOAN DEU,32,53.8
JOAN ORIOL,32,37.8
JOAN RICARD,32,38.1
JOAN TOMAS,32,47.4
JOAQUIN MARIO,32,57.2
JOEL GABRIEL,32,21.3
JOHAN SAMUEL,32,15.6
JOHANNY,32,38.5
JONATAN ALEXANDER,32,28.1
JONATHAN DARIO,32,29.5
JONATHAN ORLANDO,32,30.7
JONATHAN ROBERTO,32,34.7
JONAY JOSE,32,34.9
JONAY MANUEL,32,33.4
JORDI CARLES,32,51.0
JORDI PERE,32,51.8
JORGE BOLIVAR,32,52.6
JORGE CLAUDIO,32,55.4
JORN,32,49.0
JOSE AIRAN,32,31.8
JOSE ANDERSON,32,33.8
JOSE AURELIANO,32,55.3
JOSE HERNEY,32,53.9
JOSE JEREMIAS,32,44.1
JOSE MARIA MANUEL,32,73.1
JOSE PEÑA,32,48.6
JOSEBA PATXI,32,59.0
JOVANY,32,38.8
JUAN AMADEO,32,60.9
JUAN CEFERINO,32,48.1
JUAN CIPRIANO,32,66.3
JUAN FAUSTO,32,53.7
JUAN SAUL,32,36.6
JULIAN GREGORIO,32,62.0
KEPA ANDONI,32,54.3
KEVEN,32,27.2
KEVIN EZEQUIEL,32,22.8
KEVIN RICHARD,32,41.8
KHAMIS,32,41.9
KILIAN MANUEL,32,21.6
KONATE,32,37.4
LAURENTIU DANIEL,32,37.2
LAUTARO BENJAMIN,32,13.0
LENNOX,32,12.6
LEON ANTONIO,32,43.6
LEON FELIPE,32,34.9
LEONARDO JUAN,32,42.4
LHOUSSEINE,32,46.2
LIAM BENJAMIN,32,6.2
LIAM THOMAS,32,15.3
LISARD,32,33.4
LLORIAN,32,17.1
LORENZO MARTIN,32,44.6
LUCA SEBASTIAN,32,11.2
LUCAS DARIO,32,21.3
LUCAS SALVADOR,32,29.1
LUCIANO ARIEL,32,32.7
LUCIO JESUS,32,60.8
LUIS ALONZO,32,37.6
LUIS CANDELAS,32,59.2
LUIS HERIBERTO,32,55.6
MAHAD,32,15.5
MAMADOU MOUSSA,32,32.3
MANSA,32,31.2
MANUEL GILBERTO,32,54.1
MANUEL RUFINO,32,61.3
MARC ORIOL,32,31.3
MARCELINO LUIS,32,67.4
MARCELO AGUSTIN,32,38.1
MARCIAL FRANCISCO,32,58.8
MARCO CESAR,32,45.4
MARCOS EUGENIO,32,46.2
MARCOS FELIX,32,42.6
MARIAN CONSTANTIN,32,39.7
MARIAN MADALIN,32,34.5
MARIANO JOAQUIN,32,50.0
MARIO ARIEL,32,37.4
MARIO CARMELO,32,54.4
MARIO LEONARDO,32,41.1
MARLON FABIAN,32,30.8
MARLON FRANCISCO,32,39.8
MARLON IVAN,32,37.6
MARTIN LEANDRO,32,32.8
MARVIN ALEXIS,32,37.7
MATEO VALENTINO,32,7.8
MATIJA,32,26.4
MAWLOUD,32,37.3
MAXIMINO ANTONIO,32,64.6
MAXIMINO MANUEL,32,59.4
MAXIMO DAVID,32,30.0
MELVIN JOSE,32,32.6
MICHAEL CHRISTIAN,32,49.8
MICHAEL SEBASTIAN,32,28.4
MIGUEL ANGELES,32,55.8
MIGUEL GUSTAVO,32,46.8
MIGUEL SERAFIN,32,50.6
MILTON ALFREDO,32,45.3
MIQUEL RAMON,32,52.3
MIRCEA CRISTIAN,32,37.5
MOHAMED AMEN,32,13.3
MOHAMED ILIAS,32,19.6
MOHAMED YAHDIH,32,38.6
MOHAMMAD IBRAHIM,32,17.0
MOSSAB,32,17.0
MOUSAAB,32,13.8
MUHAMMAD ARIF,32,49.5
MUHAMMAD HADI,32,6.9
MUHAMMAD SULEMAN,32,20.6
MUHAMMAD ZAHID,32,42.0
NALU,32,5.9
NAR,32,34.5
NASRULLAH,32,42.2
NAVPREET,32,22.9
NELSO,32,57.1
NELSON FELIPE,32,40.0
NEPTALI,32,56.7
NESTOR RICARDO,32,47.8
NICOLAE CONSTANTIN,32,43.1
NICOLAE IONUT,32,34.8
NICOLAS ALONSO,32,23.0
NICOLAS JULIAN,32,34.3
NICOLAS RUBEN,32,35.2
NICOLAS STEVEN,32,21.5
NOAH DANIEL,32,5.9
NOUR ISLAM,32,13.6
NOUREDIN,32,43.2
NUNO JOSE,32,42.7
OMAR ALI,32,26.9
OMAR LUIS,32,41.9
OMAR ORLANDO,32,48.0
OMAR SEBASTIAN,32,27.7
OROSIO,32,72.3
OSCAR CESAR,32,58.7
OSCAR OSVALDO,32,50.6
OSCAR STEVEN,32,27.0
OSWALDO ANDRES,32,32.1
OTNIEL,32,27.1
PARVEEN,32,38.8
PARVIZ,32,57.0
PATRICK DAVID,32,29.5
PAUL CHARLES,32,66.3
PAYAM,32,43.5
PEDRO ANDRE,32,31.7
PEDRO ARIEL,32,37.7
PEDRO LUCIANO,32,53.9
PEDRO TEODORO,32,61.6
PERVAIZ,32,47.4
PETAR IVANOV,32,51.2
PIERANGELO,32,52.8
PIERRE ANDRE,32,59.2
QUINO,32,14.5
RADKO,32,50.9
RADU CRISTIAN,32,38.3
RAFAEL CESAR,32,55.3
RAMON AURELIO,32,58.8
RAMON CRISTOBAL,32,56.6
RANVEER,32,12.0
RARES STEFAN,32,13.9
RAUL HECTOR,32,61.8
RAUL LEONARDO,32,45.0
RAUL MARIANO,32,49.0
RENATO ANTONIO,32,41.1
RENE FERNANDO,32,44.9
RENE ORLANDO,32,52.3
RICARDO ANIBAL,32,49.8
RICARDO JOEL,32,24.0
RICHARD ALEXIS,32,32.2
ROBERT MARTIN,32,57.2
ROBERT THOMAS,32,64.1
ROCKY,32,32.6
RODOLF,32,57.4
RODOLFO VALENTIN,32,58.3
RODRIGO ANGEL,32,31.9
ROLANDO RAFAEL,32,45.2
ROMAN DAVID,32,35.4
ROMAN JAVIER,32,47.6
RONALD JAMES,32,72.7
RONEL,32,38.4
RUBEN HECTOR,32,59.8
SAHIBJOT,32,8.8
SAMAI,32,20.9
SAMUEL MARTIN,32,26.7
SARDAR,32,47.7
SAVIO,32,28.2
SEBASTIAN DOMINGO,32,53.5
SEBASTIAN VICENTE,32,44.9
SEGUNDO ALFONSO,32,55.7
SEGUNDO JORGE,32,58.0
SEIDU,32,34.5
SERAFIN FRANCISCO,32,59.2
SERGIO ALVARO,32,40.6
SERGIO JUNIOR,32,16.8
SERGIO LEANDRO,32,29.0
SERGIO LORENZO,32,47.8
SERGIO MARIANO,32,43.4
SERGIO MOISES,32,37.6
SHABIR,32,50.5
SHU,32,32.6
SIDALI,32,32.4
SILLY,32,31.1
SIMON JAVIER,32,47.8
SITA,32,34.3
SIXTO ANTONIO,32,56.6
SOKOL,32,45.0
STARLING,32,28.0
STEBAN,32,18.7
STEFAN ALIN,32,33.6
STEFAN SEBASTIAN,32,26.1
STEPHEN THOMAS,32,59.9
SUKHCHAIN,32,35.1
SURJEET,32,42.3
TAKASHI,32,54.3
TALAT,32,45.3
TELM,32,27.8
TEMURI,32,29.3
THIAGO FELIPE,32,7.7
THIAGO FRANCISCO,32,7.9
THIAGO HENRIQUE,32,29.6
THIERNO MAMADOU,32,32.7
TOMAS AUGUSTO,32,34.4
TOMAS ROBERTO,32,46.7
TOUBA,32,40.3
URBANO MANUEL,32,63.4
URSINO,32,68.9
UYI,32,45.2
VASILE IULIAN,32,42.5
VELIZAR,32,35.2
VICENT RAMON,32,57.5
VICENTE VICTOR,32,58.1
VIOREL VASILE,32,48.8
VIRENDER,32,34.5
VLAD IOAN,32,20.8
WALTER RAFAEL,32,45.1
WALTER RICARDO,32,47.2
WENQIANG,32,33.2
WILDER ANDRES,32,33.8
WILFREDO ENRIQUE,32,42.6
WILHELMUS JOHANNES,32,67.3
WILMER PATRICIO,32,41.5
WILSON MIGUEL,32,38.4
WILSON RAMIRO,32,47.3
XAVIER JESUS,32,30.2
XIAOLIN,32,44.8
XICU,32,19.7
YAHOR,32,26.0
YENIER,32,37.9
YIMMY,32,42.2
YIN,32,36.3
YOSNIEL,32,36.1
YOSVEL,32,39.8
YOUSOUF,32,29.3
YOVANNI,32,39.3
YUL,32,15.3
YUNLONG,32,38.8
ZAKA,32,42.9
ZAN,32,32.4
ZAUR,32,43.3
ZHIJUN,32,44.0
ZIQI,32,18.6
AARON JAMES,31,25.4
ABAD,31,52.9
ABDALLA,31,37.5
ABDEL LATIF,31,44.1
ABDELOUAHHAB,31,41.2
ABDENNAIM,31,43.0
ABDO,31,42.0
ABDOUL WAHAB,31,33.1
ABDUL BASIT,31,18.8
ABDUL RAFAY,31,10.0
ABELARD,31,54.5
ABRAHAM ENRIQUE,31,26.7
ABRAHAN JESUS,31,28.2
ABULAI,31,27.0
ADAY DAVID,31,25.6
ADELTO,31,56.5
ADONEY,31,12.7
ADRIAN MOISES,31,28.0
ADRIANUS,31,65.8
AGUSTIN ALFREDO,31,47.4
AGUSTIN DAMIAN,31,46.9
AHMED SALEK,31,43.2
AILTON,31,45.3
ALADDIN,31,15.8
ALADIN,31,28.2
ALAN ALBERTO,31,28.4
ALBERTO FEDERICO,31,48.6
ALBERTO JOSUE,31,27.9
ALBERTO PASCUAL,31,55.1
ALBIN,31,39.3
ALEJANDRO BENITO,31,47.8
ALEJANDRO BENJAMIN,31,34.8
ALEJANDRO PASCUAL,31,34.0
ALEJANDRO PAUL,31,24.2
ALEJO NICOLAS,31,23.8
ALEKSEJ,31,40.6
ALESSANDRO GABRIEL,31,14.2
ALESSANDRO JESUS,31,13.1
ALEXANDER RICHARD,31,32.9
ALEXANDRU NICUSOR,31,24.3
ALEXIS RICARDO,31,33.3
ALFREDO AUGUSTO,31,53.5
ALFREDO SALVADOR,31,56.5
ALFREDO SANTIAGO,31,56.5
ALIN ADRIAN,31,40.4
ALPER,31,35.7
ALVARO EZEQUIEL,31,27.2
AMBROSIO JESUS,31,54.3
ANDERSON FERNANDO,31,26.7
ANDREE,31,29.8
ANDREI EDUARD,31,17.7
ANDREI SORIN,31,25.3
ANDRES CRISTOBAL,31,47.7
ANDRES PASCUAL,31,53.0
ANDY JOSUE,31,21.3
ANEL,31,27.8
ANGEL AITOR,31,28.9
ANGEL BAUTISTA,31,49.1
ANGEL GASPAR,31,54.6
ANKUSH,31,27.8
ANMOLPREET,31,19.5
ANSELMO MANUEL,31,59.3
ANTHONY ALBERTO,31,25.3
ANTONIO LAUREANO,31,56.5
ANTONIO OMAR,31,43.2
ANTONY DANIEL,31,23.2
ANTONY JOHN,31,61.7
ARGIDER,31,25.9
ARISTIDE,31,46.4
ARLEY JESUS,31,47.0
ARMANDO RAMON,31,54.8
ARSHDEEP SINGH,31,22.6
ARSHMAN,31,5.6
ARTURO PABLO,31,44.3
ARTURO SANTIAGO,31,45.6
ASAD ULLAH,31,27.9
ASHWANI,31,43.5
AUGUSTO FERNANDO,31,45.0
AVETIK,31,45.9
AXEL SEBASTIAN,31,15.2
BABIL,31,51.0
BADRE EDDINE,31,31.5
BADREDIN,31,27.7
BENJAMIN ALBERTO,31,38.6
BENJAMIN JAVIER,31,37.1
BERK,31,23.6
BERNADI,31,44.1
BEYMAR,31,28.4
BISMAR,31,38.0
BOGDAN CATALIN,31,34.4
BRUNO ANDRE,31,34.6
BRYAN MICHAEL,31,29.2
BRYAN STALIN,31,27.5
CAMILO IGNACIO,31,30.0
CARLOS CAYETANO,31,49.2
CARLOS LAZARO,31,45.0
CARLOS SERAFIN,31,51.8
CELESTINO ANTONIO,31,61.7
CHARLES JOHN,31,59.7
CHENGYI,31,25.2
CHRISTIAN RUBEN,31,37.5
CHUNSHENG,31,53.6
CIPRIAN NICOLAE,31,41.0
CLAUDIU STEFAN,31,32.7
CONSTANTIN OVIDIU,31,43.8
CORNEL DANIEL,31,41.0
COULIBALY,31,36.8
CRISTHIAN LEONARDO,31,29.7
CRISTHIAN PAUL,31,30.3
CRISTIAN IULIAN,31,31.5
CRISTIAN JUNIOR,31,21.4
CRISTIAN VICENTE,31,36.6
CRISTOFHER,31,31.2
DANIEL CRISTOBAL,31,39.2
DANILO JAVIER,31,36.4
DARA,31,32.0
DARECK,31,8.5
DARIO RAFAEL,31,31.6
DARIUS MARIAN,31,16.8
DARWIN LEONARDO,31,36.4
DARWIN ORLANDO,31,41.2
DASHIELL,31,13.7
DAVID EDUARD,31,20.7
DAVID ELOY,31,38.2
DAVID ISIDRO,31,42.8
DAVID ROMAN,31,44.8
DEI,31,28.5
DEIAN,31,15.0
DEYVI,31,30.9
DIABEL,31,46.1
DIEGO PASCUAL,31,42.7
DILAN STIVEN,31,15.5
DILYAN,31,40.0
DIMAS MANUEL,31,51.0
DIPA,31,33.4
DJALAL,31,33.2
DJIGUIBA,31,41.8
DOMINGOS MANUEL,31,54.8
DONGSHENG,31,45.1
DOUGLAS EDUARDO,31,33.2
DRAGOS STEFAN,31,24.1
DUMITRU IOAN,31,44.6
DYLAN ENRIQUE,31,7.5
DYLAN RAFAEL,31,8.4
EDDY ALEJANDRO,31,26.1
EDDY FERNANDO,31,39.0
EDISON LEONARDO,31,39.7
EDUARDO HENRIQUE,31,30.8
EDUARDO ISRAEL,31,39.9
EDUARDO OMAR,31,54.6
EDWIN GERARDO,31,40.8
EDWIN LEANDRO,31,32.5
EDWIN RENE,31,43.2
EILAN,31,4.4
EITHAN DAVID,31,3.2
EL HAFED,31,40.7
EL HAMID,31,58.1
EL HAOUARI,31,50.7
ELGUJA,31,48.5
ELIAN GABRIEL,31,9.3
ELIAS JUAN,31,57.7
ELISEY,31,14.3
ELKIN ANDRES,31,34.3
ELVIS DAVID,31,30.2
EMANUIL,31,29.2
EMILIO FELIX,31,61.4
EMON,31,26.8
ENDERSON JOSE,31,31.5
ENECO,31,22.8
ENRIQUE DIEGO,31,49.7
ENRIQUE OMAR,31,48.9
ENSA,31,33.3
ENZO MATIAS,31,15.7
ERALDO,31,48.9
ERIC CRISTIAN,31,20.7
ERIC FRANCISCO,31,30.3
ERICK JUNIOR,31,27.2
ESTEBAN RAUL,31,41.7
EVELIO ANTONIO,31,55.3
FAUSTO MANUEL,31,51.1
FEDERICO RAUL,31,44.5
FELIBERTO,31,58.2
FELIPE PEDRO,31,60.0
FELIPE ROBERTO,31,57.3
FELIX DAMIAN,31,49.6
FELIX IVAN,31,43.8
FERNANDO ANDRE,31,27.1
FERNANDO LUCAS,31,49.0
FERNANDO SANTOS,31,59.5
FLORENTINO MANUEL,31,61.7
FRANCISCO BALTASAR,31,58.7
FRANCISCO BASILIO,31,56.0
FRANCISCO NOEL,31,39.9
FRANCISCO RUFINO,31,61.5
FRANCO LUCIANO,31,31.0
FRANCO TOMAS,31,24.1
FRANK REINALDO,31,45.6
FRANKLIN JOSUE,31,26.6
FREDDY JUNIOR,31,30.1
FREDDY ROLANDO,31,45.9
FREDESVINDO,31,67.0
FREDY MAURICIO,31,43.1
FREDY RAMON,31,40.4
GABRIEL MOISES,31,27.2
GARY ROBERT,31,59.4
GASTON MAXIMILIANO,31,40.9
GEOVANI,31,32.6
GERARDO DAMIAN,31,46.1
GEZA,31,52.0
GHARIB,31,36.9
GIL MANUEL,31,56.0
GIOVANNI ALEJANDRO,31,27.3
GREGORIO ALFONSO,31,55.2
GRYGORII,31,47.5
GUIDO FERNANDO,31,44.2
GUILLEM JOAN,31,40.3
GUSTAVO HORACIO,31,56.4
GUSTAVO RENE,31,40.3
GUSTAVO SERGIO,31,54.3
HALID,31,35.4
HAO XUAN,31,10.3
HAOCHENG,31,16.1
HARINDER,31,40.6
HAROLD ALEJANDRO,31,26.0
HECTOR EFRAIN,31,50.5
HECTOR ESTEBAN,31,44.8
HECTOR TOMAS,31,39.2
HECTOR XAVIER,31,34.0
HELDER FILIPE,31,40.3
HOMAR,31,35.3
HORACIO MIGUEL,31,52.0
HORDII,31,8.5
HOUSSA,31,45.4
HUGO DARIO,31,43.8
HUGO FERNEY,31,47.6
HUGO FILIPE,31,33.9
HUGO TOMAS,31,28.2
HUMBERTO MIGUEL,31,46.6
IBRAIN,31,34.2
IGNACIO ADRIAN,31,36.2
IGNACIO BORJA,31,42.2
IGNACIO GERMAN,31,43.0
IGNACIO GREGORIO,31,53.6
IGNACIO GUILLERMO,31,52.8
IGNACIO MARIANO,31,49.1
IGNACIO PASCUAL,31,45.7
IGON,31,44.2
IHDIH,31,50.5
IKER XABIER,31,29.1
ILARION,31,35.6
ILIE ADRIAN,31,38.7
IMADEDDINE,31,26.3
IOAN VALENTIN,31,40.8
ION IMANOL,31,47.9
ISAIAS ANTONIO,31,45.1
ISIDORO LUIS,31,63.3
ISIDRO DANIEL,31,39.3
ISIDRO FERNANDO,31,60.4
ITZEL,31,14.6
IÑIGO XABIER,31,40.0
JACKY,31,38.5
JAIME ISMAEL,31,37.9
JAIRO GABRIEL,31,31.0
JAMES STUART,31,56.3
JASPAL SINGH,31,40.6
JAVIER MARIO,31,48.1
JAZAEL,31,22.5
JHON ALBERT,31,32.1
JHON BRANDON,31,22.4
JHON EDUARDO,31,34.8
JHON ESTIVEN,31,25.6
JHONATAN FERNANDO,31,30.1
JHONNY ANTONIO,31,44.5
JINJIE,31,29.6
JINPENG,31,24.4
JOAN AGUSTI,31,51.8
JOAN ALEXANDRE,31,35.0
JOAN DIDAC,31,37.4
JOAN FELIPE,31,22.9
JOAN ISAAC,31,33.2
JOAO AUGUSTO,31,53.5
JOAQUIN ALEXANDER,31,23.2
JOAQUIN AUGUSTO,31,37.9
JOEL ERNESTO,31,35.7
JOEL ISAAC,31,31.0
JOEL MIGUEL,31,23.4
JOEL NICOLAS,31,20.2
JOEL RICARDO,31,34.2
JOHAN FRANCISCO,31,30.1
JOHN HOWARD,31,72.1
JOHN SAMUEL,31,44.6
JOHNNY EDUARDO,31,45.0
JOMAR,31,33.3
JONATAN FRANCISCO,31,37.2
JORGE AMADO,31,43.5
JORGE BARTOLOME,31,51.5
JORGE CHRISTIAN,31,41.0
JORGE LUCIANO,31,48.7
JORGE OLMEDO,31,48.6
JORGE VIDAL,31,49.7
JOSE ALAIN,31,43.5
JOSE BELISARIO,31,62.0
JOSE CARLO,31,30.2
JOSE EDINSON,31,46.3
JOSE EULALIO,31,53.9
JOSE LIBERTO,31,63.1
JOSE MARIA LUIS,31,74.7
JOSE PATROCINIO,31,64.0
JOSE PORFIRIO,31,53.1
JOSE SEVERO,31,62.6
JOSE VALERO,31,63.6
JOSEP MARTI,31,40.5
JOSEP VICENÇ,31,58.0
JOSEPH ANTONIO,31,27.3
JOSEPH PAUL,31,41.8
JUAN FELICIANO,31,56.5
JUAN HERNAN,31,48.0
JUAN JOSEP,31,64.0
JUAN NOEL,31,43.8
JUAN PELAYO,31,38.5
JUAN STEVEN,31,22.5
JULIAN ALONSO,31,38.3
JULIAN JORGE,31,56.4
JULIO GUSTAVO,31,48.1
JUNHUI,31,27.5
JUSTO JUAN,31,56.9
KARAPET,31,47.3
KELVIN JOEL,31,26.7
KENNETH ROBERT,31,64.3
KILIAN DAVID,31,22.3
KLAUS JURGEN,31,73.6
KULWINDER SINGH,31,38.4
LARS ERIK,31,68.1
LAURENTIU MARIUS,31,35.8
LEANDRO GASTON,31,38.8
LEHCEN,31,42.6
LEON MANUEL,31,43.0
LEONARDO ANDRE,31,23.0
LICER,31,33.4
LINJIE,31,31.2
LIONEL JOSE,31,23.2
LISHENG,31,47.8
LLOYD,31,43.9
LORENZO SANTIAGO,31,52.4
LUCAS ALFONSO,31,31.6
LUCAS GERMAN,31,33.4
LUCAS PEDRO,31,36.4
LUCIAN GABRIEL,31,30.0
LUCIAN NICOLAE,31,42.0
LUDIVINO,31,74.9
LUIS ARSENIO,31,54.8
LUIS HUGO,31,48.7
LUIS ISIDORO,31,56.7
LUIS MARCO,31,37.5
LUIS RIGOBERTO,31,55.6
LUIS VENANCIO,31,63.7
LYAZID,31,50.5
MAISSA,31,35.0
MALCOLM JAMES,31,68.3
MAME THIERNO,31,30.9
MANJINDER SINGH,31,32.3
MANUEL ALBINO,31,66.1
MANUEL EFRAIN,31,47.2
MANUEL FLORENTINO,31,65.3
MANUEL GUMERSINDO,31,65.0
MANUEL HECTOR,31,51.9
MANUEL JUNIOR,31,14.3
MANUEL NORBERTO,31,57.2
MANUEL ROLANDO,31,50.3
MANZOOR,31,57.2
MARC ANDREI,31,10.4
MARC OLIVER,31,41.6
MARCELO ALEXANDER,31,26.0
MARCELO ESTEBAN,31,46.6
MARCO ALFREDO,31,44.2
MARCO JULIO,31,45.5
MARCO RAFAEL,31,30.0
MARIAN IULIAN,31,35.8
MARIO ABEL,31,46.4
MARIO ANIBAL,31,53.3
MARIO ISMAEL,31,45.3
MARIO PABLO,31,39.1
MARIUS EUGEN,31,41.4
MARK PHILIP,31,45.8
MARKIIAN,31,14.4
MARLON MAURICIO,31,34.8
MARTIN DAMIAN,31,40.1
MARTIN WILLIAM,31,59.8
MARY,31,35.3
MATIAS MARTIN,31,37.1
MATIAS OSCAR,31,37.5
MAURICIO ALFREDO,31,48.3
MAURICIO ROBERTO,31,44.7
MAURO AGUSTIN,31,32.3
MAURO FERNANDO,31,38.5
MAURO FRANCISCO,31,36.8
MAURO LUIS,31,39.4
MAXIMILIANO SEBASTIAN,31,35.4
MAXIMO ANGEL,31,56.4
MBENGUE,31,35.4
MD SAIFUL,31,34.3
MELVYN,31,60.7
METODIO,31,69.9
MICHAEL BRIAN,31,44.4
MICHAEL IAN,31,59.4
MICHAEL LESLIE,31,65.0
MICHAEL PHILIP,31,54.4
MICHAEL STUART,31,55.2
MIGUEL AMADOR,31,53.3
MIGUEL LUCIANO,31,56.2
MIGUEL YERAY,31,37.5
MIKEL ANGEL,31,28.3
MIRCEA ADRIAN,31,42.8
MOHAMED ELAMINE,31,26.9
MOHAMED ISMAEL,31,17.1
MONIM,31,28.8
MONSSEF,31,24.3
MUHAMMAD ISA,31,4.1
MUHAMMAD SALMAN,31,30.1
MUHAMMAD SHAHBAZ,31,43.0
MUZAMMIL,31,30.2
NADI,31,39.5
NAO,31,13.3
NARESH KUMAR,31,45.6
NASREDDIN,31,22.3
NAVRAJ,31,13.4
NECULAE,31,59.2
NESTOR ARIEL,31,37.8
NICOLAAS,31,62.1
NICOLAE CIPRIAN,31,40.7
NICOLAS ARMANDO,31,36.8
NICOLAS BARI,31,36.1
NICOLAS DARIO,31,36.0
OCTAVIO DAVID,31,39.6
OIAN,31,18.2
OLALLO,31,61.4
OLIVER SANTIAGO,31,21.0
OLIVIO,31,55.7
OMAR ALONSO,31,39.3
OMAR ARTURO,31,43.2
OMAR IVAN,31,42.0
OMRAN,31,20.0
OSAGIE,31,41.5
OSCAR EDGARDO,31,42.6
OSCAR GIOVANNY,31,39.2
OSCAR XAVIER,31,38.8
OVIDIU ADRIAN,31,41.0
OVIDIU ANDREI,31,29.5
OVIDIU MARIAN,31,37.3
OZIEL,31,23.1
PABLO CARMELO,31,50.3
PABLO FIDEL,31,47.9
PATRICIO DAVID,31,35.4
PAUL ESTEBAN,31,31.8
PAULO DANIEL,31,35.8
PEDRO EMANUEL,31,26.7
PEDRO OCTAVIO,31,51.3
PEDRO RENE,31,44.0
PETAR GEORGIEV,31,42.4
PETRU FLORIN,31,43.3
PLAMEN IVANOV,31,47.7
PRITPAL,31,37.1
PUIU,31,51.7
QUIMEY,31,15.3
RAFAEL ALEXANDRE,31,26.0
RAFAEL JERONIMO,31,51.5
RAFAEL MAURICIO,31,42.5
RAFAEL OCTAVIO,31,49.4
RAIYAN,31,7.4
RAMON GERARDO,31,65.9
RAMON MARCOS,31,58.7
RAUL FELIX,31,51.3
RAZZAQ,31,49.3
RENE MAURICIO,31,46.6
RENZO PAOLO,31,30.8
RICARDO DIEGO,31,47.2
RICARDO GUSTAVO,31,53.5
RICARDO HECTOR,31,62.8
RICHARD JOSEPH,31,58.3
RICHARD OMAR,31,42.3
RINO,31,57.4
ROBERT ARTHUR,31,64.7
ROBERT JAVIER,31,37.1
ROBERTO GREGORIO,31,55.7
ROBERTO MATIAS,31,36.6
ROGER WILLIAM,31,68.4
RONALD RAFAEL,31,36.1
ROYER,31,31.0
RUBEN ALEXANDRE,31,28.7
RUBEN DOMINGO,31,48.7
RUBEN GUSTAVO,31,47.7
SADIEL,31,28.0
SAFI,31,36.8
SALECK,31,44.0
SALVADOR DOMINGO,31,57.5
SALVADOR EMILIO,31,53.1
SAMUEL BENJAMIN,31,22.4
SAMUEL TOMAS,31,25.4
SANTIAGO LEONEL,31,17.4
SANTIAGO MARCELO,31,38.6
SANTIAGO MATHIAS,31,11.0
SANTOS ANDRES,31,57.1
SATURNINO JOSE,31,62.5
SEBASTIAN ALEXANDRU,31,17.2
SEBASTIAN AUGUSTO,31,29.8
SEBASTIAN ROBERTO,31,36.2
SECUNDINO JOSE,31,62.3
SERGIO CARMELO,31,51.1
SERGIU MIHAI,31,32.8
SERIGNE KHADIM,31,28.0
SHIVA,31,28.2
SIDONIO,31,62.4
SILVIO ALEJANDRO,31,43.9
SIMON LUIS,31,44.0
SIMON RICHARD,31,57.8
SOLO,31,36.8
SOUHEIL,31,35.1
SPYRIDON,31,43.8
STIVAN,31,19.2
SUSTRAI,31,11.2
TAUFIK,31,30.9
TEODORICO,31,65.2
TEXENERY,31,33.8
THEOPHILUS,31,31.9
THOMAS ANDREW,31,39.6
TIANXIANG,31,24.0
TOMAS NAHUEL,31,22.5
TROY,31,23.4
ULISES JESUS,31,40.4
UNAIS,31,8.8
VADIMS,31,41.5
VAHRAM,31,43.7
VALENTIN RAMON,31,61.8
VASILE DAN,31,44.1
VERIDIANO,31,70.3
VICENTE GERMAN,31,58.5
VICENTE GUILLERMO,31,55.6
VICTOR ALEXANDRE,31,32.8
VICTOR ALEXANDRU,31,20.0
VIOREL CRISTIAN,31,42.7
VLAD GABRIEL,31,18.7
VLADIMIR ALEXANDER,31,35.2
WALDINO,31,64.3
WEIHUA,31,46.2
WIGBERTO,31,60.0
WILLIAM FELIPE,31,32.3
WILLIAM MARTIN,31,53.0
WILLIAM RICHARD,31,53.0
WILLIAN ANTONIO,31,41.9
WILLINTON,31,41.3
WILMER OMAR,31,40.4
XAVIER DAVID,31,28.7
XIANGDONG,31,51.7
XIANJUN,31,45.5
XINHUA,31,51.3
XOSE ANTONIO,31,56.6
YAKOV,31,26.7
YANSEL,31,30.4
YAREI,31,12.0
YAVE,31,34.0
YERANDY,31,34.8
YESHUA,31,14.1
YONGQING,31,47.9
YORMAN,31,29.9
YOSYP,31,58.0
YOUSIF,31,44.9
YU CHEN,31,9.9
YUFEI,31,31.7
YUNFEI,31,35.9
YURIAN,31,20.2
YUSSIF,31,32.5
ZHIXIN,31,34.3
ZIJIE,31,19.7
ZILVINAS,31,44.6
AARON EZEQUIEL,30,15.3
ABDEL MAJID,30,37.8
ABDELHILAH,30,42.1
ABDENAJI,30,43.2
ABEL MARIA,30,49.9
ABELARDO JESUS,30,48.0
ABRAN,30,27.5
ADLANE,30,37.9
ADOLFINO,30,56.8
ADRIAN ALESSANDRO,30,11.1
ADRIAN IONEL,30,35.2
ADRIAN LUCIAN,30,34.5
ADRIAN MARCEL,30,41.2
ADRIAN VICTOR,30,39.3
ADRIEL JOSE,30,10.6
AGUSTIN GREGORIO,30,61.4
AHMED YASSIN,30,13.5
AIETZ,30,6.5
AIVARAS,30,35.2
ALAN ALEJANDRO,30,20.2
ALAN RAFAEL,30,25.9
ALBERT ANTONI,30,40.8
ALBERT LUIS,30,26.0
ALBERTO ALEXIS,30,45.4
ALBERTO VICTOR,30,57.7
ALDRIC,30,28.3
ALEJANDRO LORENZO,30,37.2
ALEJANDRO XAVIER,30,20.9
ALEXANDER IVAN,30,31.5
ALEXANDER JOEL,30,25.6
ALEXANDER JOSEPH,30,31.9
ALEXANDRU FLORIAN,30,32.8
ALEXIS EZEQUIEL,30,28.2
ALEXIS OMAR,30,35.6
ALEXIS RODRIGO,30,32.2
ALFONSO MARIO,30,55.2
ALFONSO PASCUAL,30,56.0
ALFONSO RAUL,30,46.3
ALFREDO ALEXANDER,30,31.8
ALFREDO RUBEN,30,48.1
ALIM,30,27.5
ALMAMO,30,37.3
ALVARO ISIDRO,30,38.5
ALVARO LEONARDO,30,35.4
AMADOR MANUEL,30,58.5
AMADOU DIOULDE,30,34.2
AMIR HOSSEIN,30,40.3
ANAR,30,30.1
ANDRES FELIX,30,61.4
ANDRES ISRAEL,30,37.3
ANDRES MARCOS,30,52.5
ANDRES OMAR,30,35.4
ANDY ALEXANDER,30,25.0
ANDY MANUEL,30,23.6
ANGEL EMMANUEL,30,23.9
ANGEL LAZARO,30,50.5
ANGEL MARCIAL,30,56.0
ANGEL OCTAVIO,30,52.2
ANGELO ANDRES,30,26.5
ANIBAL ALEJANDRO,30,31.9
ANISH,30,27.7
ANSELMO JAVIER,30,55.8
ANTHONY MATEO,30,8.0
ANTONIO ALEJO,30,53.2
ANTONIO BALTASAR,30,59.5
ANXO MANUEL,30,33.4
APOSTOLOS,30,41.3
ARMIDE,30,32.9
ARTURO JORGE,30,50.5
ARTURO MARIA,30,54.1
ASAHEL,30,22.1
AURANGZEB,30,49.6
AURO,30,20.7
AXEL GAEL,30,4.0
AYUR,30,7.2
AYUSH,30,18.7
AZAMAT,30,34.2
BALINT,30,30.5
BALWANT,30,48.0
BAPTISTA,30,49.8
BASIROU,30,29.7
BEHZAD,30,46.8
BELAHOUEL,30,45.4
BENIAMINO,30,54.2
BENJAMIN THOMAS,30,30.5
BENTOREY,30,29.3
BITOR,30,34.5
BLAGOVEST,30,34.9
BRETT,30,45.2
BREYNER,30,28.7
BRUNO GAEL,30,5.8
CALEB DAVID,30,8.8
CARLES MIQUEL,30,40.2
CARLOS CRUZ,30,50.2
CARLOS HERMINIO,30,53.8
CARLOS LEON,30,44.8
CARLOS MARCELINO,30,56.2
CARLOS VENTURA,30,48.1
CEDRICK,30,19.9
CESAR CAMILO,30,33.7
CESAR MATIAS,30,25.0
CESAR MOISES,30,38.6
CESAR ROLANDO,30,44.1
CHANGCHUN,30,51.1
CHRISTIAM,30,31.7
CHRISTIAN ARTURO,30,38.2
CIPRIANO JESUS,30,58.1
CLAUDIU GHEORGHE,30,43.0
CRISTHIAN RAUL,30,33.7
CRISTOBAL CARLOS,30,53.8
CRUZ ANTONIO,30,55.3
DALJEET,30,37.7
DAMIAN ANGEL,30,51.8
DAN MIHAI,30,43.9
DANIEL DAMIAN,30,41.2
DANIEL HERNANDO,30,37.4
DANIEL LEE,30,36.7
DARIUSH,30,34.7
DARWIN FRANCISCO,30,38.1
DAWIT,30,19.9
DEMETRIO ANTONIO,30,52.7
DENIS FRANCISCO,30,33.4
DENIS JOSUE,30,26.1
DENIS VALENTIN,30,17.9
DIEGO CRISTIAN,30,36.2
DIMAS JESUS,30,46.3
DOMINGO ALFREDO,30,59.8
DOMINGO IVAN,30,43.3
DOUGLAS ALEJANDRO,30,29.5
DRAGOS ADRIAN,30,34.2
DRAGOS NICOLAE,30,37.3
DYLAN ARIEL,30,9.1
DYLAN MICHAEL,30,15.8
EDDY ALBERTO,30,41.6
EDELBERTO,30,56.1
EDIEL,30,18.0
EDWARD ALBERTO,30,37.0
EDWARD JAVIER,30,38.8
EDWARD JOSEPH,30,45.2
EGHOSA,30,27.3
EL FADIL,30,50.1
EL HADJI MAMADOU,30,38.4
ELADIO MIGUEL,30,59.2
ELIAS VICENTE,30,52.9
ELIEZER ANTONIO,30,31.9
ELKIN JESUS,30,51.3
ELSON,30,40.9
EMILIANO AGUSTIN,30,37.1
EMILIO DOMINGO,30,50.6
ENIS,30,24.5
ENRIQUE FELIPE,30,57.4
ENRIQUE MOISES,30,48.2
ERIC FERNANDO,30,31.6
ERIC SEBASTIAN,30,20.5
ERICK GAEL,30,6.1
ERICK MATEO,30,10.0
ERICK RICARDO,30,30.4
ERIK SAMUEL,30,15.2
ESTEBAN ALEXANDER,30,21.9
EULOGIO JESUS,30,57.4
EVANDER,30,14.7
EVER ALEXANDER,30,26.3
EZEQUIEL FERNANDO,30,36.9
EZEQUIEL MANUEL,30,41.4
FABIAN ARTURO,30,37.4
FABIAN DANIEL,30,21.6
FABIO FERNANDO,30,41.0
FABRICIO DANIEL,30,24.1
FABRIZIO ALEJANDRO,30,18.0
FADILI,30,38.3
FAHMI,30,39.7
FAUSTO RODRIGO,30,52.1
FAVIAN,30,32.5
FAWAD,30,31.9
FELIPE JORGE,30,51.1
FELIPE SEGUNDO,30,55.2
FELIX ADOLFO,30,55.8
FELIX CARMELO,30,61.6
FELIX CESAR,30,57.3
FERMIN IGNACIO,30,61.2
FERNANDO JUNIOR,30,28.8
FERNANDO RENE,30,38.4
FIDEL FRANCISCO,30,55.4
FIRMO,30,70.1
FLORENTINO JAVIER,30,55.2
FRANCISCO CELSO,30,67.1
FRANCISCO EMMANUEL,30,23.9
FRANCISCO JABIER,30,59.1
FRANCISCO URBANO,30,59.9
FRANCO EMMANUEL,30,30.4
FRANKLIN LEONARDO,30,41.7
FREDY HERNAN,30,46.9
GABRIEL BENJAMIN,30,23.1
GABRIEL JAVIER,30,43.0
GABRIEL VICTOR,30,43.6
GALO ENRIQUE,30,53.0
GARAY,30,7.9
GARY ANTHONY,30,58.9
GASPAR FRANCISCO,30,56.7
GASTON MATIAS,30,40.0
GAUDIOSO,30,73.3
GAUTAM,30,29.8
GEORGE ANTONIO,30,28.5
GEORGE RAZVAN,30,33.6
GEORGE SEBASTIAN,30,27.6
GEORGI VASILEV,30,42.6
GERARDUS JOHANNES,30,67.3
GERMAIN,30,44.3
GERSON ANDRES,30,34.5
GIANMARIA,30,37.8
GILBERTO RAFAEL,30,43.8
GIOSUE,30,32.8
GIOVANNI DAVID,30,21.6
GOHAN,30,4.7
GONZALO ROBERTO,30,38.8
GRIGOL,30,48.9
GUERY,30,37.4
GUILLERMO MARCELO,30,52.6
GURSHARAN,30,23.4
GURTAJ,30,7.5
GUSTAVO MAURICIO,30,40.1
HANS WERNER,30,65.3
HAOLIN,30,17.6
HAOMING,30,17.1
HARRINSON,30,39.3
HECTOR ISMAEL,30,35.3
HECTOR WILLIAM,30,47.5
HELDER JOSE,30,42.5
HELGE,30,68.8
HENRY JAMES,30,30.5
HERNAN LUIS,30,48.6
HERNAN MATIAS,30,41.3
HERNAN RAFAEL,30,48.4
HERNAN RICARDO,30,47.1
HIGINIO MANUEL,30,59.9
HONGTAO,30,31.2
HUGO GERMAN,30,43.5
HUGO MAURICIO,30,45.1
HUGO PABLO,30,43.2
HUGO SAMUEL,30,26.1
IAGO JOSE,30,23.1
IGNACIO CARMELO,30,56.5
IKER AITOR,30,23.7
IKER ALBERTO,30,17.1
ION BOGDAN,30,39.6
ION COSMIN,30,40.7
ION VALENTIN,30,42.2
ION VIOREL,30,49.4
IONUT OVIDIU,30,36.6
IRENEU,30,22.3
IRENEUSZ,30,49.9
IRINEY,30,13.1
IRTAZA,30,12.4
ISMAEL ADRIAN,30,23.7
ISRAEL ALBERTO,30,45.0
ISRAEL FERNANDO,30,39.9
IULIAN CRISTIAN,30,35.7
IVAN JOAQUIN,30,39.1
IVAN MATEO,30,16.3
JABRANE,30,30.2
JACK MICHAEL,30,26.0
JAIR ALEJANDRO,30,27.3
JAMES STEVEN,30,30.0
JAVIER CAMILO,30,32.8
JAVIER GERMAN,30,50.0
JAVIER OCTAVIO,30,46.0
JEFFERSON ADRIAN,30,28.1
JEFFERSON ENRIQUE,30,29.9
JEISON JOSE,30,31.0
JEISSON STEVEN,30,29.5
JELLE,30,39.5
JESUS ABELARDO,30,56.5
JESUS ANSELMO,30,56.9
JESUS REYNALDO,30,42.0
JESUS RUFINO,30,60.0
JESUS SILVESTRE,30,59.5
JHAMIL,30,24.3
JHON EDISSON,30,37.1
JHON ERIK,30,26.1
JHON FRANKLIN,30,37.3
JHONNY DANIEL,30,33.6
JIAHE,30,16.9
JIANLIANG,30,47.6
JINGWEI,30,43.0
JINYONG,30,43.5
JOAN LLORENÇ,30,44.8
JOAN MATEU,30,36.2
JOAN RAFEL,30,37.5
JOAO MARCELO,30,30.1
JOAO RAFAEL,30,28.6
JOAQUIN ROQUE,30,65.9
JOE LUIS,30,43.3
JOEL ALEXIS,30,23.0
JOFFRE,30,45.6
JOHAN RAFAEL,30,34.3
JOHAN SMITH,30,27.4
JOHN DEREK,30,53.4
JONATHAN EMMANUEL,30,28.7
JONATHAN ERNESTO,30,32.6
JONATHAN MARCELO,30,28.6
JONATHAN ROBERT,30,40.7
JONAY DAVID,30,35.4
JORGE ALIRIO,30,45.3
JORGE JONATHAN,30,37.4
JORGE PAUL,30,38.9
JORGE SEGUNDO,30,55.2
JOSE AGOSTINHO,30,55.9
JOSE MARIA IGNACIO,30,73.3
JOSE ROBINSON,30,44.3
JOSE RONALD,30,39.6
JOSE VALERIO,30,50.3
JOSEP MIGUEL,30,48.2
JOSTIN ALEXANDER,30,17.5
JUAN ARSENIO,30,59.4
JUAN DONATO,30,56.5
JUAN EDGAR,30,45.6
JUAN JOSE LUIS,30,70.8
JUANFRAN,30,9.7
JULIAN ARIEL,30,35.9
JULIAN MARIANO,30,53.3
JULIAN VALENTIN,30,41.5
JULIO DIEGO,30,42.7
JUNIOR MIGUEL,30,26.6
JUSTO FERNANDO,30,58.3
KAPIL,30,35.0
KASEM,30,41.3
KEITH ROBERT,30,72.3
KEITH WILLIAM,30,70.0
KEVIN ALAN,30,40.5
KEVIN PETER,30,57.4
KHVICHA,30,44.1
KULDEEP SINGH,30,35.5
KYAN,30,7.7
LAKHWINDER SINGH,30,38.5
LANDELINO,30,68.4
LAURENTIU ADRIAN,30,35.0
LAZARO DAVID,30,33.9
LEE JAMES,30,47.9
LEONARDO DARIO,30,32.0
LEONARDO PATRICIO,30,45.0
LEONARDO VICENTE,30,43.2
LIAM JOHN,30,25.4
LIAM MATIAS,30,4.6
LIANGLIANG,30,31.5
LICA,30,51.3
LIES,30,52.2
LORENZO EDUARDO,30,45.7
LORENZO FERNANDO,30,51.1
LUCA IOAN,30,8.3
LUCAS CONSTANTIN,30,9.2
LUCIANO LUIS,30,56.7
LUCIO ALBERTO,30,45.6
LUIS KEVIN,30,27.5
LUIS STALIN,30,40.0
MAAZ,30,16.2
MADIBA,30,25.4
MAHAMADOU LAMIN,30,18.8
MAHAMOUDOU,30,31.1
MAIKE,30,30.7
MAMADOU SALIF,30,38.2
MANOJ KUMAR,30,43.5
MANUEL AMADO,30,56.8
MANUEL ARCADIO,30,57.0
MANUEL EFREN,30,48.8
MANUEL HERMINIO,30,62.2
MANUEL JONATHAN,30,41.9
MARCELINO MIGUEL,30,59.7
MARCELO OMAR,30,52.0
MARCO ALEXANDRE,30,41.0
MARCO RAUL,30,42.4
MARCOS ANDRE,30,32.9
MARCOS HUGO,30,47.4
MARCOS ISAAC,30,22.8
MARIAN SORIN,30,39.8
MARIANO HERNAN,30,44.8
MARIANO SALVADOR,30,56.7
MARK PAUL,30,48.8
MARTIN JOSEPH,30,57.2
MARTIN RAUL,30,45.7
MARTIRIAN,30,67.5
MARUF,30,32.4
MASIN,30,7.3
MASSEYE,30,41.9
MATEO ALONSO,30,11.2
MATEO CRISTIAN,30,6.8
MATHIAS ANTONIO,30,11.0
MATHIAS EZEQUIEL,30,17.4
MATHIAS FERNANDO,30,12.5
MATIAS ALONSO,30,16.1
MATIAS MAXIMILIANO,30,36.8
MATIAS PABLO,30,34.5
MATIAS RICARDO,30,33.5
MATIAS RODRIGO,30,27.4
MATTHEW CHARLES,30,42.2
MATUS,30,38.8
MAURICIO ERNESTO,30,40.7
MAURICIO LUIS,30,48.9
MAURO ARIEL,30,35.8
MAURO MARTIN,30,35.6
MAZHAR IQBAL,30,53.2
MEHBOOB,30,38.3
MELVIN JAVIER,30,30.9
MERABI,30,45.4
MIGUEL ROMAN,30,51.6
MIHAI OVIDIU,30,40.3
MIHAI ROBERT,30,28.6
MIHAILS,30,34.5
MIKEL ANDER,30,39.4
MILAN ALEXANDER,30,7.9
MOAYAD,30,13.6
MOAZAM,30,34.6
MODESTAS,30,31.4
MOHAMED ALY,30,38.6
MOHAMED IMRAN,30,7.0
MOHAMED VALL,30,41.2
MOHAMMAD HASSAN,30,31.9
MOUHA,30,43.7
MULAI,30,35.4
MUSHEGH,30,44.7
NAFIA,30,36.4
NASSR EDDINE,30,26.3
NELSON STEVEN,30,27.4
NERIO,30,43.6
NICER,30,11.8
NICODEMO,30,44.8
NICOLAE IULIAN,30,40.3
NICOLAE LUCIAN,30,41.3
NICOLAE VASILE,30,46.7
NICOLAS ERNESTO,30,36.3
NICOLAS SAMUEL,30,21.9
OLES,30,30.4
OLIVER LUIS,30,27.3
OLIVER RAFAEL,30,24.6
OLIVER WILLIAM,30,22.8
OMAR MIGUEL,30,39.9
OMAR RICARDO,30,47.8
ONAY,30,28.0
OSCAR EFREN,30,50.0
OSCAR SERGIO,30,55.7
OSVALDO ENRIQUE,30,56.3
PABLO ALVARO,30,36.4
PABLO LEANDRO,30,33.3
PANFILO,30,63.6
PAPE MALICK,30,26.8
PATEH,30,39.1
PAUL MARIAN,30,34.8
PAUL MIHAI,30,32.3
PAVELS,30,38.2
PAVLE,30,35.9
PEDRO DIONISIO,30,59.0
PEDRO YERAY,30,36.3
PERE XAVIER,30,45.2
PETER FRANCIS,30,68.1
PHILIPPE PIERRE,30,61.9
PIERRE ANTOINE,30,45.9
PLACIDO JESUS,30,53.3
POLICARPIO,30,66.8
PRANAV,30,20.3
QIRUI,30,14.7
QUEL,30,9.9
RACIM,30,16.6
RAFAEL AURELIO,30,53.4
RAJKUMAR,30,55.3
RAMIRO EZEQUIEL,30,33.0
RAMIZ,30,36.4
RAMON CESAR,30,61.7
RAUL MARCOS,30,52.6
RAYYANE,30,11.5
RAZAK,30,35.1
RAZIEL,30,13.9
RENE MANUEL,30,43.3
RICARD JOSEP,30,44.4
RICARDO EMANUEL,30,32.0
RICARDO FEDERICO,30,49.6
RICARDO GERMAN,30,54.2
RICARDO RODRIGO,30,39.9
RICARDO SAMUEL,30,28.7
RICHARD LEONARDO,30,43.3
ROBERT ALBERTO,30,39.9
ROBERT PATRICK,30,58.8
ROBERTO AUGUSTO,30,45.1
ROBERTO BELARMINO,30,55.1
ROBERTO OMAR,30,56.8
ROBERTO XAVIER,30,38.0
RODOLFO MIGUEL,30,53.5
RODRIGO MARCELO,30,39.8
ROGELIO MIGUEL,30,56.9
ROILAN,30,37.6
RONALD FRANCISCO,30,39.8
RONALD JOHN,30,71.0
RUBEN GONZALO,30,41.3
RUBEN MARCELO,30,49.5
SAADEDDINE,30,18.7
SALIU,30,30.3
SALVADOR AGUSTIN,30,45.1
SALVADOR JORGE,30,57.4
SAMA,30,37.8
SAMUEL ALFREDO,30,24.8
SANTHIAGO,30,9.7
SANTIAGO JAIME,30,54.5
SANTIAGO SAMUEL,30,23.1
SEBASTIAN ADOLFO,30,35.3
SEBASTIAN ARTURO,30,23.0
SEBASTIAN MAXIMILIAN,30,33.3
SEGISFREDO,30,67.1
SEGUNDO ANDRES,30,55.6
SEGUNDO GUILLERMO,30,57.6
SENADOR,30,59.6
SERGIO LEON,30,40.5
SERGIO ROLANDO,30,44.9
SERGIU IONUT,30,32.2
SILVESTRE JOSE,30,55.9
SILVIU CONSTANTIN,30,36.1
SIMON MICHAEL,30,48.5
SINUE,30,39.5
SISENANDO,30,66.5
SOHAYL,30,17.1
SON,30,26.8
SORIBA,30,38.4
SOSO,30,41.9
STEPHEN ALEXANDER,30,57.1
STEPHEN CHRISTOPHER,30,57.8
STEVEN ANTHONY,30,50.7
STUART WILLIAM,30,57.0
STYLIANOS,30,39.7
SUNIL KUMAR,30,43.2
TAL,30,36.4
THIAGO NAHUEL,30,10.4
THOMAS BENJAMIN,30,24.8
THOMAS GABRIEL,30,17.4
TOMAS JULIO,30,55.7
TONET,30,23.3
TOR,30,32.4
TOUQEER,30,31.2
TSOTNE,30,21.5
URTATS,30,18.2
VALENTIN ALBERTO,30,52.5
VALENTIN CRISTIAN,30,32.7
VALENTIN PEDRO,30,57.8
VALI,30,40.6
VASSIL,30,55.2
VAZHA,30,40.2
VELICHKO,30,50.4
VICENTE ALEXANDER,30,30.4
VICTOR PAUL,30,32.9
VICTOR ROMAN,30,46.8
VINCE,30,16.0
WALTER HUMBERTO,30,50.7
WALTER PATRICIO,30,47.3
WALTER VINICIO,30,43.4
WILLIAM CAMILO,30,28.4
WILLIAM ESTEBAN,30,32.8
WILLIAM MIGUEL,30,38.1
WILMER MANUEL,30,41.4
WILSON ROBERTO,30,48.7
XABIN,30,44.4
XEBER,30,25.6
XIAOWU,30,45.7
XINJIAN,30,46.9
XINKAI,30,27.6
XOAN MANOEL,30,52.4
XOSE FRANCISCO,30,57.1
XUANYU,30,13.7
YACO,30,23.7
YADER ANTONIO,30,34.3
YADIAN,30,31.1
YAHVE,30,21.8
YANCARLOS,30,28.6
YASSA,30,42.1
YEISON DANIEL,30,28.2
YELYSEI,30,11.2
YIMY,30,38.4
YOBANI,30,31.1
YOUNNES,30,29.4
YSMAEL,30,45.9
ZEHAO,30,18.1
ZHIHUA,30,48.9
ZHIYANG,30,25.1
ZHONGPING,30,52.0
AARON ISMAEL,29,17.6
ABDELAKRIM,29,46.5
ABDELBASET,29,20.7
ABDULKARIM,29,31.6
ABEL DARIO,29,37.8
ABEL ERNESTO,29,36.5
ADOLFO TOMAS,29,55.7
ADRI,29,12.3
ADRIAN CIPRIAN,29,36.0
ADRIAN CRISTO,29,27.4
ADRIAN DUMITRU,29,42.6
ADRIAN JORGE,29,34.6
ADRIAN PETRU,29,38.0
AGUSTIN ESTEBAN,29,50.6
AGUSTIN RAUL,29,46.7
AIEKO,29,13.2
AISAR,29,9.8
AITOR ALEXANDER,29,17.7
ALAN MAURICIO,29,23.1
ALAN ROY,29,61.4
ALBERT MANUEL,29,27.9
ALBERTO ARTURO,29,47.4
ALBERTO DARIO,29,45.4
ALDO LUIS,29,47.4
ALEJANDRO CARMELO,29,43.1
ALEJO JOSE,29,46.9
ALESSANDRO DAVID,29,15.0
ALEX ROLANDO,29,40.6
ALEXANDER MARTIN,29,35.4
ALEXANDER PATRICIO,29,30.2
ALEXANDER SAMUEL,29,27.2
ALEXIS JUNIOR,29,25.9
ALEXIS PAUL,29,25.3
ALFONSO CRISTOBAL,29,55.2
ALFREDO IVAN,29,44.9
ALI AKBAR,29,25.6
ALIRIO JESUS,29,53.5
ALVARO ALFREDO,29,44.2
ALVARO EUGENIO,29,45.1
ALVARO LEON,29,35.6
AMADOR ANGEL,29,61.2
AMADOU SADIO,29,34.6
AMBIORIX,29,38.7
AMERICO JOSE,29,50.9
AMJID,29,47.5
AMMAD,29,22.9
AMSATOU,29,42.2
ANDREI LAURENTIU,29,25.1
ANDREI MADALIN,29,25.9
ANDRES HIBERNON,29,58.3
ANDREW MARTIN,29,57.1
ANGEL CANDIDO,29,62.6
ANGEL GINES,29,46.0
ANGEL HILARIO,29,50.4
ANGEL MEDARDO,29,51.1
ANGELO ALEJANDRO,29,21.0
ANGELO GIOVANNI,29,31.3
ANGELO SEBASTIAN,29,15.3
ANGUS,29,36.1
ANTONIO CEFERINO,29,60.9
ANTONIO CELESTINO,29,63.2
ANTONIO DEMETRIO,29,62.0
ANTONIO HORACIO,29,54.8
ANTONIO JOEL,29,16.8
ANTONIO JUNIOR,29,24.5
ANTONIO OLIVER,29,44.8
AQUILINO JOSE,29,53.9
ARDIT,29,32.8
ARLEN,29,25.7
ARTUR MANUEL,29,45.0
ARTURO ALEXANDER,29,32.8
ARTURO GUILLERMO,29,44.4
ASAF,29,35.8
ASHIR,29,18.2
ASHKAN,29,33.7
ASIER ALEJANDRO,29,14.8
ASSEM,29,21.1
AVELINO ANTONIO,29,65.1
BABUCARR,29,32.8
BADI,29,37.4
BAO,29,34.5
BAYRON ALEXANDER,29,25.6
BAYRON JOSUE,29,24.9
BEINAT,29,31.8
BENITO ALBERTO,29,59.3
BENNASSER,29,45.9
BENYOUNESS,29,41.7
BERNARDO RAFAEL,29,48.6
BHUPINDER SINGH,29,38.2
BIZEN,29,25.6
BLAS PEDRO,29,59.0
BORJA RAMON,29,38.8
BOUBEKEUR,29,48.1
BOUKHAYAR,29,56.9
BRAHIN,29,35.9
BRIAN NAHUEL,29,27.2
BRUNO ARIEL,29,24.1
BRYAN ISAAC,29,21.8
CARIM,29,32.5
CARLES FRANCESC,29,42.4
CARLOS ALCIDES,29,46.6
CARLOS ALEJO,29,52.2
CARLOS ARSENIO,29,53.5
CARLOS BRUNO,29,46.2
CARLOS ISIDORO,29,49.8
CARLOS JERONIMO,29,46.8
CARLOS JONAY,29,34.1
CARLOS MARINO,29,48.9
CARLOS MICHAEL,29,31.5
CARLOS OLIVER,29,41.8
CARMELO AGUSTIN,29,58.2
CARMELO RAFAEL,29,63.5
CATALIN CRISTIAN,29,35.3
CATALIN VALENTIN,29,32.0
CAUA,29,13.9
CAUE,29,23.1
CESAR DOMINGO,29,51.9
CESAR GREGORIO,29,52.6
CESAR RENE,29,43.0
CHEICKH,29,28.8
CHEIK,29,34.8
CHENGYU,29,21.8
CHONG,29,37.8
CHRISTIAN AARON,29,22.3
CHRISTIAN PABLO,29,40.8
CHRISTOPHER RICHARD,29,51.6
CHUNGUANG,29,55.2
CINTO,29,41.5
CLARENCE,29,26.6
CLAUDINEI,29,48.6
CLAUDIO GUILLERMO,29,47.9
CLAUDIO IGNACIO,29,45.3
CLAUDIO JUAN,29,51.9
CONSTANTIN ANDREI,29,29.7
CONSTANTIN RAZVAN,29,35.6
CONSTANTIN VALENTIN,29,39.8
CONSTANTINO JESUS,29,61.5
COSMIN ALIN,29,35.5
CRISTIAN DAN,29,42.8
CRISTIAN EDUARD,29,32.4
CRISTIAN EUGEN,29,39.2
CRISTIAN ION,29,47.7
CRISTIAN MAXIMILIANO,29,37.9
CRISTIAN ROLANDO,29,34.6
CRISTIAN TOMAS,29,31.1
CRISTIAN YERAY,29,25.2
CRISTOFER JESUS,29,26.7
CRISTOPHER ANTONIO,29,24.8
DAGO,29,13.0
DAMASO ANTONIO,29,50.4
DAN ANDREI,29,31.6
DANIEL AURELIO,29,41.0
DANIEL COSTEL,29,39.7
DANIEL LUCAS,29,29.3
DANIEL SORIN,29,38.1
DANNY ANDRES,29,30.6
DARVIN,29,28.6
DARWIN GABRIEL,29,29.4
DARWIN RENE,29,37.3
DASIEL,29,29.5
DATO,29,40.6
DAVID ALVARO,29,45.5
DAVINDER SINGH,29,33.1
DAYLO,29,19.9
DAYRO,29,21.5
DECOROSO,29,73.4
DEEPAK KUMAR,29,37.6
DEMBELE,29,35.0
DEMETRIO MANUEL,29,57.9
DENIS FERNANDO,29,27.7
DENIS OMAR,29,35.8
DIAO,29,34.3
DIDIER ALEXANDER,29,31.1
DILAN JAVIER,29,17.1
DIOCLECIANO,29,69.1
DIONE,29,37.6
DOMINGO MARIA,29,57.0
DONELIO,29,69.5
DYLAN JAMES,29,18.6
DYLAN LEONEL,29,9.8
DYLAN MATHIAS,29,8.2
EDGARDO LUIS,29,55.8
EDUARDO ANDRE,29,22.8
EDUARDO ISAAC,29,37.4
EDWARD RAFAEL,29,37.3
EDWIN ESTEBAN,29,31.2
EDWIN GONZALO,29,45.6
EGUZKI,29,26.5
EHAB,29,31.3
EL HOSSEIN,29,44.8
ELENO,29,63.2
ELIAS EMANUEL,29,16.8
ELIAS RAMON,29,52.5
ELIS,29,34.3
ELISEO JAVIER,29,55.8
ELISEO JESUS,29,46.9
EMILIANO EZEQUIEL,29,38.2
ENGELBERT,29,47.2
ENRIQUE LEONARDO,29,50.1
ENZO FABIAN,29,24.4
ENZO FRANCISCO,29,16.0
ENZO RAFAEL,29,14.9
ERCAN,29,45.7
ERICK LEONEL,29,24.5
ERICK MARTIN,29,26.2
ERICK ROBERTO,29,30.1
ERNESTO FABIAN,29,43.2
ERNESTO RICARDO,29,55.1
ERNESTO SALVADOR,29,48.5
ESTEBAN TOMAS,29,48.8
ETHAN JAMES,29,14.5
EUGENIO MARTIN,29,53.8
EUSEBIO CARLOS,29,56.7
EVER JOSE,29,33.3
EYZAN,29,4.8
EZEQUIEL AGUSTIN,29,26.7
FABIO ALONSO,29,25.2
FABIO EDUARDO,29,35.5
FABIO NICOLAS,29,18.3
FABRICIO ANDRES,29,30.8
FARA,29,38.0
FAUZI,29,38.0
FAYCEL,29,32.6
FEDERICO ESTEBAN,29,43.7
FEDERICO PEDRO,29,56.2
FELICIANO MANUEL,29,55.1
FERNANDO HECTOR,29,57.2
FLAVIUS ANDREI,29,16.6
FLORIN ROBERT,29,31.0
FRANCISCO AMADO,29,51.4
FRANCISCO PAUL,29,50.1
FRANCISCO SATURNINO,29,61.5
FRANCO ALBERTO,29,35.1
FRANCO MAXIMILIANO,29,31.3
FRANCO RODRIGO,29,37.0
FRANK ALEXIS,29,34.8
FRANKIE,29,29.4
FULGENCIO ANTONIO,29,55.1
GALASS,29,32.6
GARBI,29,4.7
GASPARE,29,47.9
GASTON IGNACIO,29,37.6
GE,29,38.6
GENAR,29,38.8
GEORGE CIPRIAN,29,37.9
GEORGE HENRY,29,58.7
GEORGE JAMES,29,49.4
GEORGE MADALIN,29,33.7
GERARDO ESTEBAN,29,52.6
GERARDO RAUL,29,50.7
GERMAN FELIPE,29,44.5
GERRIT JAN,29,64.3
GERSAIN,29,51.6
GERSON JOSUE,29,32.2
GHEORGHE COSMIN,29,40.0
GHOLAMREZA,29,66.1
GIOACCHINO,29,53.7
GIOVANNI FRANCISCO,29,42.0
GIOVANNY JOSE,29,38.1
GRAHAM ROBERT,29,67.0
GREGORI JOSE,29,30.9
GREGORIO IGNACIO,29,53.0
GUADALUPE,29,70.5
GUANGHUA,29,54.4
GUIDO ALEJANDRO,29,37.3
GUIDO NICOLAS,29,31.8
GUILLERMO JAIME,29,48.7
GURBHEJ,29,35.0
GURMAN,29,8.3
GURSHAN,29,10.8
GUSTAVO OMAR,29,50.1
HAJJAJ,29,53.5
HANS JUERGEN,29,71.7
HARDIP,29,43.6
HAROLD FERNANDO,29,38.1
HAROLD STIVEN,29,24.3
HAZIEL,29,13.2
HENRY LUIS,29,39.8
HENRY MIGUEL,29,33.8
HERMINIO JESUS,29,56.9
HERNAN GUILLERMO,29,46.4
HIGOR,29,29.3
HONORIO MANUEL,29,59.8
HRANT,29,37.3
HUGO GONZALO,29,40.6
IAN AARON,29,9.5
IAN EDWARD,29,59.3
IAN STEVEN,29,10.8
IBAN JOSE,29,44.0
IERAI,29,21.0
IFTIKHAR AHMED,29,54.4
IGNACIO BENJAMIN,29,33.1
IGNACIO FERMIN,29,56.5
IGNACIO GONZALO,29,46.1
IGNACIO RUBEN,29,44.7
IHTISHAM,29,26.3
IKER DAMIAN,29,12.4
IKER LEONEL,29,13.5
ILIE ALEXANDRU,29,27.9
ILIE MARIUS,29,40.9
ISAAC JUAN,29,48.0
ISHAAN,29,12.5
ISIDORO ANGEL,29,59.5
ISRAEL JOSUE,29,27.7
IULIAN IONUT,29,31.4
IVANS,29,33.6
IYED,29,8.8
JACOBO JAVIER,29,36.5
JACOBUS JOHANNES,29,68.1
JAIDER ANDRES,29,24.6
JAIME ELIAS,29,48.8
JAIME EUGENIO,29,58.4
JAIME RAMIRO,29,53.0
JAIR JESUS,29,43.4
JAIRO RAFAEL,29,38.5
JAMES DOUGLAS,29,56.4
JAMES MARTIN,29,50.2
JASKARAN SINGH,29,24.5
JAVIER ELISEO,29,45.3
JAVIER GABRIEL,29,48.2
JAVIER ISRAEL,29,38.6
JAVIER MARCELINO,29,51.5
JEREMIAS JOSE,29,21.4
JEREMY ANDRES,29,16.7
JEREMY SEBASTIAN,29,17.1
JERIEL,29,12.6
JESUS EVELIO,29,53.6
JESUS JUSTO,29,62.7
JESUS VICTORIANO,29,64.7
JHOAN JOSE,29,31.1
JHOAN SANTIAGO,29,17.0
JHON ROBERT,29,43.7
JHONATHAN ALEXANDER,29,32.8
JHONY ALBERTO,29,41.6
JIANLONG,29,45.7
JIAYANG,29,17.2
JINLIANG,29,44.6
JOAN EMILI,29,53.9
JOAN JAVIER,29,24.8
JOAN PAUL,29,29.9
JOEL STEVEN,29,21.7
JOHAN MIGUEL,29,27.9
JOHANY,29,38.4
JOHN ERIK,29,34.1
JONATAN ALEJANDRO,29,31.0
JONATHAN SMITH,29,27.6
JONATHAN WILLIAM,29,44.8
JORGE ARNALDO,29,47.8
JORGE BRUNO,29,43.8
JORGE HERIBERTO,29,56.1
JORGE YERAY,29,36.3
JOSE ARTEMIO,29,59.5
JOSE COSME,29,59.9
JOSE GILDARDO,29,51.0
JOSE LEOCADIO,29,54.6
JOSE NAPOLEON,29,49.0
JOSE NEPTALI,29,47.3
JOSE OLMEDO,29,51.7
JOSE PILAR,29,60.6
JOSE SALOMON,29,44.8
JOSE STEVEN,29,27.6
JOSEP ARNAU,29,23.5
JOSEP PAU,29,42.3
JOSEPH ANDREW,29,34.3
JOSEPH LOUIS,29,53.7
JOSUE ISAIAS,29,26.5
JOSUE RAMON,29,32.7
JOUNAID,29,15.3
JUAN ANASTASIO,29,63.9
JUAN BELTRAN,29,27.7
JUAN COSME,29,55.4
JUAN KEVIN,29,27.0
JUAN PAUL,29,38.8
JUAN REINALDO,29,50.3
JULIO ANIBAL,29,50.4
JULIO BENITO,29,59.1
JUNCHENG,29,24.3
JUNLIN,29,23.9
JUNPING,29,48.7
JURIS,29,49.8
JUSTAS,29,29.6
KAIO,29,22.1
KAIQUE,29,21.8
KELVIN RAFAEL,29,35.5
KEVIN BRAYAN,29,25.8
KEYVAN,29,34.3
KHALY,29,38.7
KIRO,29,21.1
KLIM,29,17.0
KONSTANTINE,29,35.9
KRASIMIR IVANOV,29,49.5
KRUM,29,34.7
KULVIR,29,36.1
LADISLAU,29,52.5
LEANDRO ADRIAN,29,34.6
LEILEI,29,33.3
LEO JOSE,29,11.8
LEONARDO EMANUEL,29,25.1
LEONARDO GUSTAVO,29,40.3
LIAM PATRICK,29,31.6
LIAM STEVEN,29,7.1
LIQIANG,29,44.5
LIZHONG,29,50.8
LOHAN,29,10.8
LORCA,29,9.5
LOURENCO,29,37.5
LUCA ALEXANDER,29,10.1
LUCAS ABEL,29,21.6
LUCAS JULIAN,29,30.2
LUCIANO ADRIAN,29,32.3
LUCIANO RAFAEL,29,32.7
LUIS CELESTINO,29,64.2
LUIS ESTUARDO,29,49.9
LUIS LEONEL,29,35.1
LUIS RUFINO,29,59.8
MAHREZ,29,41.3
MAICO,29,30.3
MAJDI,29,38.5
MAMARY,29,33.6
MANKIRAT,29,8.1
MANUEL DEMETRIO,29,58.1
MANUEL RENE,29,46.8
MANUEL TRINIDAD,29,54.5
MARC ALEJANDRO,29,11.4
MARC ANTOINE,29,48.8
MARCELO VICENTE,29,51.2
MARCIAL LUIS,29,57.2
MARCO VICENTE,29,42.4
MARCOS ANDREI,29,11.7
MARCOS FIDEL,29,50.4
MARCU,29,33.8
MARIAN STEFAN,29,31.7
MARIANO GERMAN,29,48.4
MARIO CONSTANTIN,29,11.6
MARIO HUGO,29,44.4
MARIO RUI,29,48.4
MARIUS SEBASTIAN,29,30.4
MARK ANGELO,29,28.4
MARK IAN,29,52.7
MARO,29,16.5
MARTIN EUGENIO,29,51.3
MATEI ANDREI,29,7.9
MATENE,29,39.8
MATEO SALVADOR,29,16.1
MATHIAS SANTIAGO,29,11.4
MATIAS ANGEL,29,43.3
MATIN,29,20.3
MATS,29,24.6
MAURICIO GERMAN,29,41.5
MAURICIO HERNAN,29,42.6
MAURICIO RICARDO,29,39.7
MAXIMO RAMON,29,51.0
MICHAEL FRANK,29,68.3
MICHEL ANDRES,29,31.8
MICHELL,29,31.7
MILAN ALEJANDRO,29,5.0
MILTON RAUL,29,51.2
MILTON RENE,29,46.5
MINGMING,29,35.5
MOHAMED HABIB,29,29.9
MOHAMED HAMZA,29,28.1
MOHAMED HICHAM,29,43.7
MOHAMED RIYAD,29,7.2
MOHAMED TAREK,29,35.3
MOHAMED ZIAD,29,10.9
MOHAMMAD ABDULLAH,29,14.7
MOHANAD,29,29.8
MONSSIF,29,21.8
MORIS,29,43.5
MOSHE,29,45.7
MOUHAMADOU MANSOUR,29,27.4
MOUHAMED AMIN,29,9.5
MOUHAMMED,29,16.3
MOUNIROU,29,35.5
MOUTAROU,29,28.4
MUHAMMAD ARSHAD,29,50.7
MUHAMMAD DANISH,29,21.5
MUHAMMAD HUSNAIN,29,14.5
MUHAMMAD SAQIB,29,30.8
MUHAMMAD WALEED,29,19.5
MUHAMMAD YAHYA,29,10.7
MYKHAIL,29,10.5
NABEL,29,26.2
NASSER EDDINE,29,30.2
NDIAWAR,29,37.6
NDOYE,29,39.1
NELSON GERARDO,29,43.6
NELSON GUILLERMO,29,44.4
NELSON RAMIRO,29,50.9
NELSON SANTIAGO,29,32.6
NEMESIO JOSE,29,60.7
NICOLAE MIHAI,29,43.3
NICOLAS JORGE,29,42.5
NICOLAS STEFAN,29,11.7
NICOLAS STIVEN,29,21.8
NIGEL PAUL,29,65.0
NISTOR,29,54.2
NORBERTO DANIEL,29,51.0
NOUHOU,29,38.5
OCTAVIO RAFAEL,29,52.2
ODAY,29,13.6
OLIVER MICHAEL,29,22.7
OLIVER NICOLAS,29,15.3
OMAR AUGUSTO,29,42.3
ONELIO,29,65.2
ORIO,29,5.2
ORLANDO LUIS,29,55.5
OSBALDO,29,47.2
OSCAR BERNARDO,29,44.7
OSCAR FABRICIO,29,29.8
OSCAR GIOVANNI,29,37.6
OSCAR ISIDRO,29,50.3
OSWALDO DAVID,29,33.3
OVIDIO JESUS,29,50.0
PABLO SIMON,29,37.7
PATRICIO GABRIEL,29,35.8
PATRICIO IVAN,29,46.6
PATRICIO LUIS,29,52.7
PATRICK ALEXANDRU,29,8.4
PAUL NICOLAE,29,35.1
PAUL VINCENT,29,54.7
PEDRO BASILIO,29,60.8
PEDRO LEANDRO,29,47.6
PEDRO MODESTO,29,62.2
PEDRO SERAFIN,29,61.8
PHILIPPE ANDRE,29,63.5
RADU STEFAN,29,24.2
RAMIRO AGUSTIN,29,32.4
RAMON BERNARDO,29,55.4
RAMON DAMIAN,29,52.4
RAMON DIEGO,29,56.6
RAMON LLUIS,29,57.4
RARES ALEXANDRU,29,21.1
RARES IONUT,29,22.5
RASHPAL,29,39.6
RAYCO JAVIER,29,38.6
RICARDO HORACIO,29,63.9
RICARDO HUGO,29,54.1
RICHARD RAMON,29,39.0
ROBERT MARIUS,29,31.6
ROBERT MARK,29,58.8
ROBERTO SERGIO,29,49.6
ROBINSON ANTONIO,29,40.6
ROBINSON JOSE,29,35.7
ROLLY,29,43.5
ROMAN ENRIQUE,29,46.0
RONALD GEORGE,29,76.1
RONALD OMAR,29,36.8
RONNY DAVID,29,29.0
RUBEN CESAR,29,50.7
RUBEN EMANUEL,29,24.1
RUFINO JAVIER,29,57.5
RUIZHE,29,11.5
RUPINDER,29,35.1
RUSSELL JOHN,29,58.3
RUYMAN JESUS,29,36.3
RYAN MICHAEL,29,29.1
SALAHDDINE,29,29.2
SALAHEDIN,29,14.3
SALIEU,29,32.2
SAMUEL AUGUSTO,29,26.5
SAMUEL MATEO,29,13.9
SAMUEL RAMON,29,40.7
SAMUEL THOMAS,29,20.2
SANDRO MANUEL,29,35.7
SANDRO MIGUEL,29,36.4
SANTIAGO CRISTOBAL,29,54.7
SANTIAGO PASCUAL,29,49.5
SANTIAGO RODRIGO,29,33.1
SANTOS MARIA,29,66.1
SATURNINO MANUEL,29,63.2
SAUL RAFAEL,29,39.1
SEBASTIAAN,29,41.9
SEBASTIAN MARIA,29,49.7
SEBASTIAN MATHIAS,29,11.8
SEBASTIAN OSCAR,29,42.6
SECO,29,40.9
SEGUNDO GONZALO,29,58.0
SEKOU OUMAR,29,35.7
SERGIO JULIO,29,43.3
SERIGNE BASSIROU,29,33.4
SHAI,29,37.3
SHAOWEI,29,42.5
SHEHROZ,29,25.8
SHEN,29,28.2
SHENGYI,29,26.9
SIDYA,29,37.5
SILVIU GABRIEL,29,31.2
SIMON ENRIQUE,29,39.7
SINISA,29,49.8
SIRIMA,29,34.0
SMAINE,29,47.5
SNEYDER,29,20.6
SORIN ALEXANDRU,29,35.8
SORIN GABRIEL,29,36.4
SORIN GHEORGHE,29,46.9
SOURAV,29,26.9
STARLIN,29,26.1
STEEVEN,29,26.5
STEPHEN PHILIP,29,65.4
STEVEN ALBERTO,29,26.2
STEVEN ANTONIO,29,23.2
SVETLOZAR,29,46.2
TAMIR,29,17.2
TARIQ MAHMOOD,29,54.7
TARSILO,29,60.8
TEIX,29,13.3
THIAGO AARON,29,7.8
TIMOTHEE,29,20.7
TOMAS ERNESTO,29,45.7
TOMAS FEDERICO,29,39.4
TOMASZ ANDRZEJ,29,43.9
TSVETOSLAV,29,34.9
ULISES MANUEL,29,39.9
VACHE,29,11.0
VALERIANO JESUS,29,54.5
VANSH,29,14.5
VASILE LIVIU,29,46.7
VASILE SEBASTIAN,29,37.2
VIATCHESLAV,29,52.5
VICENT MIQUEL,29,52.5
VICENTE CRISTOBAL,29,61.8
VICENTE DIEGO,29,49.3
VICENTE ISMAEL,29,52.1
VICTOR ALVARO,29,33.7
VICTOR CARMELO,29,54.8
VICTOR GAEL,29,6.6
VICTOR SEGUNDO,29,48.3
VILIUS,29,33.8
VIRGILIO JESUS,29,53.6
WALTER ALFONSO,29,49.2
WANGJUN,29,44.2
WASSEM,29,16.6
WENGUANG,29,49.8
WILLIAM ANDREW,29,49.2
WILLIAN EDUARDO,29,35.5
WILMER ORLANDO,29,44.9
XAVIER MANUEL,29,41.0
XIANYONG,29,46.1
XIAORONG,29,53.1
YADIR,29,29.1
YEISSON ANDRES,29,33.3
YONGHAO,29,29.9
YOU,29,27.2
YOUNASS,29,33.8
YUHUI,29,30.8
YUNFENG,29,35.7
YUSNIER,29,40.4
ZAEL,29,10.5
ZHICHEN,29,13.7
ZHONGMIN,29,54.7
ZI HAO,29,11.8
ZILONG,29,27.3
AADEL,28,35.7
AARON LUIS,28,23.2
ABDELAZIS,28,50.6
ABDELMALAK,28,43.3
ABEL LUIS,28,42.9
ABHIJOT,28,10.7
ABIDIN,28,27.5
ABRAHAM ALBERTO,28,37.1
ABRAHIM,28,37.0
ADAM MOHAMED,28,14.4
ADAN ANTONIO,28,34.0
ADOLFO MARIA,28,56.6
ADOLFO PEDRO,28,60.9
ADOLFO SANTIAGO,28,61.5
ADRIAN DANUT,28,40.8
ADRIAN OVIDIU,28,41.5
ADRIAN RUBEN,28,33.9
ADRYAN,28,12.8
AGUSTIN NAHUEL,28,24.7
AHMED MAHMOUD,28,40.5
AHMED REDA,28,23.2
AISAM,28,24.3
AITOR EDUARDO,28,29.3
AIURI,28,9.3
AKIL,28,35.4
ALBERT ANTONIO,28,30.5
ALBERTO GERMAN,28,46.8
ALBERTO SAMUEL,28,33.1
ALBINO JOSE,28,49.5
ALDO FABIAN,28,38.6
ALEJANDRO BERNARDO,28,45.2
ALEJANDRO GAEL,28,8.1
ALEJANDRO LEONEL,28,29.0
ALEXANDER MAURICIO,28,29.3
ALEXANDRU IONEL,28,25.4
ALFA,28,31.0
ALFOUSSEYNI,28,29.6
ALI AHMED,28,27.4
ALI HAMZA,28,21.0
ALIN IULIAN,28,35.6
ALMIRO,28,68.0
ALVARO GUSTAVO,28,42.8
ALVARO MARIO,28,44.4
AMADOR FRANCISCO,28,57.8
AMADOU BAILO,28,32.7
AMANTE,28,62.1
AMARJEET,28,37.9
AMIEL,28,24.1
AMIR ALI,28,27.2
AMRINDER,28,31.3
ANASTASIO JOSE,28,58.3
ANATOL,28,49.3
ANDERSON ALEJANDRO,28,22.8
ANDRES BENITO,28,51.6
ANDRES JERONIMO,28,32.1
ANDREW JOSE,28,18.2
ANDRY JOSE,28,32.6
ANGEL AMADO,28,49.4
ANGEL CAYETANO,28,47.8
ANGEL CECILIO,28,57.3
ANGEL CHRISTIAN,28,35.8
ANGEL DEMETRIO,28,62.0
ANGEL EFRAIN,28,44.4
ANGEL ELADIO,28,60.9
ANGEL ISAIAS,28,37.9
ANGEL JONATAN,28,39.2
ANIL KUMAR,28,48.9
ANSU,28,29.5
ANTAL,28,43.6
ANTONIO BAUTISTA,28,58.6
ARBER,28,33.7
ARIEL FRANCISCO,28,41.4
ARISMENDY,28,40.9
ARNAV,28,8.7
ARTHUR GABRIEL,28,11.1
ARTURO CESAR,28,52.1
ARTURO PEDRO,28,55.4
ASIER JOSE,28,20.6
ASJID,28,46.5
ASTON,28,16.5
ATANAS IVANOV,28,47.3
AUGUSTO DANIEL,28,39.4
AURELIO RAFAEL,28,61.5
AYDIN,28,28.3
BADOU,28,29.9
BANGALI,28,30.0
BASIM,28,24.9
BENITO CARLOS,28,61.5
BENITO DANIEL,28,51.2
BENJAMIN MIGUEL,28,37.9
BOGDAN IULIAN,28,35.7
BORIS ALEJANDRO,28,33.6
BOYE,28,39.3
BRAHYAN,28,24.7
BRANDON LEE,28,25.7
BRIAN ALBERTO,28,28.1
BRIAN JOSUE,28,26.0
BRIAN RICHARD,28,71.1
BRUNO ADRIAN,28,21.5
BRUNO IGNACIO,28,26.0
BRUNO ROBERTO,28,42.5
BYRON SANTIAGO,28,36.2
CALEB JOSUE,28,15.4
CARLO ANTONIO,28,36.9
CARLOS CIPRIANO,28,57.2
CARLOS ELISEO,28,49.5
CARLOS GIOVANNY,28,41.9
CARLOS HENRY,28,46.0
CARLOS MATHIAS,28,18.9
CARLOS RAIMUNDO,28,57.9
CARMELO DANIEL,28,44.2
CAYETANO JAVIER,28,40.6
CELIANO,28,67.6
CESAR ABEL,28,39.7
CESAR GERMAN,28,51.1
CHRISTIAN OSWALDO,28,37.4
CHRISTIAN VICENTE,28,35.9
CHUNLEI,28,44.7
CIPRIAN GABRIEL,28,36.5
CLAUDIO ANGEL,28,58.9
CLEVER,28,39.0
CONSTANTIN LIVIU,28,46.2
COSMIN VALENTIN,28,30.4
COSTACHE,28,61.1
CRISTEA,28,49.1
CRISTHIAN RAFAEL,28,29.1
CRISTIAN BOGDAN,28,38.2
CRISTIAN ISAAC,28,24.5
CRISTIAN MARIO,28,34.8
CRISTIAN OSCAR,28,42.8
CRISTOBAL SANTIAGO,28,47.6
CYRILLE,28,45.5
DADAH,28,38.2
DALER,28,38.3
DAMASO MANUEL,28,58.0
DAMIAN FERNANDO,28,44.9
DANIEL ALIN,28,36.9
DANIEL DIEGO,28,42.8
DANIEL ISIDRO,28,39.1
DANNY JOEL,28,33.0
DANTE ALEJANDRO,28,18.0
DARWIN OSWALDO,28,42.6
DAVID EMILIANO,28,35.4
DAVID ERIC,28,53.0
DAVID GERMAN,28,43.8
DAVID JOAN,28,30.6
DAVID OSWALDO,28,39.5
DENIS SEBASTIAN,28,18.5
DEREK JESUS,28,11.8
DIEGO EMILIANO,28,33.0
DIEGO GAEL,28,6.6
DIEGO JUNIOR,28,21.7
DIEGO NAHUEL,28,26.6
DIENG,28,34.9
DILAN JOSE,28,15.1
DIMCHO,28,49.5
DJANGO,28,19.1
DOMINGO NICOLAS,28,52.9
DOUGLAS DAVID,28,39.0
DRAGOS CRISTIAN,28,34.8
DUMITRU BOGDAN,28,34.8
DUVAN ALEXIS,28,27.4
ECHEDEY JESUS,28,32.8
EDDY JAVIER,28,39.7
EDGAR ARIEL,28,32.9
EDGARDO JESUS,28,40.1
EDISON GABRIEL,28,30.1
EDIVALDO,28,49.9
EDUARDO MARCOS,28,51.0
EDWARD FABIAN,28,32.8
EIMANTAS,28,28.3
ELIAN DANIEL,28,11.8
ELIEZER DAVID,28,27.2
EMANUEL ANDREI,28,20.9
ENRIQUE MARCELO,28,50.9
ERLING,28,52.6
ERNESTO JORGE,28,55.7
ERNESTO MARTIN,28,49.0
ESTEBAN DAMIAN,28,38.1
ESTEBAN DOMINGO,28,57.5
ETHAN ALEJANDRO,28,5.4
ETIEN,28,15.7
EVERALDO,28,46.6
EZEQUIEL ALBERTO,28,36.8
EZEQUIEL DARIO,28,37.6
EZEQUIEL IGNACIO,28,37.3
FABIAN ALFONSO,28,33.9
FABIAN MIGUEL,28,34.9
FACUNDO LEONEL,28,27.6
FADRIQUE,28,40.8
FALAYE,28,31.9
FAUSTINO MIGUEL,28,55.2
FAUSTO ANDRES,28,36.4
FELIPE ALFREDO,28,54.9
FELIPE SALVADOR,28,50.6
FELISBERTO,28,54.8
FELIX GONZALO,28,61.9
FELIX MARIO,28,55.2
FEODOR,28,42.5
FERNANDO BLAS,28,55.3
FERNANDO CRISTOBAL,28,55.4
FERNANDO WALTER,28,47.6
FLORICEL,28,52.9
FRANCISCO ABELARDO,28,54.9
FRANCISCO AMBROSIO,28,58.4
FRANCISCO BRUNO,28,52.3
FRANCISCO EMANUEL,28,22.0
FRANCISCO LEONCIO,28,59.0
FRANCISCO NORBERTO,28,55.6
FRANCO ALEXANDER,28,28.8
FRANK MICHAEL,28,55.5
FREDDY FABIAN,28,39.6
FREDDY HERNAN,28,46.7
FREDDY RICARDO,28,42.9
FREDERICK JOHN,28,65.3
GABINO ANTONIO,28,60.5
GABRIEL BOGDAN,28,31.3
GABRIEL LORENZO,28,43.9
GABRIEL RODRIGO,28,31.4
GAEL NICOLAS,28,6.3
GANCHO,28,48.0
GAOFENG,28,39.9
GARETH JOHN,28,56.6
GASPAR MIGUEL,28,62.7
GASTON EDUARDO,28,43.3
GASTON FEDERICO,28,39.2
GENTIAN,28,41.3
GEOFFREY JOHN,28,72.5
GEOVANNY ANTONIO,28,41.1
GERARD DAVID,28,21.1
GERARDO ERNESTO,28,40.6
GERARDO IVAN,28,43.6
GERARDO SEBASTIAN,28,30.0
GERMAN GONZALO,28,52.7
GERMAN ROBERTO,28,54.3
GHEORGHE CLAUDIU,28,38.4
GHEORGHE MIHAI,28,43.0
GINTAUTAS,28,55.6
GIOVANNY JESUS,28,37.0
GIROLAMO,28,51.7
GONZALO AUGUSTO,28,36.3
GONZALO RICARDO,28,42.7
GONZALO SALVADOR,28,39.6
GRAHAM CHARLES,28,63.0
GRZEGORZ PIOTR,28,45.1
GUANGHUI,28,49.5
GUILLERMO GONZALO,28,45.7
GUILLERMO LEONARDO,28,45.0
GURTEJ,28,27.8
GUSTAVO FEDERICO,28,47.0
GUSTAVO LEONARDO,28,49.6
GUSTAVO PEDRO,28,55.5
GYTIS,28,34.8
HABIL,28,25.7
HAMOUDI,28,39.6
HANAN,28,20.6
HAPPY,28,34.9
HASNAT,28,25.3
HAZIM,28,27.3
HECTOR SAUL,28,36.9
HEINZ DIETER,28,74.0
HERIBERTO JESUS,28,50.7
HERLAN,28,43.4
HERNAN MANUEL,28,46.5
HERNANDO ANTONIO,28,54.6
HESHAM,28,42.7
HIGINIO JESUS,28,52.9
HIPOLIT,28,56.1
HIPOLITO JESUS,28,53.3
HOLMES,28,51.6
HONGJUN,28,42.6
HOUSSNI,28,33.2
HOVIK,28,43.0
HUGO VALENTIN,28,21.0
IAIA,28,36.3
IAN CALEB,28,4.0
IAN EZEQUIEL,28,9.8
IANN,28,14.3
IBO,28,38.4
IBRAHEM,28,18.3
IDUBAREN,28,17.9
IGNACIO ARTURO,28,49.6
IGOR JOSE,28,44.1
ILIE IULIAN,28,42.4
IMAM,28,29.5
IMED EDDINE,28,24.1
INDALECIO JOSE,28,49.6
INKO,28,35.8
IOAN DUMITRU,28,44.1
IOAN STEFAN,28,35.6
IONUT GEORGE,28,33.7
IORDACHE,28,53.0
ISAAC BENJAMIN,28,26.4
ISMAEL LUIS,28,42.9
ISMAEL PEDRO,28,50.8
ISRAEL ALEXANDER,28,28.8
ISRAEL EDUARDO,28,38.2
ISSAGA,28,39.1
ISSLAM,28,11.7
IZAN ANDRES,28,6.9
JACOB JOSE,28,23.3
JACOBO ANTONIO,28,46.0
JAIME ALVARO,28,40.2
JAIME DIEGO,28,48.7
JAIME JULIO,28,56.2
JAIME MATEO,28,37.9
JAIME OMAR,28,40.6
JAIRO JOEL,28,24.6
JAIRO MAURICIO,28,39.9
JAREIN,28,26.3
JASVIR SINGH,28,37.0
JAUME ANDREU,28,33.1
JAVIER AARON,28,29.3
JAVIER AMADOR,28,49.0
JAVIER DIEGO,28,44.6
JAVIER SERGIO,28,47.8
JEFFERSON FABIAN,28,28.9
JEFFERSON JOSUE,28,24.9
JEICO,28,10.1
JEREMIAS DAVID,28,13.4
JESUS DELFIN,28,57.0
JESUS FAUSTINO,28,66.4
JESUS FLORENTINO,28,61.7
JESUS JONAY,28,38.3
JESUS LUCIO,28,60.6
JESUS TADEO,28,29.9
JESUS TEOFILO,28,57.5
JHEREMY,28,17.2
JHERSON,28,27.2
JHON NICOLAS,28,25.9
JHONATAN ALEJANDRO,28,28.9
JHONATAN JESUS,28,32.9
JIABAO,28,23.1
JIABO,28,18.1
JIAFU,28,29.3
JIAXUAN,28,16.6
JIMMY ALEXIS,28,33.0
JINGRUI,28,12.4
JOAN BERNAT,28,37.6
JOAQUIN AGUSTIN,28,57.1
JOAQUIN ARMANDO,28,49.3
JOEL MATIAS,28,17.2
JOHAN JOSUE,28,22.0
JOHAN RICARDO,28,23.7
JOHANNES ADRIANUS,28,63.4
JOHN FRANK,28,53.5
JONATAN JOSUE,28,28.3
JONATHAN ARMANDO,28,28.9
JONATHAN CARLOS,28,36.3
JONEL,28,34.0
JORGE EDWIN,28,44.7
JORGE ELIEZER,28,40.9
JORGE LEON,28,45.8
JOSE ALESSANDRO,28,16.8
JOSE CIRIACO,28,65.6
JOSE CUSTODIO,28,56.3
JOSE ELVIS,28,40.3
JOSE FLORIAN,28,56.0
JOSE MICHAEL,28,35.3
JOSE MIGUEL ANGEL,28,64.4
JOSE NOLBERTO,28,53.0
JOSE ROGER,28,53.6
JOSE SILVINO,28,68.3
JOSE WILDER,28,43.6
JOSEPH EDWARD,28,48.3
JOSEPH PETER,28,44.7
JOSHUA GABRIEL,28,15.6
JUAN CANCIO,28,58.9
JUAN CESAREO,28,64.4
JUAN CLIMACO,28,62.5
JUAN DAMASO,28,57.3
JUAN HERMINIO,28,58.4
JUAN JONAS,28,45.7
JUAN JONAY,28,39.1
JUAN NESTOR,28,50.1
JUAN RUPERTO,28,67.5
JUAN TADEO,28,29.7
JUAN URBANO,28,58.1
JULEN DAVID,28,9.5
JULEN JOSE,28,12.2
JULIAN ROBERTO,28,44.3
JULIAN STEVEN,28,24.5
JULIAN STIVEN,28,22.6
JULIO DAMIAN,28,49.8
JULIO HECTOR,28,54.5
JULIO ORLANDO,28,51.2
JULIO SAMUEL,28,34.9
JUNCHEN,28,19.1
JUNHAN,28,10.8
JUNHUA,28,40.9
JUNQI,28,21.0
KALED,28,14.6
KALY,28,34.3
KANTARA,28,38.1
KAVEH,28,45.6
KEITH DAVID,28,62.7
KENNY ALEXANDER,28,27.5
KEVIN GEORGE,28,44.5
KEVIN JOAN,28,25.0
KEVIN MARCELO,28,26.3
KEVIN SMITH,28,22.9
KEVIN TOMAS,28,27.8
KEVIN YESID,28,25.1
KEWIN,28,26.0
KILLIAM,28,11.1
KYLLIAN,28,9.4
LAHSAN,28,36.8
LENIN ANDRES,28,32.4
LEO JAMES,28,13.2
LEONARD GABRIEL,28,18.1
LEONARDO PABLO,28,42.0
LEONEL FRANCISCO,28,38.3
LEOPOLDO FRANCISCO,28,59.5
LEVIN,28,18.1
LHOUSSAYN,28,34.1
LIAM DARIEL,28,3.8
LIAM FRANCISCO,28,6.5
LIVIU ANDREI,28,28.4
LOUNIS,28,31.8
LOURENÇO,28,23.9
LOVEDEEP,28,27.5
LUCAS JAMES,28,13.7
LUCIANO IGNACIO,28,37.1
LUIS ALESSANDRO,28,14.0
LUIS ALEXANDRE,28,37.4
LUIS CESAREO,28,59.9
LUIS CHRISTIAN,28,38.5
LUIS EULOGIO,28,59.1
LUIS FREDY,28,46.9
LUIS GERONIMO,28,42.1
LUUK,28,16.9
MAFALL,28,41.6
MAHAYUB,28,51.6
MAMI,28,43.6
MANOLE,28,55.6
MANUEL BALTASAR,28,62.9
MANUEL HERNAN,28,46.0
MANUEL PELAYO,28,45.8
MANUEL VENANCIO,28,60.6
MANVIR,28,20.4
MARCEL ALEJANDRO,28,27.9
MARCELO LEONARDO,28,45.9
MARCIAL MANUEL,28,65.6
MARCO ANIBAL,28,45.9
MARCOS ADOLFO,28,45.1
MARCOS CARLOS,28,52.6
MARCOS FEDERICO,28,32.5
MARCOS GERMAN,28,43.1
MARCOS ISRAEL,28,37.4
MARIANO ALFONSO,28,53.2
MARIANO JORGE,28,52.6
MARIANO ROBERTO,28,45.4
MARIO FELIX,28,51.1
MARIUS EDUARD,28,33.8
MARLON GABRIEL,28,24.0
MARLON OMAR,28,32.4
MARTIN ADOLFO,28,41.8
MARTIN ANTHONY,28,52.8
MARTIN DOMINGO,28,50.9
MARTIN EMILIANO,28,32.1
MARTIN NAHUEL,28,25.7
MARTIN RICHARD,28,57.8
MARTIN THOMAS,28,47.0
MARVIN DANIEL,28,30.4
MATEO IONUT,28,4.9
MATHIAS IGNACIO,28,11.8
MATIAS ERNESTO,28,34.8
MATIAS GAEL,28,5.3
MATIAS GUILLERMO,28,34.3
MATIS,28,12.0
MATTHEW ALEJANDRO,28,10.7
MAURICIO FRANCISCO,28,45.9
MAURICIO RAUL,28,40.9
MAXIMILIANO ADRIAN,28,35.6
MAXIMILIEN,28,21.6
MESBAH,28,47.6
MICHAEL DENNIS,28,58.8
MICHAEL MARTIN,28,51.0
MICHAEL STEVE,28,28.9
MIGUEL EUSEBIO,28,52.0
MIGUEL JACINTO,28,58.9
MIGUEL JERONIMO,28,46.8
MIHAIL GABRIEL,28,36.4
MIKEL ALEJANDRO,28,18.3
MINGJUN,28,27.7
MIODRAG,28,60.5
MIRCEA ALEXANDRU,28,32.9
MODESTO FRANCISCO,28,61.1
MOEZ,28,34.4
MOHAMED ABDERRAHMANE,28,35.0
MOHAMED EL MOCTAR,28,46.1
MOHAMED EMBAREC,28,40.5
MOHAMED ILYAS,28,13.1
MOHAMED NASSIM,28,19.4
MOHAMED SABER,28,19.6
MOHAMED SGHIR,28,52.2
MOHAMMED ABDUL,28,41.4
MOTH,28,41.6
MOULUD,28,40.5
MOUNCEF,28,24.9
MUHAMADU,28,21.6
MUHAMMAD FAROOQ,28,42.6
MUHAMMAD HAMMAD,28,20.6
MUHAMMAD SHAHZAD,28,36.5
NABI,28,38.1
NAHID,28,28.0
NATHAN ALEXANDER,28,18.3
NATNAEL,28,18.5
NELSON ALEXIS,28,39.5
NESTOR FABIO,28,49.3
NESTOR FELIPE,28,41.1
NICHOLAS MICHAEL,28,49.0
NICOLAE ANDREI,28,30.1
NICOLAS EMILIANO,28,32.7
NICOLAS PIERRE,28,40.5
NICOLAS VICTOR,28,38.8
NOAH SEBASTIAN,28,5.4
NOR,28,19.9
NUNO ANDRE,28,40.3
NURI,28,40.3
OCTAVIO ALBERTO,28,49.4
OLIVER GABRIEL,28,11.5
OSCAR AURELIO,28,55.2
OSCAR PAUL,28,36.3
OSCAR VINICIO,28,43.4
PABLO BENITO,28,52.6
PABLO CRISTOBAL,28,39.8
PABLO EMILIANO,28,40.9
PABLO ISIDORO,28,45.7
PABLO LEON,28,29.6
PAN,28,40.8
PAOLO CESAR,28,37.6
PAPE MOUSSA,28,23.7
PARGAT,28,40.0
PATRICIO ALEXANDER,28,29.7
PAU ALBERT,28,27.9
PAUL IOAN,28,29.9
PAWEL JAN,28,42.4
PEDRO ABRAHAM,28,36.7
PEDRO ELADIO,28,55.0
PEDRO FLORENCIO,28,64.3
PEDRO MARINO,28,54.7
PEDRO MAXIMO,28,60.5
PEDRO NORBERTO,28,62.1
PEDRO VENTURA,28,52.3
PENGPENG,28,33.8
PIERRE MARIE,28,56.4
PIERRE YVES,28,48.3
PROTASIO,28,70.5
PUNEET,28,31.7
PYLYP,28,31.5
QASIR,28,44.2
QIMING,28,34.7
QUILIANO,28,72.1
QUSAI,28,6.9
RADU CONSTANTIN,28,31.9
RAJINDER SINGH,28,38.6
RAMIRO MARTIN,28,38.5
RAMON VICTOR,28,61.1
RAMZAN,28,39.5
RANSES,28,29.3
RASHED,28,32.0
RAUL ALEXIS,28,39.0
RAUL JULIAN,28,45.2
RAUL RODOLFO,28,56.1
RAZVAN STEFAN,28,29.9
REI,28,20.4
REMCO,28,45.4
REMIGI,28,60.8
RENZO ANTONIO,28,35.1
RENZO JOSE,28,32.3
RICARDO EZEQUIEL,28,36.4
RICARDO HUMBERTO,28,49.7
RICARDO PATRICIO,28,46.1
RICHARD FRANCISCO,28,38.9
RISHI,28,32.8
ROBEL,28,34.3
ROBERT JUNIOR,28,25.2
ROBERTO DARIO,28,46.8
ROBINSON ALBERTO,28,42.8
RODOLFO DAVID,28,45.1
RODOLFO MARTIN,28,45.4
RODRIGO ALEXIS,28,32.4
RODRIGO PABLO,28,35.4
ROLANDO ANDRES,28,42.5
RONAL ALEXANDER,28,28.5
RONGJUN,28,44.7
RONGWEI,28,45.3
ROSENDO ANTONIO,28,58.0
ROSSANO,28,56.5
ROUCHDI,28,35.6
RUBEN DAMIAN,28,34.1
RUBIN,28,49.4
SAEL,28,9.9
SAID ALEJANDRO,28,18.1
SAIF DIN,28,9.0
SAIFEDDIN,28,17.1
SALIMU,28,23.6
SAMIR ALEXANDER,28,25.0
SAMUEL AGUSTIN,28,33.3
SAMUEL IVAN,28,30.8
SAMUEL PEDRO,28,33.3
SANTIAGO ANDRE,28,10.0
SANTIAGO BENITO,28,52.7
SANTIAGO EMMANUEL,28,15.5
SANTIAGO MARIANO,28,50.8
SANTIAGO MAURICIO,28,28.9
SANTIAGO VICTOR,28,61.9
SATURNO,28,63.6
SEBASTIAN PAUL,28,28.0
SEGUNDO CESAR,28,58.5
SEGUNDO OSWALDO,28,57.3
SERGIO ALEXANDRE,28,42.7
SERGIO LEONEL,28,31.3
SERGIO MATEO,28,27.8
SERGIO RENE,28,47.4
SERGIU ADRIAN,28,34.9
SERIBA,28,33.4
SHAHZAIN,28,4.3
SHENGWEI,28,35.9
SHYAM,28,46.3
SIDATY,28,41.4
SIDI BRAHIM,28,42.4
SILVESTRE ANTONIO,28,57.7
SILVIO ANDRES,28,41.7
SIMON MIGUEL,28,39.0
SIMON ROBERT,28,53.4
SOHEIL,28,43.8
SORIN CRISTIAN,28,40.4
SORIN STEFAN,28,40.8
SRDAN,28,43.8
STALIN JAVIER,28,30.2
STEFAN IOAN,28,35.9
STIVEN ANDRES,28,25.9
SUHEL,28,38.2
TAHICHE,28,31.0
TARO,28,17.4
TERENCE JAMES,28,69.4
TERESO,28,72.4
THIAGO ARIEL,28,10.7
TIA,28,7.6
TITUS,28,44.9
TOMAS ALEXIS,28,45.4
TOMAS CARMELO,28,63.8
TOMAS GONZALO,28,47.6
TOMER,28,28.5
TULIO CESAR,28,46.4
UBALDO JOSE,28,55.2
USSAMA,28,20.0
VALENTIN VASILE,28,41.2
VASILE GHEORGHE,28,45.5
VICTOR CRISTIAN,28,32.4
VICTOR IOAN,28,29.3
VICTOR ISIDRO,28,55.9
VICTOR SAUL,28,38.6
VICTOR SERGIO,28,43.8
VICTORIANO JAVIER,28,57.3
VICTORINO JOSE,28,62.8
VIKTORAS,28,49.4
VIOREL IOAN,28,48.4
VIRGILIO MANUEL,28,59.1
VLADLEN,28,37.9
WALTER NICOLAS,28,33.7
WALTER RODRIGO,28,36.1
WENYI,28,35.3
WILLIAM FABIAN,28,37.5
WILLIAMS ANTONIO,28,42.9
WILSON ROLANDO,28,43.8
WISSEM,28,28.9
WLADYSLAW,28,58.8
XAVIER JOAN,28,39.4
XIAOZHONG,28,47.9
XUJIE,28,30.9
XUYONG,28,40.9
YANDI,28,36.5
YANDRY,28,28.7
YAUHEN,28,40.8
YEISON MANUEL,28,25.0
YERAY ALEJANDRO,28,23.4
YIHONG,28,27.0
YONGBIN,28,44.2
YOSIF,28,34.9
YOSUA,28,31.8
YUDIEL,28,32.9
YUKI,28,21.7
YULI,28,33.6
YURUI,28,18.0
ZABDIEL,28,8.9
ZEN,28,16.9
ZENOBIO,28,59.5
ZHAOYANG,28,28.1
ZHENHUA,28,42.9
ZHILIN,28,41.6
ZHILONG,28,36.6
ZHIPING,28,54.5
ZHUO,28,30.1
AARON ELIAS,27,15.9
ABDATI,27,40.1
ABDELGANI,27,40.5
ABDELMOUTTALIB,27,37.6
ABDESSADAK,27,43.0
ABDESSAMIA,27,32.5
ABDOUKARIM,27,35.5
ABDUL SALAM,27,42.8
ABEL JAVIER,27,34.3
ABUZAR,27,19.1
ACORAN JESUS,27,26.7
ADARGOMA,27,33.7
ADJONA,27,20.4
ADRIAN RAUL,27,23.7
ADRIAN RODRIGO,27,25.2
ADRIANO JESUS,27,33.2
AGUSTIN HERNAN,27,27.2
AGUSTIN IVAN,27,32.5
AGUSTIN MARIO,27,47.6
AINAR,27,13.2
ALAITZ,27,28.4
ALAMGIR,27,42.8
ALAN GAEL,27,4.6
ALAN RODRIGO,27,20.6
ALBERT STEFAN,27,13.6
ALBERTO ADOLFO,27,49.5
ALDO ENRIQUE,27,40.4
ALEJANDRO HUMBERTO,27,52.2
ALEJANDRO RODOLFO,27,50.1
ALEJANDRO SIMON,27,33.2
ALEJO ANTONIO,27,48.5
ALEJOS,27,59.2
ALEX MARCELO,27,39.6
ALEX RAUL,27,30.0
ALEXANDER CHRISTIAN,27,39.7
ALEXANDER FABIAN,27,27.0
ALEXANDRU OVIDIU,27,30.0
ALEXE,27,46.9
ALEXIS LEONEL,27,25.2
ALFONSO BENITO,27,60.1
ALFONSO CARMELO,27,62.1
ALFONSO IVAN,27,48.5
ALFREDO FELIPE,27,50.4
ALHAJI,27,48.9
ALI ASGHAR,27,36.9
ALIN CATALIN,27,33.6
ALIO,27,22.3
ALVARO ALEXIS,27,36.8
ALVARO BORJA,27,36.4
ALVARO PATRICIO,27,37.3
ALVISE,27,35.5
AMADO ANTONIO,27,54.6
AMAURIS,27,42.0
ANDERSON MIGUEL,27,27.4
ANDREI ADRIAN,27,34.2
ANDREI ALIN,27,25.3
ANDRES ISIDRO,27,56.0
ANDREU JOSEP,27,43.1
ANDREW STEVEN,27,31.2
ANDRZEJ STANISLAW,27,56.2
ANEUDY,27,33.2
ANGEL HECTOR,27,53.5
ANGEL LEOPOLDO,27,57.6
ANGEL RUFINO,27,61.9
ANGEL VENTURA,27,56.6
ANGEL WILFRIDO,27,44.4
ANIBAL FERNANDO,27,47.7
ANTENOR,27,62.8
ANTHONY BRIAN,27,48.9
ANTHONY FRANK,27,43.8
ANTHONY ISMAEL,27,20.9
ANTONI RAMON,27,55.8
ANTONIO ADAY,27,30.8
ANTONIO ANIBAL,27,54.1
ANTONIO CASIMIRO,27,62.4
ANTONIO HECTOR,27,52.9
ANTONIO MARINO,27,62.8
ANTONIO NORBERTO,27,55.5
ANTONIO VALERIANO,27,57.5
ANTULIO,27,59.1
ARGENIS JESUS,27,39.0
ARIDANE JOSE,27,34.5
ARIEL ALFREDO,27,49.0
ARMANDAS,27,19.8
ARSELI,27,60.4
ARTAVAZD,27,47.5
ARTURO EMILIO,27,48.6
ARTUS,27,32.6
AUGUSTO MARTIN,27,41.2
AUGUSTO RAFAEL,27,44.6
AUREL FLORIN,27,35.8
AVENCIO,27,65.4
AXEL FABIAN,27,17.2
AXL,27,10.8
AZARIEL,27,13.7
BALVINDER,27,42.5
BARAN,27,16.8
BASILI,27,48.2
BASILIDES,27,77.0
BASILIO JESUS,27,53.8
BAYE CHEIKH,27,28.9
BAYRON ANDRES,27,27.2
BENIGNO JAVIER,27,54.6
BENISSA,27,49.5
BENITO ANDRES,27,57.9
BENJAMIN SEBASTIAN,27,23.1
BENVINGUT,27,64.8
BLAS DANIEL,27,39.2
BORA,27,28.4
BORJA FERNANDO,27,37.2
BORJA SANTIAGO,27,33.0
BOUBAKEUR,27,44.6
BOUBEKER,27,50.9
BOUREMA,27,37.5
BRAHIAN STIVEN,27,23.8
BRANDON JESUS,27,22.8
BRIAM,27,22.1
BRUNO JORGE,27,37.4
BRYAN NICOLAS,27,20.9
BRYAN STEVE,27,26.8
BULAT,27,34.1
BYRON FABIAN,27,42.1
CALIXTO JOSE,27,50.0
CANDIDO ALBERTO,27,53.7
CANDIDO MIGUEL,27,52.9
CANDIDO RAMON,27,60.6
CARLOS ADALBERTO,27,45.8
CARLOS IÑIGO,27,46.4
CARLOS MICHEL,27,35.8
CARLOS RICHARD,27,46.8
CARLOS YESID,27,37.0
CARMELO JORGE,27,57.1
CATALDO,27,50.9
CELESTINO JAVIER,27,49.5
CESAR ISMAEL,27,42.9
CESAR OSVALDO,27,49.8
CESAR STEVEN,27,26.6
CHRISTIAN AUGUSTO,27,37.1
CHRISTIAN ESTEBAN,27,35.7
CHRISTIAN GERMAN,27,42.4
CHRISTIAN SAMUEL,27,21.9
CHRISTOPHER JAVIER,27,21.3
CHRISTOPHER MANUEL,27,19.1
CHRISTOPHER PETER,27,52.6
CIPRIAN ADRIAN,27,37.9
CLAUDIO HERNAN,27,46.8
CLAUDIO OMAR,27,56.7
COLIN GEORGE,27,72.8
CONSTANTIN CORNEL,27,42.9
COSMIN MARIUS,27,35.3
CRISTIAN HUGO,27,39.8
CRISTIAN VIOREL,27,38.6
CRISTOBAL FERNANDO,27,50.2
CRISTOBAL PEDRO,27,48.7
CRISTOFER DAVID,27,21.3
CRISTOPHER GABRIEL,27,18.8
CUSTODIO MANUEL,27,51.9
DAHMAN,27,42.5
DAKIR,27,9.3
DAMIAN JAVIER,27,40.5
DAMIAN LUIS,27,42.6
DANIEL GERARD,27,36.1
DANIEL LEANDRO,27,32.5
DANIEL OCTAVIO,27,40.4
DANIEL RODOLFO,27,46.8
DANILO ALBERTO,27,40.2
DANILO ALEJANDRO,27,30.5
DARWIN SANTIAGO,27,31.2
DARWIN VICENTE,27,44.7
DAVID FEDERICO,27,43.7
DAVID GRAHAM,27,67.2
DAVID MARIUS,27,11.5
DAVID XAVIER,27,32.9
DELMAR,27,24.0
DENIS FABIAN,27,20.5
DENIS MANUEL,27,34.0
DEREK DANIEL,27,8.5
DEREK GABRIEL,27,9.2
DEREK WILLIAM,27,61.3
DESHENG,27,40.5
DETELIN,27,46.3
DEVINDER,27,42.6
DIDIMO,27,68.4
DIEGO EDINSON,27,42.4
DIEGO ENMANUEL,27,21.1
DIEGO HENRIQUE,27,30.3
DILAN GABRIEL,27,15.1
DIMAS JOSE,27,47.2
DIMITAR ANGELOV,27,44.5
DING,27,36.4
DIONCOUNDA,27,38.0
DIOSCORIDES,27,58.5
DIOULDE,27,38.5
DOMINGO FELIPE,27,61.2
DOMINGO GERMAN,27,52.2
DOMINGO RAUL,27,49.0
DORINDO,27,70.1
DUARTE NUNO,27,46.9
DUBAN,27,28.5
DWAYNE,27,9.8
DYLAN EMMANUEL,27,7.5
DYLAN GERARD,27,9.9
DYLAN OMAR,27,10.1
DYLAN STIVEN,27,10.9
EDGAR EFRAIN,27,50.7
EDGAR ERNESTO,27,46.1
EDGAR FELIPE,27,31.5
EDGAR SAMUEL,27,34.2
EDINSON FERNANDO,27,37.9
EDUAR ALEXANDER,27,35.0
EDUARD ALEJANDRO,27,26.7
EDUARDO BENITO,27,51.9
EDUARDO HUMBERTO,27,52.1
EDWIN ARLEY,27,39.3
EDWIN CAMILO,27,30.6
EDWIN GERMAN,27,46.6
EDWING,27,38.8
EITHAN ANDRES,27,4.1
EL BEKKAYE,27,51.9
EL HOUSSIEN,27,55.9
ELEAZAR JOSE,27,37.2
ELKIN DAVID,27,28.4
ELOY RAMON,27,50.7
EMILIANO SEBASTIAN,27,32.4
EMILIO ALEXANDER,27,30.3
EMILIO RUBEN,27,43.5
ENRIC JOAN,27,52.1
ENRIQUE FERMIN,27,53.7
ENRIQUE SERGIO,27,47.1
ENZO ALEXANDER,27,11.8
ENZO VALENTINO,27,10.1
ERIC ALBERTO,27,35.4
ERICK ERNESTO,27,36.5
ERICK OMAR,27,29.8
ERNESTO JOAQUIN,27,50.3
ERNESTO PABLO,27,55.2
ERWAN,27,33.5
ERWIN JOSE,27,37.1
ESTARLIN,27,31.2
EUGENIO GABRIEL,27,45.0
EYTHAN,27,4.5
FAISSEL,27,33.3
FAUSTI,27,59.7
FAUSTO EDUARDO,27,54.6
FEDERICO ALFONSO,27,50.7
FEDERICO MAXIMILIANO,27,39.2
FELIX ORLANDO,27,50.2
FELIX SANTOS,27,62.6
FERNAND,27,57.9
FERNANDO AARON,27,22.1
FLORIN DAN,27,43.7
FLORIN DUMITRU,27,43.0
FLORIN STEFAN,27,33.4
FRANCISCO DEMETRIO,27,57.8
FRANCISCO HIPOLITO,27,57.9
FRANCISCO HORACIO,27,50.2
FRANCISCO NOE,27,41.0
FRANCISCO PADUA,27,58.9
FRANCISCO PLACIDO,27,60.4
FRANCISZEK,27,20.2
FRANCO LEONEL,27,26.3
FREDDY GABRIEL,27,35.2
FREDDY SANTIAGO,27,38.2
FREDERICK WILLIAM,27,64.2
FREDRICK,27,38.1
GAEL ENRIQUE,27,7.5
GALO VINICIO,27,49.7
GEORGI ANGELOV,27,45.2
GERARDO JOAQUIN,27,47.4
GERMAN CAMILO,27,33.5
GERMAN RODRIGO,27,43.2
GHAILAN,27,51.8
GILBERTO JAVIER,27,44.5
GILBERTO LUIS,27,52.1
GIOVANNI MARIA,27,48.1
GOHAR,27,28.9
GONZALO EMANUEL,27,33.2
GONZALO GASTON,27,35.7
GONZALO GERMAN,27,40.3
GONZALO PATRICIO,27,49.4
GOSPODIN,27,47.9
GRAHAM PETER,27,69.0
GRAHAM WILLIAM,27,69.2
GUAIRE,27,17.2
GUANPING,27,58.2
GUI,27,36.2
GUILLERMO DAMIAN,27,43.3
GUILLERMO FELIX,27,44.7
GUILLERMO JULIO,27,53.6
GUMERSINDO JOSE,27,58.0
GUMERSINDO MANUEL,27,58.3
GUOBIN,27,53.5
GUSTAVO HECTOR,27,54.1
GUSTAVO ORLANDO,27,46.4
HAIZAM,27,18.4
HAMDY,27,44.4
HARJIT SINGH,27,37.5
HASSAM,27,36.4
HECTOR HUMBERTO,27,52.9
HENRY ALFREDO,27,47.2
HENRY SANTIAGO,27,28.9
HERMINSUL,27,56.9
HILARIO FRANCISCO,27,56.2
HONORIO JOSE,27,47.7
HU,27,40.8
IAN ANDRE,27,11.0
IAN BENJAMIN,27,13.9
IAN MARCO,27,12.2
IAN MARCOS,27,10.9
IAN MATHIAS,27,6.5
IAN PETER,27,60.2
IBRAHIM EL KHALIL,27,22.8
IGNACIO RODRIGO,27,35.7
IHEB,27,26.1
IKER ALESSANDRO,27,8.8
IKER FABIAN,27,12.4
INAKI,27,35.1
IOAN DAVID,27,15.6
IRVIN,27,33.9
ISAAC EMMANUEL,27,14.6
ISAAC JOEL,27,18.2
ISAAC LUIS,27,49.8
ISIDRO ANDRES,27,57.8
ISIDRO TOMAS,27,55.6
ISMAEL RAMON,27,49.1
ISMET,27,45.4
ISRAEL ENRIQUE,27,40.2
ISRRAEL,27,40.2
IVAN CESAR,27,43.6
IVAN ISRAEL,27,40.1
IVES,27,43.0
IWAN,27,33.6
IÑIGO MIGUEL,27,38.7
JACINTO ALBERTO,27,53.7
JACINTO ANGEL,27,59.2
JACINTO JUAN,27,63.1
JACOB DANIEL,27,21.8
JACOB MANUEL,27,26.5
JACOBO ALEJANDRO,27,29.2
JADE,27,15.3
JAGDEEP SINGH,27,30.9
JAGJEET,27,34.5
JAGMEET,27,29.4
JAHDIEL,27,8.9
JAIME JUNIOR,27,27.5
JAISON,27,32.2
JAMES ANTONIO,27,42.8
JAMES GEORGE,27,59.1
JAMES STEPHEN,27,55.4
JAUME XAVIER,27,39.4
JAVIER JACINTO,27,50.6
JAVIER RODOLFO,27,51.8
JAVIER VIDAL,27,53.9
JAYCOB,27,6.7
JEANCARLO,27,27.1
JEFFERSON STIVEN,27,25.4
JENRY,27,42.8
JEREMIAS EZEQUIEL,27,20.0
JEREMY ISAAC,27,12.9
JEROM,27,18.4
JERONIMO DAVID,27,33.6
JESUS ILDEFONSO,27,55.5
JESUS PATRICIO,27,57.2
JESUS VENANCIO,27,64.2
JHEISON,27,28.7
JHON BAYRON,27,25.2
JHON EDIER,27,36.3
JHON JANER,27,32.6
JHON MARLON,27,28.3
JHONATHAN ANDRES,27,32.9
JHONY ANDRES,27,34.2
JHOSUA,27,20.6
JIAQING,27,32.9
JIAWEN,27,23.7
JIMMY JOSUE,27,28.6
JINGYU,27,22.6
JINSONG,27,52.4
JOAN BOSCO,27,49.8
JOAO EDUARDO,27,42.2
JOAQUIM FERNANDO,27,55.8
JOAQUIN BLAS,27,52.5
JOAQUIN IVAN,27,31.6
JOAQUIN JAIME,27,59.9
JOEL CARLOS,27,32.9
JOHAN MATEO,27,18.3
JOHANNES MARIA,27,65.2
JOHN EDWAR,27,35.5
JOHN FRANCISCO,27,43.8
JOHN LEONARD,27,69.9
JOHN MATTHEW,27,36.5
JOHN VICTOR,27,55.6
JON KARLOS,27,49.2
JONAS JESUS,27,35.0
JONATHAN CRISTO,27,37.1
JONATHAN EDWARD,27,46.4
JONATHAN FELIPE,27,30.2
JONATHAN RAMON,27,31.2
JONATHAN STALIN,27,29.9
JORDI MARC,27,35.1
JORGE AITOR,27,36.2
JORGE EUSEBIO,27,51.0
JORGE LUIZ,27,48.3
JOSE ANTONIO MANUEL,27,66.3
JOSE ELEAZAR,27,46.4
JOSE HERMES,27,52.4
JOSE LISANDRO,27,41.6
JOSE MEDARDO,27,46.3
JOSE TANAUSU,27,35.8
JOSEPH SAMUEL,27,28.8
JOSTIN,27,14.0
JOSUE ADRIAN,27,23.3
JOSUE ISAI,27,22.3
JUAN CALIXTO,27,57.6
JUAN CONSTANTINO,27,51.8
JUAN ELEUTERIO,27,59.6
JUAN HERIBERTO,27,56.5
JUAN INDALECIO,27,51.1
JUAN INOCENCIO,27,60.8
JUAN MAXIMILIANO,27,44.8
JUAN OSVALDO,27,51.9
JUAN RIBERA,27,49.2
JUAN ZACARIAS,27,57.3
JULIAN ARTURO,27,46.2
JULIAN SEBASTIAN,27,41.3
JULIO CEZAR,27,39.6
JULIO ELIAS,27,53.8
JULIO OMAR,27,46.2
JULIO RODRIGO,27,37.9
JUNIOR EDUARDO,27,28.8
JUNMING,27,20.9
JUNZE,27,11.2
JUSTIN DANIEL,27,19.4
JUSTO CARLOS,27,56.5
JUSTO VICENTE,27,58.8
KADIALY,27,39.2
KALETH,27,4.1
KAWSAR,27,31.5
KEIRAN,27,14.0
KEITH RICHARD,27,64.5
KELVIN EDUARDO,27,31.5
KEVIN ALFONSO,27,27.0
KEVIN ANDREW,27,51.2
KEVIN CARLOS,27,26.6
KEVIN GERARDO,27,27.0
KHADIR,27,41.4
KHEIREDDINE,27,34.6
KONSTANTINS,27,36.6
KOUROSH,27,40.2
LAZARO DANIEL,27,30.5
LENIN ALBERTO,27,42.0
LEO GABRIEL,27,9.1
LEO NICOLAS,27,10.4
LEODEGARIO,27,66.5
LEON DAVID,27,30.1
LEONARDO FELIPE,27,30.0
LEONARDO XAVIER,27,31.6
LEONCIO JOSE,27,53.0
LEONEL FERNANDO,27,34.6
LIAM EDUARDO,27,4.0
LIAM ESTEBAN,27,4.9
LIAM JOSEPH,27,20.2
LIAM PAUL,27,16.2
LIHAO,27,24.1
LINHAO,27,18.0
LINWEI,27,36.2
LIXIONG,27,53.4
LO,27,36.5
LUAI,27,13.8
LUCA MANUEL,27,12.9
LUCAS EMILIO,27,24.5
LUCAS MATHIAS,27,12.5
LUCAS ROBERTO,27,29.7
LUCIAN ADRIAN,27,38.4
LUIS AMADEO,27,56.5
LUIS EMIRO,27,47.3
LUIS GIOVANNY,27,42.6
LUIS ILDEFONSO,27,61.9
LUIS REYES,27,58.1
LUIS URBANO,27,61.7
MADALIN FLORIN,27,30.9
MAHAMADI,27,39.1
MAHAMADOU LAMINE,27,26.9
MAIKEL JESUS,27,30.6
MALAK,27,19.1
MALCO,27,32.0
MAMADOU KORKA,27,39.4
MAMADOU SADIO,27,36.6
MAMDOUH,27,46.0
MANUEL ADRIANO,27,47.4
MANUEL BERNABE,27,56.5
MANUEL URBANO,27,62.4
MAODO MALICK,27,30.7
MARC JORDI,27,35.3
MARCELI,27,66.5
MARCELO GASTON,27,44.0
MARCIO ANDRE,27,40.3
MARCOS EMANUEL,27,22.9
MARCOS HERNAN,27,45.9
MARCOS MARTIN,27,40.6
MARIAN SEBASTIAN,27,31.7
MARIANO DAMIAN,27,42.7
MARIO DIEGO,27,40.8
MARIO EDGARDO,27,52.7
MARIO HECTOR,27,58.1
MARIO SAMUEL,27,34.2
MARIUS DAN,27,45.5
MARIUS ILIE,27,41.4
MARIUS MADALIN,27,29.0
MARIUS RAZVAN,27,36.4
MARTIN PORRES,27,50.1
MATEO ISAAC,27,7.4
MATEO TOMAS,27,23.4
MATEO VICENTE,27,32.9
MATEOS,27,48.5
MAURO ADRIAN,27,32.2
MAURO DAMIAN,27,41.2
MBALLO,27,39.2
MELVIN OMAR,27,32.9
MICHAEL GEOFFREY,27,63.3
MICHAEL SANTIAGO,27,22.3
MIGUEL AARON,27,27.3
MIGUEL AITOR,27,36.6
MIGUEL BARTOLOME,27,54.8
MIGUEL EZEQUIEL,27,31.0
MIGUEL JOSUE,27,26.0
MIGUEL MOISES,27,42.0
MIGUEL SERGIO,27,51.1
MIKHEILI,27,34.6
MILTON MARINO,27,51.6
MINGHUA,27,48.6
MINGJIE,27,32.3
MINGYANG,27,21.2
MOBARAK,27,34.0
MOHAMED AYMEN,27,22.2
MOHAMED BARAE,27,8.0
MOHAMED TAHAR,27,42.9
MOHAMMADHOSSEIN,27,32.4
MOHAMMED AZIZ,27,43.8
MOHAMMED EL AMIN,27,32.2
MOHAMMED NABIL,27,44.7
MOHMED,27,26.0
MOUHAMMAD,27,18.2
MUHAMMAD AKRAM,27,51.8
MUHAMMAD DAUD,27,12.2
MUHAMMAD IBRAHEEM,27,9.8
MUHAMMAD NAWAZ,27,50.6
MUHAMMAD ORHAN,27,1.5
MUSAB,27,15.7
MUSTANSAR,27,37.4
NABAR,27,24.5
NEDIM,27,38.5
NEIL ANDREW,27,59.4
NEIL ROBERT,27,58.9
NEIZAN DANIEL,27,5.9
NELSON JOEL,27,29.9
NELSON LEONARDO,27,39.1
NESTOR ADOLFO,27,43.5
NESTOR AUGUSTO,27,53.9
NESTOR MARTIN,27,44.7
NGOUDA,27,36.2
NICASIO MANUEL,27,60.3
NICHOLAS MARK,27,55.5
NICOLAS JAMES,27,18.6
NICOLAS SALVADOR,27,33.2
NIN,27,17.5
NIVARDO,27,59.7
NOAH MANUEL,27,9.9
NOUHOUN,27,35.5
OKBA,27,35.7
OLIVER ADRIAN,27,14.6
OLIVER ENRIQUE,27,25.7
OLIVER SAMUEL,27,15.6
OLIVO,27,51.9
OSCAR ANDRE,27,21.4
OSCAR BENITO,27,55.4
OTARI,27,30.5
OUSSAYD,27,1.6
OUXIANG,27,22.5
OVIDIO JAVIER,27,43.2
PABLO JUNIOR,27,25.6
PABLO PATRICIO,27,43.6
PATRICK CHARLES,27,57.1
PATRICK STEFAN,27,10.3
PAUL CATALIN,27,30.3
PAUL DOUGLAS,27,56.7
PAUL JAVIER,27,36.6
PAUL JONATHAN,27,51.4
PAUL NICHOLAS,27,58.8
PAUL VASILE,27,34.0
PAULO FRANCISCO,27,48.0
PEDRO ALCIDES,27,45.3
PEDRO ARSENIO,27,56.1
PEDRO CLEMENTE,27,60.9
PEDRO HILARIO,27,59.8
PEDRO RODOLFO,27,56.8
PENGXIANG,27,23.7
PETER JOSEF,27,68.2
PIERFRANCESCO,27,41.3
PIOTR ANDRZEJ,27,48.4
PIOTR JAN,27,47.8
QINGFENG,27,44.1
RACHED,27,38.9
RADU ADRIAN,27,37.3
RADU NICOLAE,27,36.2
RAJAB,27,25.4
RAJESH KUMAR,27,46.7
RAMESH KUMAR,27,48.6
RAMEZ,27,32.2
RAMON ADRIAN,27,39.9
RAMON AUGUSTO,27,50.7
RAUL ADOLFO,27,47.8
RAUL ELIAS,27,42.0
RAUL JAIME,27,54.6
RAYMON,27,37.2
RENATO ALONSO,27,28.6
RENE ALFREDO,27,51.7
RENE LUIS,27,50.4
RENZO DANIEL,27,28.4
RENZO DAVID,27,28.0
REYES MANUEL,27,48.8
RICARDO GREGORIO,27,56.8
RICHARD GUSTAVO,27,41.3
RICHARD JUNIOR,27,25.5
RICHARD MIGUEL,27,37.5
RICHARD PETER,27,57.9
ROBERT RAFAEL,27,36.8
ROBERTO ADOLFO,27,57.3
ROBERTO DAMIAN,27,42.1
ROBERTO HORACIO,27,62.8
ROBERTO VICTOR,27,50.8
RODRIGO SALVADOR,27,31.2
ROLANDO DANIEL,27,32.4
RONALD IVAN,27,36.1
RUBEN GREGORIO,27,42.4
RUBEN ISRAEL,27,41.6
RYAN JOHN,27,31.9
SALADINO,27,69.5
SALVADOR NICOLAS,27,42.1
SAMUEL JACOB,27,26.5
SANTOKH,27,49.2
SARKIS,27,40.6
SAROJ,27,32.4
SARUNAS,27,39.7
SAYED,27,41.5
SEBASTIAN ALEJO,27,39.8
SEBASTIAN ISAAC,27,18.3
SEGUNDO EFRAIN,27,53.7
SEGUNDO ERNESTO,27,53.5
SEPEHR,27,29.3
SERDAR,27,44.2
SERGIO AARON,27,22.4
SERGIO BENJAMIN,27,32.4
SERGIO EZEQUIEL,27,31.0
SERGIO OCTAVIO,27,48.2
SERGIU NICOLAE,27,35.6
SHABAN,27,34.7
SHAMEER,27,15.2
SHAY,27,32.8
SIAMAK,27,51.6
SIDDHARTH,27,29.8
SIMON NICHOLAS,27,59.6
SIRIFOU,27,38.2
SONU,27,32.4
STEFAN CLAUDIU,27,33.2
STEFAN IVANOV,27,54.9
STEINAR,27,61.8
STEVEN ALEXIS,27,23.2
STEVEN JOEL,27,18.9
SUCESO,27,69.8
SUYONG,27,46.3
SYLWESTER,27,47.2
TAMAR,27,34.4
TAMAZI,27,40.4
TEOFILO JESUS,27,62.4
THIAGO EMANUEL,27,7.6
THOMAS CHRISTOPHER,27,41.0
THOMAS FRANCIS,27,52.4
TOÑO,27,19.6
TUDOR ALEXANDRU,27,23.5
URRITZ,27,16.1
UZMAN,27,16.8
VALENTIN ANDRES,27,39.6
VALENTIN IULIAN,27,35.1
VASIL GEORGIEV,27,47.4
VENANCIO ANTONIO,27,59.6
VICENT FRANCESC,27,58.5
VICENTE BENJAMIN,27,46.2
VICENTE ROMAN,27,58.4
VICENTE VALENTIN,27,53.3
VICTOR IONUT,27,26.8
VICTOR MANUELLE,27,16.4
VIKRAMJEET,27,31.6
VIKTORS,27,52.2
VIRGINIJUS,27,53.3
WALED,27,20.0
WALTER ARMANDO,27,41.6
WALTER EMILIO,27,50.5
WALTER RENE,27,44.2
WARD,27,20.9
WASHINGTON FERNANDO,27,46.9
WEICHENG,27,35.4
WEILIANG,27,39.9
WEIZHONG,27,52.5
WEVERTON,27,29.5
WILKINS,27,38.7
WILLIAM CESAR,27,43.5
WILLIAM PATRICK,27,56.5
WILLIAM RENE,27,41.8
WILLIAN JESUS,27,49.2
WILMER FABIAN,27,36.6
WILMER IVAN,27,36.5
WILZON,27,44.1
XIANGYANG,27,32.4
XIANWEI,27,43.5
XINCHEN,27,9.1
XUELIANG,27,42.6
YANIS GABRIEL,27,9.7
YARE,27,18.4
YEAN CARLOS,27,35.6
YEFERSON ALEXANDER,27,29.7
YEFERSON JOSE,27,28.0
YHON JAIRO,27,46.4
YOANDRI,27,33.2
YOAV,27,34.8
YORDAN GEORGIEV,27,48.2
YU XUAN,27,12.2
YUKUN,27,29.5
YUSHENG,27,43.6
YUSIF,27,31.9
YUSSUF,27,15.6
YUWEI,27,37.0
ZAHARI,27,50.3
ZAIN ALI,27,19.4
ZAVIYAR,27,2.9
ZHIBO,27,26.0
ZHIGANG,27,50.0
ZHIGUO,27,46.6
ZHONGHUA,27,50.2
ZUGAITZ,27,34.8
ZULFIQAR ALI,27,52.5
ZURA,27,16.4
AARON STEVEN,26,13.0
ABDEL MALEK,26,22.7
ABDELBASSAT,26,30.0
ABDELKARIME,26,34.5
ABDELNOUR,26,15.7
ABDELOIHID,26,48.1
ABDOULAH,26,24.0
ABDRAHAMANE,26,35.5
ABDUL RAHIM,26,36.6
ABDULAYE,26,33.5
ABDULHADI,26,16.0
ABID HUSSAIN,26,48.3
ABRAHAM MIGUEL,26,27.4
ADORACION,26,78.0
ADRIAN AUGUSTO,26,27.3
ADRIAN BENJAMIN,26,20.3
ADRIAN OSCAR,26,42.7
ADRIAN VIOREL,26,46.2
ADRIANO MANUEL,26,43.6
AGUSTIN ARIEL,26,29.1
AGUSTIN DIEGO,26,45.9
AGUSTIN LORENZO,26,58.9
AHIL,26,6.3
AJAY KUMAR,26,38.7
AKHLAQ,26,40.5
ALAN ISAAC,26,15.6
ALAN LESLIE,26,71.7
ALAN STIVEN,26,16.7
ALBERTO CRISTIAN,26,27.3
ALBERTO SANTOS,26,54.2
ALEJANDRO CHRISTIAN,26,35.7
ALEJANDRO CRUZ,26,40.2
ALEJANDRO JUNIOR,26,24.5
ALEJANDRO LEON,26,32.6
ALEJANDRO MAXIMO,26,31.6
ALEX MIHAI,26,16.2
ALEXANDER EDWARD,26,39.9
ALEXANDER ISRAEL,26,24.8
ALEXANDER ROBERT,26,27.5
ALEXANDRU LAURENTIU,26,30.3
ALEXANDRU PAUL,26,26.9
ALEXIS JUAN,26,40.3
ALFREDO DOMINGO,26,60.6
ALFREDO EUGENIO,26,56.9
ALLAN DANIEL,26,21.0
ALLAN EDUARDO,26,27.0
ALVARO HUMBERTO,26,41.1
ALVARO VICTOR,26,44.1
AMANUEL,26,19.1
AMILKAR,26,38.7
AMINUL,26,35.0
AMIROUCHE,26,42.6
AMRITPAL SINGH,26,30.0
ANANDA,26,26.6
ANDER DAVID,26,13.2
ANDERSON ALEXIS,26,23.3
ANDERSON FELIPE,26,29.7
ANDRE ALESSANDRO,26,13.5
ANDREI PAUL,26,28.2
ANDRES EMILIANO,26,32.6
ANDRES LEANDRO,26,44.5
ANGEL BARTOLOME,26,51.9
ANGEL DANILO,26,40.2
ANGEL RIGOBERTO,26,53.1
ANGEL URIEL,26,18.5
ANIBAL RAFAEL,26,46.4
ANTOAN,26,21.5
ANTONEL,26,46.2
ANTONIO FLORENTINO,26,63.4
ANTONIO ROSENDO,26,60.6
ANUP,26,31.4
ARIEL ARMANDO,26,40.1
ARIEL OMAR,26,40.6
ARMANDO RAUL,26,46.6
ARNAL,26,23.2
ARSENIO JESUS,26,57.2
AVELLI,26,59.0
BABAKAR,26,24.2
BACILIO,26,53.4
BADEL,26,31.7
BAHIA,26,29.5
BALBINO JOSE,26,52.9
BANARAS,26,42.2
BARRA,26,42.4
BARTOLOME JAVIER,26,49.9
BASTIAN ANDRES,26,25.5
BEHROOZ,26,58.2
BEKAYE,26,32.3
BENJAMIN PAUL,26,35.7
BERNARDINO MANUEL,26,60.2
BILALE,26,28.3
BILL,26,44.8
BOGDAN VALENTIN,26,29.7
BONI,26,25.7
BORJA JUAN,26,37.9
BRAHIAN ANDRES,26,25.5
BRAULIO MIGUEL,26,44.5
BRAYAN GABRIEL,26,22.2
BRIAN PATRICK,26,56.0
BRIAN STIVEN,26,25.7
BRUNO LEONARDO,26,27.0
BRUNO MARIA,26,38.2
BRUNO SANTIAGO,26,25.3
BRYAN ESTEBAN,26,27.5
BRYAN RAFAEL,26,24.3
BULAHI,26,29.0
BYRON PAUL,26,36.0
CARLOS ADRIANO,26,32.5
CARLOS AVELINO,26,55.0
CARLOS CAMILO,26,35.4
CARLOS ESTUARDO,26,44.5
CARLOS FAUSTINO,26,60.2
CARLOS ISAIAS,26,35.4
CARLOS NARCISO,26,50.6
CARLOS RENATO,26,41.1
CEBRIA,26,57.8
CELESTIN,26,40.4
CESAR RAMIRO,26,50.0
CESAR VALENTIN,26,43.0
CESAR VICTOR,26,51.3
CHAHINE,26,24.8
CHAND,26,33.7
CHANGQING,26,50.3
CHARLES ANTHONY,26,66.8
CHENJIE,26,21.3
CHRISTIAN EMMANUEL,26,30.9
CHRISTIAN GIOVANNI,26,37.6
CHRISTIAN JUAN,26,41.6
CHRISTOPHER AARON,26,19.3
CHRISTOPHER JOEL,26,18.5
CHRISTOPHER STEPHEN,26,54.0
CHRYSTIAN,26,27.4
CIPRIAN ANDREI,26,34.0
CIPRIAN MARIAN,26,40.0
CLAUDIO DAMIAN,26,47.5
CLAUDIO ESTEBAN,26,50.7
CONSTANTIN ROBERT,26,35.2
CORI,26,31.3
CRISPINIANO,26,76.7
CRISTHIAN IVAN,26,30.4
CRISTHIAN MARCELO,26,35.3
CRISTIAN COSMIN,26,33.0
CRISTIAN FEDERICO,26,39.3
CRISTO RAMON,26,45.6
CRISTOBAL MARIA,26,51.9
CRUZ JOSE,26,50.2
DALAI,26,18.0
DANIEL ELOY,26,34.9
DANIEL HENRIQUE,26,31.3
DANIEL ION,26,46.1
DANIEL JOAN,26,30.7
DANIEL MARCEL,26,41.0
DANIEL MAXIMILIANO,26,34.7
DANIEL OVIDIU,26,39.1
DANNY ALBERTO,26,35.7
DANY ALEXANDER,26,30.7
DANYEL,26,15.0
DARREN LEE,26,52.0
DARWIN STIVEN,26,27.2
DAVI LUCAS,26,11.5
DAVID CRISTO,26,35.3
DAVID FELIX,26,48.1
DAVID GERARD,26,40.8
DAVID ISAIAS,26,33.8
DAVID IULIAN,26,15.8
DAVID SAUL,26,31.3
DAVIDS,26,15.3
DENIS JESUS,26,33.3
DEREK SANTIAGO,26,10.5
DIAKITE,26,38.7
DIONISIO ANGEL,26,63.4
DIPESH,26,31.3
DIVINE,26,15.1
DJAKARIDJA,26,35.9
DOMINGO DAMIAN,26,51.4
DOMINGO JOAQUIN,26,57.2
DOUGLAS JAVIER,26,38.5
DOUGLAS JOHN,26,67.5
DOUGLAS RAFAEL,26,43.4
DRAC,26,7.3
DUMITRU ALIN,26,34.7
DYLAN CAMILO,26,11.9
EDER JOSE,26,30.3
EDGARDO ANDRES,26,42.9
EDISON RAFAEL,26,42.7
EDISON RAMIRO,26,44.6
EDUARDO FRANCO,26,32.2
EDWARD ALEXIS,26,29.9
EDWARD MICHAEL,26,46.3
EDWIN STEVEN,26,25.4
EL AKIL,26,55.0
EL BOUDALI,26,44.2
EL MOFADAL,26,53.4
ELIAB,26,16.1
ELIAN ALEJANDRO,26,12.3
ELIAN JESUS,26,12.8
ELICEO,26,47.5
ELKIN JAVIER,26,42.3
ELOY RAFAEL,26,45.5
ELVIS ALEJANDRO,26,31.9
EMANUEL ANDRES,26,26.7
EMILIO ADOLFO,26,59.7
EMILIO LORENZO,26,61.9
EMILIO PASCUAL,26,59.2
ENMANUEL ALEXANDER,26,21.3
ENRIQUE FABIAN,26,38.6
ENRIQUE MARCOS,26,58.0
ENZO LUCIANO,26,12.6
ERAN,26,32.9
ERI,26,28.8
ERICSON,26,40.7
ERNESTO ALEXANDER,26,34.4
ERNESTO IGNACIO,26,54.5
ESTEBAN ADRIAN,26,28.0
ESTEBAN FABIAN,26,40.2
ESTEBAN JORGE,26,52.2
ESTEBAN LEONARDO,26,32.1
EUGENIO ALFONSO,26,56.5
EUGENIO SANTIAGO,26,63.1
EUGENY,26,40.0
EXUPERIO,26,71.8
EYLAN,26,3.5
EZEQUIAS,26,28.9
FABIAN HUMBERTO,26,39.5
FABIAN SANTIAGO,26,23.5
FABIO HENRIQUE,26,37.2
FADLI,26,35.4
FAROK,26,14.5
FARSHAD,26,49.0
FELIPE ALEXANDER,26,25.7
FELIPE GUILLERMO,26,47.9
FELIPE PABLO,26,49.4
FELIX ALVARO,26,45.6
FELIX MARCOS,26,55.7
FERMIN ENRIQUE,26,56.1
FERNANDO ISIDORO,26,59.0
FIDEL ALBERTO,26,53.2
FLAVIO ANDRES,26,36.0
FLORIN GEORGE,26,38.7
FLORIN SEBASTIAN,26,35.5
FOUDIL,26,45.8
FRANCIS JOSEPH,26,55.3
FRANCISCO ALEJO,26,51.7
FRANCISCO ALEXANDRE,26,35.4
FRANCISCO BENIGNO,26,62.8
FRANCISCO CAMILO,26,53.2
FRANCISCO MARCELINO,26,63.2
FRANCISCO MAURICIO,26,56.4
FRANCISCO NARCISO,26,55.0
FRANCISCO SILVESTRE,26,53.4
FRANCISCO TADEO,26,40.8
FRANCO EMILIANO,26,28.5
FREDDY OSWALDO,26,46.6
GABRIEL LEANDRO,26,31.9
GABRIEL LUCIAN,26,32.6
GABRIEL MARIANO,26,44.8
GABRIEL MAXIMILIANO,26,31.3
GABRIEL SORIN,26,35.5
GALDERIC,26,20.1
GARETH DAVID,26,51.2
GASTON DANIEL,26,36.9
GASTON EMANUEL,26,32.7
GASTON JOSE,26,42.5
GAUMET,26,23.0
GEOFFREY WILLIAM,26,73.6
GEORGE CONSTANTIN,26,35.9
GEORGE SORIN,26,37.4
GEORGI NIKOLOV,26,52.6
GEOVANNY PATRICIO,26,42.3
GERARDO IGNACIO,26,49.2
GHAIT,26,3.0
GHEORGHE CIPRIAN,26,43.7
GHEORGHE LAURENTIU,26,38.9
GHEORGHE LUCIAN,26,41.7
GHULAM MUSTAFA,26,44.2
GIL ANTONIO,26,56.4
GILBERTO ENRIQUE,26,44.6
GILDARDO JESUS,26,63.4
GILDO,26,48.5
GLYN,26,69.3
GOLAM,26,39.8
GONZALO JAIME,26,44.2
GORDIANO,26,67.0
GREGOIRE,26,47.1
GREGORIO AGUSTIN,26,62.0
GREGORIO PABLO,26,56.5
GRISHA,26,41.3
GUGA,26,17.0
GUILLERMO ARMANDO,26,40.1
GUILLERMO GERMAN,26,47.4
GUIMBA,26,38.1
GUOGUANG,26,61.2
GUOXING,26,54.3
GURVEER,26,13.2
GUSTAVO ELIAS,26,41.7
GUSTAVO MARIO,26,58.3
GUSTAVO OSCAR,26,51.8
HAARON,26,7.9
HAFEEZ,26,40.2
HAFIZ,26,33.8
HAMZAH,26,23.8
HANIBAL,26,13.9
HAODONG,26,20.0
HAROLD EDUARDO,26,34.9
HARVY,26,42.8
HAYDAR,26,35.6
HECTOR DOMINGO,26,44.0
HECTOR EDGARDO,26,48.5
HEMANT,26,32.8
HENDRIKUS,26,68.2
HENDRIKUS JOHANNES,26,65.0
HENRY ARTURO,26,43.4
HERNAN ALFREDO,26,40.7
HISCIO,26,51.9
HLAL,26,46.3
HOOMAN,26,38.2
HORACIO RUBEN,26,56.6
HOUMMADA,26,52.3
HOUSSEM EDDINE,26,25.4
HUGO SERGIO,26,49.9
HUGO VICTOR,26,39.7
IAN CARLO,26,18.1
IAN EMMANUEL,26,6.5
IDREES,26,42.9
IGNACIO DAMIAN,26,37.3
IGNACIO OSCAR,26,57.4
IKER ALONSO,26,13.3
IKER JOAN,26,16.9
ILDEFONSO MARIA,26,51.7
ION CLAUDIU,26,41.5
IONEL MARIAN,26,43.7
IONEL SORIN,26,44.1
ISAAC ISRAEL,26,26.2
ISAAC MOISES,26,28.7
ISAIAS JOSUE,26,17.4
ISEL,26,35.4
ISMA,26,27.0
ISMAEL MARIA,26,46.3
IULIAN ADRIAN,26,34.8
IVAN ATANASOV,26,46.7
IVAN OMAR,26,42.0
IVAN RAMIRO,26,38.8
JACK ANTHONY,26,23.8
JACOMAR,26,33.4
JAHAZIEL,26,18.6
JAIME ADOLFO,26,49.3
JAMES ALBERT,26,51.8
JAMES FREDERICK,26,62.3
JAMES GERARD,26,62.9
JAN CARLO,26,25.6
JASON JOHN,26,48.8
JAVER,26,31.2
JAVIER EUSEBIO,26,55.1
JEEVAN,26,36.5
JEREMY ANTONIO,26,18.3
JEREMY PAUL,26,35.7
JESUS CRISTO,26,40.7
JESUS ELISEO,26,56.7
JHOAN FERNANDO,26,25.5
JHON ANDER,26,16.6
JHON EIDER,26,31.8
JIMMY SANTIAGO,26,30.4
JINBO,26,33.7
JINGCHEN,26,4.1
JINXUAN,26,13.7
JINYAN,26,24.6
JOAN ARNAU,26,24.0
JOAO BAPTISTA,26,58.8
JOAO TIAGO,26,36.4
JOAQUIN ADOLFO,26,51.1
JOAQUIN CARMELO,26,59.7
JOE ALEXANDER,26,34.5
JOEL AARON,26,21.6
JOEL ABRAHAM,26,22.7
JOHAN PAUL,26,32.5
JOHANN ALEXANDER,26,25.0
JOHN HARRY,26,53.0
JOHN LAWRENCE,26,46.8
JONATHAN ALFONSO,26,36.5
JONATHAN CAMILO,26,30.3
JONATHAN JUNIOR,26,17.5
JONATHAN RUBEN,26,33.1
JONATHAN VICENTE,26,32.6
JORDANO,26,32.7
JORDANY,26,26.8
JORDI MIGUEL,26,32.2
JORDI VICENT,26,46.5
JORGE ELADIO,26,60.0
JORGE JACINTO,26,47.7
JORGEN,26,58.9
JOSE ASUNCION,26,51.6
JOSE ATILANO,26,58.1
JOSE AYTHAMI,26,28.1
JOSE LUIS JESUS,26,65.3
JOSE OBDULIO,26,59.5
JOSE RONALDO,26,35.1
JOSEP ALEXANDRE,26,38.4
JOSEP PASQUAL,26,61.0
JOSEP RAFAEL,26,60.0
JOSEPH EDUARDO,26,24.4
JOSEPH JAMES,26,39.2
JUAN BALDOMERO,26,54.7
JUAN CASIMIRO,26,54.7
JUAN EFRAIN,26,46.5
JUAN ESTANISLAO,26,54.2
JUAN JONATHAN,26,39.7
JULIAN ELIAS,26,44.6
JULIAN GONZALO,26,47.4
JULIO DARIO,26,44.9
JULIO MAURICIO,26,46.0
JUNIO,26,33.9
JUNIOR FRANCISCO,26,28.7
JUNLEI,26,30.5
JUNLIANG,26,34.6
JUSTIN JOSE,26,16.2
JUSTO ALEJANDRO,26,40.5
JUSTO GERMAN,26,60.1
KABEER,26,28.8
KADRI,26,40.0
KALANI,26,13.3
KAMALPREET,26,28.3
KARIME,26,38.9
KARLHEINZ,26,68.2
KEITH ANTHONY,26,67.9
KELVIN JESUS,26,29.8
KEVIN ALONSO,26,24.7
KEVIN CHARLES,26,61.6
KEVIN ELIAS,26,25.0
KEVIN JUNIOR,26,22.1
KEVIN MARIO,26,20.6
KHADIM RASSOUL,26,15.7
KJELL,26,63.9
KRISHAN,26,42.8
KRISTOPHER,26,23.3
KRZYSZTOF PIOTR,26,46.2
LAKHLIFA,26,36.6
LAMNAOUAR,26,45.1
LAURENTIU MIHAI,26,34.3
LAURENTIU NICOLAE,26,42.2
LAUTARO DANIEL,26,20.7
LAZARO RAFAEL,26,48.3
LEANDRO CARLOS,26,40.7
LENIN JAVIER,26,34.3
LEO MARTIN,26,11.4
LEOPOLDO ENRIQUE,26,46.5
LIAM EMANUEL,26,5.0
LIAM MICHAEL,26,17.5
LIBARDO ANDRES,26,34.4
LINDOMAR,26,47.7
LIO,26,4.2
LORENZO PEDRO,26,58.0
LORENZO TOMAS,26,47.3
LUCAS ANGEL,26,34.7
LUCAS CARLOS,26,35.7
LUCAS ELIAS,26,14.6
LUCAS VALENTINO,26,10.0
LUCIAN ALEXANDRU,26,34.7
LUCIAN DANIEL,26,37.3
LUCIANO EMANUEL,26,31.2
LUCIANO JOAQUIN,26,30.1
LUCINDO,26,69.0
LUIS ADALBERTO,26,49.1
LUIS HOMERO,26,49.9
LUIS MATHIAS,26,11.9
LUIS OVIDIO,26,60.8
MADALIN GABRIEL,26,26.0
MAHAMMADOU,26,29.1
MAIRU,26,13.5
MAKKI,26,57.8
MALIK MUHAMMAD,26,43.0
MANAN,26,31.2
MANDING,26,42.0
MANEL JOSEP,26,46.6
MANUEL AARON,26,30.2
MANUEL ARSENIO,26,59.0
MANUEL CASIMIRO,26,68.4
MANUEL LINO,26,67.0
MANUEL PINO,26,61.3
MANUEL SEVERINO,26,64.8
MANVEL,26,43.3
MARCELINO PEDRO,26,66.5
MARCELO DARIO,26,49.9
MARCIN PAWEL,26,43.3
MARCIN PIOTR,26,44.3
MARCO IGNACIO,26,29.3
MARCOS XAVIER,26,30.4
MARIAN GHEORGHE,26,41.6
MARIAN IONEL,26,40.7
MARIANO CARMELO,26,65.6
MARIANO EMILIO,26,56.6
MARIO AURELIO,26,45.2
MARIO OMAR,26,54.2
MARIUS AUREL,26,40.9
MARIUS CORNEL,26,40.6
MARTIN LORENZO,26,36.5
MARTIN RODOLFO,26,47.0
MARTOS,26,58.9
MARVIN DAVID,26,27.0
MASSIMO ALESSANDRO,26,13.5
MATEI STEFAN,26,10.0
MATEO RAMON,26,37.2
MATHIUS,26,7.5
MATIAS CARLOS,26,41.9
MATIAS LUCIANO,26,27.1
MATIAS RUBEN,26,29.8
MATTEO ALEJANDRO,26,6.8
MAURICIO AGUSTIN,26,34.7
MAURICIO ARIEL,26,44.0
MAURICIO DAMIAN,26,36.3
MAXENCE,26,23.1
MAXIMILIANO EDUARDO,26,39.4
MD ALI,26,35.3
MERCEDES,26,71.7
MICHAEL AARON,26,23.5
MICHAEL ANGEL,26,35.1
MICHEL JOSEPH,26,67.2
MIGUEL ANGEL JOSE,26,47.1
MIGUEL ANIBAL,26,41.8
MIGUEL ANTHONY,26,24.1
MIGUEL BORJA,26,38.3
MIGUEL HORACIO,26,50.4
MIGUEL MARCELO,26,46.0
MIHAI GHEORGHE,26,41.4
MIKEL IÑAKI,26,48.0
MINH,26,25.7
MINJIE,26,34.1
MIRCEA DANIEL,26,42.9
MOH LAMIN,26,44.0
MOHAMED FOUAD,26,40.0
MOHAMED YASIR,26,10.7
MOHAMMAD ABDUL,26,35.6
MOHAMMED RACHID,26,52.0
MOISES CARLOS,26,55.7
MOKHLES,26,24.1
MONTASSER,26,27.1
MORI,26,29.4
MOUHAMADOU FALILOU,26,24.4
MUHAMMAD IQBAL,26,52.2
MUHAMMAD ISSA,26,3.0
MUHAMMAD ZOHAIB,26,21.7
MUHSIN,26,35.3
NADHIR,26,24.0
NAHUEL MARTIN,26,28.5
NASR,26,29.3
NAWAZISH,26,34.5
NEIL JAMES,26,53.1
NESTOR ORLANDO,26,48.7
NESTOR SANTIAGO,26,32.2
NEVEN,26,44.6
NEWTON,26,40.9
NGUYEN,26,33.8
NICOLAE CLAUDIU,26,39.0
NICOLAS ELIAS,26,25.4
NICOLAS SERGIO,26,37.5
NIKOLAUS,26,56.2
NIMAI,26,11.0
NOEL ALBERTO,26,32.1
NORBERTO FRANCISCO,26,59.5
NOREDINE,26,43.5
OKACHA,26,49.9
OLAY,26,21.6
OMAR MOHAMED,26,25.7
OMAR YESID,26,32.7
OSAZEE,26,37.5
OSCAR FEDERICO,26,50.8
OSCAR YESID,26,37.3
OTON,26,54.6
OVIDIO ANTONIO,26,62.3
OVIDIO MANUEL,26,58.8
PABLO ABRAHAM,26,34.0
PABLO GINES,26,34.7
PABLO ISAIAS,26,27.8
PABLO RENE,26,38.6
PABLO VINICIO,26,42.5
PAPA MALICK,26,34.9
PASCUAL SALVADOR,26,60.0
PATRICIO JUAN,26,48.0
PAU LLUIS,26,37.4
PAU XAVIER,26,31.1
PAUL BERNARD,26,63.8
PAUL FREDERICK,26,67.0
PAUL GEORGE,26,44.8
PAUL KENNETH,26,60.1
PEDRAM,26,35.9
PEDRO CRUZ,26,58.5
PEDRO LUCIO,26,57.2
PEDRO SAUL,26,34.6
PEP LLUIS,26,31.3
PERE MARIA,26,60.7
PETRU MARIUS,26,48.0
PHILIP EDWARD,26,54.4
PIERO ALEJANDRO,26,21.5
PIERRE FRANÇOIS,26,53.6
POLO,26,12.6
QIHANG,26,16.2
QIHAO,26,18.7
QIXUAN,26,14.5
RADOVAN,26,44.1
RADU FLORIN,26,36.4
RAFAYEL,26,36.5
RAINIER,26,36.0
RAKIB,26,30.0
RAMON GUSTAVO,26,53.1
RAMON NONATO,26,59.8
RAMON RAUL,26,53.6
RAUL BOGDAN,26,21.2
RAUL ISMAEL,26,39.2
RAUL MOISES,26,41.0
RAUL RODRIGO,26,49.6
RECESVINTO,26,65.3
REGALADO,26,70.1
RESHAM,26,35.5
REYMUNDO,26,46.0
RICARDO BENJAMIN,26,42.8
RICARDO MARIANO,26,56.7
RICAURTE,26,56.5
RICHARD ARMANDO,26,41.8
RIYAN,26,14.3
ROBERT CHRISTOPHER,26,57.4
ROBERT EDUARD,26,31.7
ROBERT VASILE,26,29.1
ROBERTO ALONSO,26,36.1
ROBERTO ISAAC,26,43.2
ROBERTO PASCUAL,26,55.4
RODOLFO GABRIEL,26,47.4
RODOLFO VALENTINO,26,46.9
RODRIGO FELIPE,26,39.1
RODRIGO TOMAS,26,29.1
ROGER CHARLES,26,68.6
ROLANDO MANUEL,26,39.9
ROMAN ANDRES,26,36.4
RONALD PAUL,26,49.4
ROSMEN,26,36.9
RUBEN ISMAEL,26,39.0
RUIFENG,26,29.5
RUIJIE,26,22.7
RYAN ALEXANDER,26,16.3
SALHI,26,38.3
SALVADOR IVAN,26,42.8
SALVADOR JAIME,26,59.9
SAMUEL EMILIO,26,27.3
SAMUEL MAURICIO,26,19.1
SANTIAGO ELOY,26,43.5
SANTOS EDUARDO,26,51.5
SANTOS RAFAEL,26,58.7
SARWAN,26,49.8
SAUL ERNESTO,26,35.6
SEGUNDO ALEJANDRO,26,50.4
SEGUNDO BOLIVAR,26,55.5
SEGUNDO JULIO,26,57.6
SEGUNDO PABLO,26,52.2
SERGIO GERARDO,26,46.3
SERGIO HENRIQUE,26,40.2
SERGIO RODOLFO,26,47.9
SERGIU CONSTANTIN,26,32.2
SEVDALIN,26,45.6
SEVERINO JOSE,26,60.8
SHAHRIAR,26,37.3
SHAHZEB,26,24.7
SHAMIR,26,25.2
SHAOJUN,26,44.6
SHEHZAD,26,37.5
SIDI ALI,26,46.0
SILVIO JAVIER,26,45.2
SILVIU DANIEL,26,33.4
SIMON CARLOS,26,53.2
SORIN FLORIN,26,41.0
SORIN MIHAI,26,41.8
SOULE,26,35.7
STALIN ANDRES,26,29.0
STEFAN MIHAI,26,26.0
STEFAN VASILE,26,36.7
STEVEN FERNANDO,26,26.1
STEVEN MANUEL,26,21.2
STEVEN RICHARD,26,53.2
TAHSIN,26,24.7
TAUSEEF,26,35.1
TEJINDER,26,38.9
TEOFILO JOSE,26,62.2
THIJS,26,34.5
THOMAS OLIVER,26,35.9
TIAGO DANIEL,26,28.9
TIBERIUS,26,40.4
TITO ANTONIO,26,52.2
TITO JOSE,26,48.7
TOLO,26,16.3
TOMAS ARTURO,26,49.5
TOMAS RAUL,26,53.6
TOMASZ PIOTR,26,44.8
TONNY,26,52.9
TUSHAR,26,25.5
UGUR,26,37.7
UMAR FAROOQ,26,33.3
UNATZ,26,26.8
UTMAN,26,26.2
VALENTIN ANDREI,26,21.8
VALERICO,26,79.0
VICENT MANUEL,26,57.5
VICENTE ERNESTO,26,60.0
VICENTE GONZALO,26,60.2
VICENTE LEONARDO,26,50.5
VICTOR BENJAMIN,26,42.0
VICTOR FERMIN,26,49.2
VICTOR LEONEL,26,33.7
VICTOR STEFAN,26,21.8
VICTORIO JOSE,26,50.3
VIDAL ANGEL,26,58.1
VILSON,26,39.1
VINAY,26,30.7
VIOREL DANIEL,26,41.3
VIOREL GABRIEL,26,34.8
VLAD STEFAN,26,20.3
VOJTECH,26,34.5
VOLKAN,26,36.7
WADE,26,36.4
WALTER ARTURO,26,48.7
WALTER VICENTE,26,50.9
WASHINGTON ALBERTO,26,52.5
WEIKANG,26,29.6
WENSHENG,26,42.8
WENWU,26,42.8
WILBER JOSE,26,36.0
WILFREDO RAFAEL,26,45.5
WILLIAM XAVIER,26,35.3
WILSON RAUL,26,43.1
WITOLD,26,59.7
WOLFRAM,26,63.6
XANDRO,26,17.0
XAVIER FERNANDO,26,36.9
XAVIER RAMON,26,42.7
XIANPING,26,55.9
XINYANG,26,20.7
XUEPING,26,53.3
YAKUBU,26,34.6
YERED,26,27.7
YHONATAN,26,33.7
YONGMIN,26,50.0
YU HAO,26,12.1
YUNAN,26,25.8
YUQING,26,47.6
YURIEL,26,15.2
YUXIN,26,35.4
ZAKARIE,26,24.6
ZAKARIYAA,26,24.8
ZEBENSUY,26,40.3
ZHEHAO,26,17.3
ZHENWEI,26,37.6
ZHU,26,42.3
ZIED,26,33.3
AARON MATEO,25,10.8
ABDELAZYZ,25,37.7
ABDELBAR,25,35.6
ABDELGHAFOR,25,34.3
ABDELMOUMENE,25,40.4
ABDELMOUNAIME,25,32.1
ABEL ALBERTO,25,49.6
ABEL JUAN,25,46.8
ABRAHAM ELIAS,25,24.7
ADMIR,25,41.3
ADRIAN ISRAEL,25,22.4
ADRIAN ORLANDO,25,27.4
AGUSTIN ADRIAN,25,30.8
AGUSTIN ALEXIS,25,45.1
AGUSTIN FEDERICO,25,38.5
AGUSTIN GUILLERMO,25,49.9
AICARDO,25,52.1
AIRAM MANUEL,25,29.0
AIRAN JESUS,25,29.8
AITOR FERNANDO,25,32.4
ALAN FRANCISCO,25,31.3
ALAN PETER,25,59.5
ALAR,25,14.8
ALBERT ANDREI,25,13.9
ALBERTO ARMANDO,25,54.7
ALBERTO LEONARDO,25,50.1
ALBERTO MAGNO,25,45.2
ALEJANDRO AARON,25,29.1
ALEJANDRO AURELIO,25,36.4
ALEJANDRO CRISTOBAL,25,40.2
ALEJANDRO HECTOR,25,51.5
ALEJANDRO LEONARDO,25,30.7
ALEJANDRO MAXIMILIAN,25,38.8
ALEJANDRO WALTER,25,49.3
ALEX ALEJANDRO,25,32.1
ALEX MARIAN,25,17.8
ALEX SAMUEL,25,18.9
ALEX VINICIO,25,35.5
ALEXIS ALEXANDER,25,34.1
ALFONSO DIEGO,25,50.7
ALFONSO GREGORIO,25,55.5
ALFREDO ESTEBAN,25,56.9
ALGIRDAS,25,55.0
ALONSO DANIEL,25,30.1
ALVARO ISAAC,25,19.7
AMANDO JOSE,25,57.1
AMIRALI,25,21.1
ANDERSON JULIAN,25,25.8
ANDREI VIOREL,25,34.6
ANDRES HERNANDO,25,43.8
ANDRES OCTAVIO,25,40.5
ANGEL ARSENIO,25,60.3
ANGEL DIOS,25,38.0
ANGEL GILBERTO,25,54.8
ANGEL ISIDORO,25,60.5
ANGEL MAXIMO,25,63.2
ANGEL NARCISO,25,61.1
ANGEL REMIGIO,25,61.9
ANGREJ,25,39.8
ANTHONY ADRIAN,25,23.5
ANTHONY STEPHEN,25,58.1
ANTONIO CESAREO,25,58.9
ANTONIO ELISEO,25,59.1
ANTONIO ILDEFONSO,25,62.7
ANTONIO PAULA,25,52.3
ARAD,25,13.4
ARAL,25,16.7
ARAS,25,12.0
ARCHIBALD,25,31.9
ARIEL RICARDO,25,43.6
ARLAN,25,18.0
ARMANDO JOSUE,25,23.9
ARNALDO JESUS,25,42.2
ARSHIA,25,23.2
ARTURO RICARDO,25,55.5
ASHAR,25,18.7
ASHTON,25,13.9
ATHAN,25,12.4
AUGUSTO NICOLAS,25,36.1
AURELIO VICENTE,25,57.7
AVTAR SINGH,25,43.2
AXEL IVAN,25,21.1
AXEL MARTIN,25,19.7
AZARIAS,25,33.5
BABU,25,44.9
BAI,25,34.0
BALDOMERO JOSE,25,60.6
BALJIT SINGH,25,37.8
BARRY WILLIAM,25,71.9
BARTOLOME LUIS,25,60.5
BELIAN,25,9.0
BENAS,25,16.1
BENEDIKT,25,30.8
BENJAMIN FERNANDO,25,40.6
BENNACER,25,55.1
BERNABE JESUS,25,49.0
BERTOMEU,25,57.1
BIENVENIDO JESUS,25,53.3
BIJAN,25,55.5
BLAISE,25,40.1
BLAL,25,42.9
BLAS ANDRES,25,46.7
BOUAZA,25,49.1
BOUSSIF,25,46.4
BRAYAN RICARDO,25,25.1
BRIAN FERNANDO,25,24.9
BRYAN FELIPE,25,22.9
BRYAN STEEVEN,25,26.7
BYRON MAURICIO,25,37.6
CAMILO SEBASTIAN,25,28.0
CARLES JOAN,25,43.9
CARLOS DEMETRIO,25,57.2
CARLOS EDISON,25,49.1
CARLOS ENMANUEL,25,23.5
CARLOS EVARISTO,25,53.9
CARLOS KEVIN,25,30.9
CARLOS RIGOBERTO,25,49.5
CASIMIRO ANTONIO,25,63.5
CELINO,25,55.9
CELSO MIGUEL,25,56.5
CESAR AURELIO,25,58.7
CESAR LORENZO,25,51.0
CESAR PAUL,25,39.1
CESAR SAMUEL,25,29.0
CESAREO ANTONIO,25,58.6
CHEIKH BAMBA,25,26.2
CHIRAG,25,25.2
CHRISTHIAN,25,30.7
CHRISTIAN ANGEL,25,33.2
CHRISTIAN LEONEL,25,30.4
CHRISTIAN MATEO,25,15.0
CHRISTIAN MICHEL,25,45.6
CHRISTOFFER,25,31.3
CHRISTOPHE JEAN,25,52.7
CHRISTOPHER ALEXIS,25,21.5
CHRISTOPHER ANTONIO,25,18.2
CHRISTOPHER PATRICK,25,57.5
CIHAN,25,35.5
CIPRIAN ALEXANDRU,25,36.3
CIPRIAN MARIUS,25,40.1
CLAUDIO ALFREDO,25,50.3
CLAUDIO ERNESTO,25,51.7
CLAUDIO RICARDO,25,53.5
CONSTANTINO JAVIER,25,56.9
COSMIN STEFAN,25,27.9
CRAIG JOHN,25,51.1
CRISTHIAN XAVIER,25,28.6
CRISTIAN ELIAS,25,30.1
CRISTIAN GASTON,25,40.6
CRISTO YERAY,25,38.7
CRISTOFER DANIEL,25,18.5
CRUZ ANGEL,25,58.1
DAHI,25,31.9
DAMIAN AGUSTIN,25,39.3
DAMIAN CARLOS,25,53.7
DAN DUMITRU,25,46.9
DAN GABRIEL,25,32.6
DAN NICOLAE,25,45.9
DANIEL CRISTO,25,34.8
DANIEL JEAN,25,65.0
DANIEL LUCIAN,25,37.1
DANIELIUS,25,17.6
DARIO EDUARDO,25,37.4
DARIO EZEQUIEL,25,33.0
DARIO HERNAN,25,40.1
DAUTE,25,24.1
DAVID DARIO,25,37.7
DAVID JOSEP,25,34.4
DAVID KEITH,25,64.3
DAVID OCTAVIO,25,46.3
DAVID RAMIRO,25,40.7
DAYONG,25,44.6
DERLIS ANTONIO,25,35.5
DEV,25,21.4
DIEGO ALONZO,25,21.6
DIEGO EFRAIN,25,39.2
DILAN MATEO,25,10.3
DILDAR,25,35.4
DIVINO,25,56.9
DOMINGO MARIO,25,59.4
DOMINGO PABLO,25,56.6
DONAL,25,52.1
DUC,25,24.3
DYLAN ANDRE,25,10.1
DYLAN BENJAMIN,25,11.3
DYLAN FELIPE,25,11.8
DYLAN MARTIN,25,7.5
EDAN,25,8.1
EDGAR GERMAN,25,46.4
EDGAR NICOLAS,25,34.0
EDISON MIGUEL,25,37.3
EDISON OSWALDO,25,45.7
EDISON RENE,25,44.9
EDRIS,25,32.1
EDRISSA,25,32.9
EDUARDO HORACIO,25,57.7
EDWARD MANUEL,25,36.7
EDWIN FABRICIO,25,35.6
EDWIN FELIPE,25,33.4
EFRAN,25,17.7
EL AMRANI,25,49.2
EL AZIZ,25,50.3
EL HANAFI,25,45.4
EL MAKKI,25,51.6
ELADIO FRANCISCO,25,54.7
ELKIN FABIAN,25,33.1
ELMER ALEXANDER,25,34.8
EMANUEL ADRIAN,25,26.5
EMANUEL ALEXANDER,25,16.8
EMANUEL ALEXANDRU,25,27.3
EMANUEL SEBASTIAN,25,28.8
EMILIANO NAHUEL,25,31.9
EMILIO EUGENIO,25,55.5
EMILIO GERMAN,25,57.8
EMILIO JOSUE,25,23.7
EMILIO MARIANO,25,57.1
ENRIQUE SIMON,25,43.3
ENRRIQUE,25,47.8
ENZO MARTIN,25,14.9
ERIC JOSUE,25,25.6
ERIC PAUL,25,32.9
ERIC ROBERT,25,44.5
ERNESTO ALFONSO,25,48.4
ERNESTO SANTIAGO,25,49.3
ESEQUIEL,25,41.6
ESTEBAN DARIO,25,37.9
EUGENIO IGNACIO,25,55.2
EUGENIO TOMAS,25,54.9
EUME,25,5.5
EURI,25,9.3
EUSEBIO JUAN,25,61.3
EVER ANDRES,25,31.3
EVER GUSTAVO,25,34.8
EVERSON,25,33.7
EVILASIO,25,74.9
FABIAN ANDRE,25,15.2
FABIAN JAVIER,25,36.9
FABRICIO ANTONIO,25,28.5
FABRICIO NICOLAS,25,29.3
FACUNDO DAMIAN,25,28.1
FARMAN,25,40.8
FELIX BENITO,25,61.7
FELIX GUSTAVO,25,49.9
FELIX ROMAN,25,58.3
FERMIN ANDRES,25,57.7
FERNANDO CLAUDIO,25,49.7
FERNANDO CRISTIAN,25,38.8
FERNANDO FERMIN,25,51.1
FERNANDO MAXIMILIANO,25,36.9
FLAVIO ALEJANDRO,25,34.7
FLAVIO AUGUSTO,25,44.1
FRANCESC VICENT,25,56.7
FRANCISCO ANTOLIN,25,55.5
FRANCISCO ROSENDO,25,57.1
FRANK JESUS,25,31.7
FRANKLIN VINICIO,25,43.6
FRANTZISKO XABIER,25,57.6
FREDDY FRANCISCO,25,46.0
FREDY ARMANDO,25,43.3
FREDY DANIEL,25,31.3
FREDY MANUEL,25,42.7
FUQIANG,25,39.4
GABINO JOSE,25,50.1
GABRIEL FABIAN,25,32.3
GAEL MATEO,25,4.5
GALO RODRIGO,25,53.2
GARY MICHAEL,25,58.0
GARY STEVEN,25,53.6
GEORGE EDUARD,25,31.1
GERARD JESUS,25,15.3
GERARDO ALEXANDER,25,26.9
GERARDO OSCAR,25,50.7
GERARDUS,25,70.4
GERSON JOSE,25,35.5
GILBERTO ANDRES,25,42.7
GINES ALBERTO,25,41.7
GIOVANNI ENRIQUE,25,38.1
GIOVANNI JAVIER,25,31.0
GIOVANNY FRANCISCO,25,43.9
GOGA,25,25.0
GONZALO ADOLFO,25,37.9
GONZALO ALVARO,25,49.2
GONZALO DOMINGO,25,47.5
GREGORIO CARMELO,25,62.6
GREGORIO ESTEBAN,25,63.1
GUANGMING,25,52.9
GUILLERMO DARIO,25,48.7
GUILLERMO EZEQUIEL,25,35.5
GUILLERMO HUGO,25,47.7
GUNDEMARO,25,62.9
GUOSHENG,25,54.0
GUOWEI,25,40.7
GUOXIN,25,50.6
GURCHARAN,25,42.6
GURDIP,25,46.9
HAIHUA,25,51.1
HAMIDA,25,56.0
HANS MICHAEL,25,67.2
HANS RUDOLF,25,76.7
HAOWEI,25,20.6
HARMINDER,25,39.5
HAROLD JOSE,25,37.9
HECTOR FELIX,25,48.4
HECTOR JAIRO,25,49.5
HEINZ JURGEN,25,74.8
HENRY ALEXIS,25,37.3
HENRY MARTIN,25,39.1
HENRY XAVIER,25,32.9
HERMES JOSE,25,40.4
HERMINIO JAVIER,25,55.1
HERNAN CAMILO,25,35.4
HERNAN FRANCISCO,25,47.0
HEROS,25,28.0
HIZAN,25,22.3
HORATIU,25,44.5
HORUS,25,10.7
HUDSON,25,29.8
HUGO HUMBERTO,25,48.9
HUGO SALVADOR,25,30.7
HUTMAN,25,29.0
IAD,25,9.9
IAN LUCA,25,9.6
IANIS ALEXANDRU,25,10.1
IGNAS,25,28.1
IKAL,25,5.4
IKER GERARD,25,12.2
IKER UNAI,25,21.9
IMEDA,25,43.8
ION IULIAN,25,45.1
IRINEU,25,32.0
ISAAC AARON,25,24.6
ISAY,25,14.7
ISBEL,25,41.7
ISCLE,25,34.7
ISHAN,25,12.7
ISHFAQ,25,43.7
ISIDRO MARIA,25,54.6
ISKANDAR,25,40.0
ISRAEL ANDRES,25,28.7
ITTAI,25,21.7
IULIAN VASILE,25,38.0
IVAN FELIX,25,39.8
IVAN GERARDO,25,40.8
IVAN HRISTOV,25,50.6
IVAN MARIANO,25,37.8
IVAN YERAY,25,37.5
JACK DAVID,25,25.3
JACOB DAVID,25,24.7
JAIME DARIO,25,41.5
JAIME RENE,25,47.9
JAIR ENRIQUE,25,33.7
JAIRO EDUARDO,25,38.7
JAREL,25,11.0
JARETH,25,8.7
JASON DANIEL,25,23.9
JASON MICHAEL,25,44.4
JAVIER CRUZ,25,47.5
JAVIER MAXIMILIANO,25,38.2
JAYDEN ALEXANDER,25,6.7
JEAN ANDRE,25,43.0
JEAN SEBASTIEN,25,44.5
JEFFERSON ALBERTO,25,32.4
JEISSON ALEXANDER,25,32.7
JENICA,25,56.4
JESHUA,25,24.9
JESUS CAMILO,25,44.3
JESUS DEMETRIO,25,55.5
JESUS EULOGIO,25,61.7
JESUS JACOBO,25,43.0
JESUS NOE,25,42.3
JESUS NOEL,25,40.2
JEYCO,25,10.8
JEYSON ANDRES,25,31.7
JHONATAN EDUARDO,25,30.1
JHONATHAN DAVID,25,27.5
JHONY FERNANDO,25,36.6
JIANLI,25,46.8
JIMI,25,22.8
JIMMY PATRICIO,25,38.8
JIMMY PAUL,25,37.1
JINBIN,25,48.6
JINGUO,25,47.4
JOAN SANTIAGO,25,16.9
JOAN VICTOR,25,36.0
JOAQUIN ABEL,25,39.3
JOAQUIN OSCAR,25,54.3
JOAQUIN SERGIO,25,49.2
JOEL MARTIN,25,26.5
JOGA,25,44.8
JOHEL,25,26.7
JOHN DENNIS,25,53.4
JOHNNY ANTONIO,25,49.9
JON ASIER,25,41.1
JON ENDIKA,25,36.7
JON ERRAMUN,25,52.0
JON MARTIN,25,40.6
JONAS DAVID,25,29.4
JONATHAN ARTURO,25,32.9
JONATHAN KEVIN,25,28.5
JONATHAN MATIAS,25,25.5
JONATHAN VINICIO,25,30.7
JORDAN JOSUE,25,21.5
JORDI ANGEL,25,46.0
JORDY ALEJANDRO,25,19.9
JORGE ANSELMO,25,51.8
JORGE ARLEY,25,45.9
JORGE DANILO,25,40.9
JORGE EDGAR,25,50.8
JORGE EDMUNDO,25,53.9
JORGE FILIPE,25,38.2
JORGE ISAIAS,25,45.4
JORGE MARCELINO,25,53.2
JORGE ROGELIO,25,50.0
JORGE SAUL,25,44.7
JOSE JAMES,25,54.0
JOSE LUIS FERNANDO,25,69.1
JOSE MELQUIADES,25,64.4
JOSE QUINTIN,25,54.7
JOSE SEVERIANO,25,62.7
JOSE SIMEON,25,57.1
JOSE STALIN,25,42.2
JOSEBA JULEN,25,55.6
JOSEP RICARD,25,46.9
JUAN ANTON,25,42.3
JUAN BIENVENIDO,25,56.3
JUAN DELFIN,25,52.9
JUAN GABINO,25,52.4
JUAN GIL,25,61.2
JUAN VICTORIO,25,59.7
JULIAN MARCOS,25,51.3
JULIAN OSCAR,25,51.5
JULIO ALVARO,25,54.5
JULIO FEDERICO,25,55.8
JULIO ISRAEL,25,36.7
JULIO RENE,25,53.1
JUNIOR JOSUE,25,23.9
JUNJUN,25,31.3
JURIJ,25,47.3
KAILASH,25,21.4
KAMALJEET,25,31.3
KASRA,25,30.5
KEMOKO,25,36.5
KENDALL,25,14.4
KESHAV,25,29.4
KEVIN AGUSTIN,25,23.9
KEVIN ALEXANDRU,25,8.8
KEVIN CHRISTIAN,25,25.5
KEVIN CHRISTOPHER,25,43.6
KEVIN EMANUEL,25,23.0
KEVIN IONUT,25,7.8
KEVIN RENE,25,27.5
KEYDEN,25,3.5
KOSAY,25,7.1
KRISTIJAN,25,33.0
LAMKADEM,25,51.5
LAMNOUAR,25,49.8
LARS PETER,25,59.0
LAURENTIU VALENTIN,25,31.8
LAURYNAS,25,32.2
LEIDER,25,38.9
LENIN ALEJANDRO,25,27.7
LENIN PATRICIO,25,38.1
LEOMAR,25,36.3
LEON DARIO,25,44.7
LEONARDO ALONSO,25,25.1
LEONARDO MAURICIO,25,37.6
LIAM RAFAEL,25,7.3
LILI,25,46.4
LINFENG,25,32.3
LISARDO JOSE,25,48.2
LIVIU ADRIAN,25,37.2
LLUIS GONZAGA,25,64.3
LLUIS MANUEL,25,57.4
LORENZO JULIAN,25,52.3
LUCA SANTIAGO,25,14.5
LUCA VALENTINO,25,11.5
LUCAS ALFREDO,25,18.3
LUCAS GUSTAVO,25,30.0
LUCCIANO,25,13.0
LUCIO ANDRES,25,40.1
LUDWING,25,46.7
LUIS ABRAHAN,25,36.9
LUIS ANDREI,25,14.1
LUIS CARLO,25,30.4
LUIS FRANKLIN,25,44.2
LUIS HIGINIO,25,64.6
LUIS MEDARDO,25,50.1
LUIS MICHAEL,25,31.9
LUIS ROSENDO,25,49.8
LUIS VICTORIANO,25,58.9
LUIS WILFREDO,25,46.9
LUK,25,9.9
LUKE JAMES,25,29.7
MAAMMAR,25,49.7
MAIKOL ANDRES,25,23.6
MANUEL ADAN,25,44.9
MANUEL AMADEO,25,56.9
MAOUDO,25,31.1
MARC ADRIAN,25,18.1
MARC ANDRES,25,16.3
MARCO ANDREA,25,28.8
MARCO SANTIAGO,25,27.0
MARCOS ARMANDO,25,45.5
MARCOS CRISTIAN,25,26.3
MARCOS ERNESTO,25,41.5
MARCOS MATIAS,25,34.9
MARIANO AUGUSTO,25,44.8
MARIANO RICARDO,25,58.9
MARIO ALESSANDRO,25,23.1
MARIO OSVALDO,25,60.3
MARIUS FLORENTIN,25,33.7
MARIUS LIVIU,25,42.1
MARLON ADRIAN,25,24.9
MAROAN,25,19.7
MARTIN FELIX,25,49.3
MARVELOUS,25,12.0
MATHIAS ALBERTO,25,14.5
MATHIAS JAVIER,25,14.8
MATI,25,28.5
MATIAS ALESSANDRO,25,13.6
MATIAS JORGE,25,33.7
MATIAS VICENTE,25,32.5
MAURO MIGUEL,25,37.2
MAXIMO AUGUSTO,25,19.2
MD ABUL,25,34.5
MD KAMRUL,25,35.8
MENOUAR,25,47.2
MICHAEL BRYAN,25,33.1
MICHAEL FABIAN,25,28.0
MICHAEL VINCENT,25,43.4
MICHAL PIOTR,25,43.5
MICHELLE,25,41.2
MIGUEL ELOY,25,50.5
MIGUEL HUGO,25,47.2
MIGUEL JUSTO,25,59.7
MIGUEL LEANDRO,25,42.5
MIGUEL LEON,25,42.4
MIHAI EDUARD,25,26.6
MILAN GAEL,25,2.6
MILTON RAMIRO,25,49.9
MIRCEA CONSTANTIN,25,46.6
MKRTICH,25,44.7
MOATASSIM,25,18.3
MOHAMAD AMIN,25,15.1
MOHAMADOU LAMINE,25,34.7
MOHAMED ISMAIL,25,19.2
MOHAMED SAMIR,25,42.0
MOHAMED YOUNES,25,25.5
MOHAMMADALI,25,38.3
MOHAMMED HICHAM,25,43.7
MOISES RAMON,25,38.8
MOISES SANTIAGO,25,37.0
MUHAMMAD ABBAS,25,37.7
MUHAMMAD ASLAM,25,52.1
MUHAMMAD ATIF,25,35.6
MUHAMMAD AYYAN,25,10.1
MUHAMMAD SOHAIL,25,41.1
MUHAMMAD YASIR,25,36.3
NAHIEL,25,9.9
NAIEL,25,12.1
NAJAM,25,35.3
NAM,25,21.2
NANUK,25,11.3
NELSON LEONEL,25,40.0
NELSON OSWALDO,25,51.3
NESTOR ARMANDO,25,42.7
NESTOR GUSTAVO,25,50.5
NESTOR SEBASTIAN,25,36.1
NFALLY,25,31.1
NICHOLAS PETER,25,53.4
NICULITA,25,50.8
NOAH BENJAMIN,25,8.1
NORBERTO CARLOS,25,56.9
NOUR DIN,25,45.9
NOUR EL ISLAM,25,22.5
OPREA,25,56.9
ORLANDO AUGUSTO,25,54.5
ORLANDO JOSUE,25,26.3
ORLEY,25,45.0
OSCAR ALVARO,25,49.9
OSCAR GEOVANNY,25,39.7
OSMAN DAVID,25,27.5
OSWALDO ALEXANDER,25,35.4
OVIDIU ALEXANDRU,25,37.3
PABLO EUSEBIO,25,45.5
PABLO LUCIANO,25,42.2
PARMINDER SINGH,25,34.7
PATRICIO FRANCISCO,25,48.4
PATRICIO IGNACIO,25,34.5
PATRICIO MARCELO,25,47.6
PATRICK GERARD,25,61.7
PATXO,25,45.6
PAULO RENATO,25,45.3
PAULO ROGERIO,25,46.6
PEDRO ANASTASIO,25,60.0
PEDRO CAMILO,25,48.9
PEDRO CLAUDIO,25,54.2
PEDRO JONAY,25,37.5
PEDRO PATRICIO,25,47.1
PEDRO ROLANDO,25,55.5
PENCHO,25,36.1
PETER FREDERICK,25,76.4
PETER GRAHAM,25,69.1
PETER MARTIN,25,63.6
PHILIP GEORGE,25,67.3
PHILIP WILLIAM,25,61.3
PIERO ANDRE,25,23.6
PITER,25,28.7
RADAMES,25,50.1
RADIK,25,49.3
RADU MARIAN,25,36.3
RAFAEL ANIBAL,25,49.5
RAHOU,25,47.9
RAIMUNDO FRANCISCO,25,57.5
RAIS,25,31.8
RAMIRO MIGUEL,25,49.1
RAMON ISMAEL,25,47.2
RAMON JOAN,25,54.9
RARES MIHAI,25,17.5
RASIB,25,35.7
RASMUS,25,34.8
RAUL CATALIN,25,24.9
RAYMOND CHARLES,25,73.2
RENATO SEBASTIAN,25,22.3
RENE DAVID,25,41.3
RENE JAVIER,25,43.6
RENNY JOSE,25,41.1
RENZO ANDRE,25,27.5
RENZO JAVIER,25,35.0
RICHARD ALFONSO,25,43.5
RICHARD ARIEL,25,33.3
RICHARD AUGUSTO,25,46.1
RICHARD IVAN,25,38.1
RICHARD MAURICIO,25,36.1
RIGEL,25,30.1
ROAN,25,13.4
ROBERTO ERNESTO,25,53.8
ROBERTO EZEQUIEL,25,43.8
ROBERTO ISMAEL,25,47.8
ROBERTO PATRICIO,25,55.3
ROBERTO SAMUEL,25,31.4
RODRIGO ARMANDO,25,35.4
RODRIGO LEONARDO,25,33.4
RODRIGO XAVIER,25,30.9
RODRIGUE,25,39.4
ROGELIO ANDRES,25,45.7
RONNY ALEJANDRO,25,27.3
ROSENDO JAVIER,25,53.7
RUBEN GERARDO,25,49.7
RUBEN MOISES,25,40.1
RUBEN OSVALDO,25,65.1
RUBEN SAMUEL,25,29.0
RUICHEN,25,12.3
SADI,25,35.1
SAED,25,33.6
SAJAN,25,32.0
SALAH DINE,25,29.2
SALLE,25,36.3
SALVADOR ALFONSO,25,46.0
SAMBALY,25,30.5
SAMUEL MARIA,25,31.9
SANDEEP KUMAR,25,38.1
SANDIP,25,34.5
SANDRO ANTONIO,25,40.3
SANTIAGO DARIO,25,24.3
SANTIAGO GERARDO,25,49.7
SANTIAGO LEONARDO,25,25.1
SARWAR,25,49.1
SASSI,25,52.5
SAUL FRANCISCO,25,32.8
SEBASTIAN GAEL,25,5.8
SEBASTIAN GUSTAVO,25,35.5
SEBASTIAN JAMES,25,21.3
SEBASTIAN LUCAS,25,21.1
SEBASTIAN RUBEN,25,36.6
SEBASTIAN TOMAS,25,44.0
SEGUNDO ELIAS,25,58.1
SEGUNDO VICTOR,25,57.7
SEIDOU,25,26.8
SELMA,25,31.6
SENDA,25,20.4
SERGIO AURELIO,25,45.3
SERGIO CRISTOBAL,25,40.4
SERGIO GASTON,25,45.9
SERVIO,25,57.7
SERVIO TULIO,25,51.2
SEVERIN,25,46.3
SEVERINO MANUEL,25,65.4
SEYBA,25,25.7
SHEHARYAR,25,28.1
SIDIA,25,34.3
SIDIYA,25,34.9
SIFAW,25,7.6
SILVIO JESUS,25,53.1
SIRALL,25,9.4
SOUFIYANE,25,28.1
STALIN DANIEL,25,31.0
STEFAN ALEXANDER,25,37.1
STEPHEN PATRICK,25,62.5
STEVENSON,25,36.7
SUBASH,25,38.3
SUDIP,25,29.4
SZILARD,25,39.4
TEMISTOCLES,25,66.3
TEXENEN,25,32.1
THANH,25,41.1
THIAGO JOAQUIN,25,11.8
THIAGO SAID,25,6.0
TIAGO HENRIQUE,25,35.6
TIMOTHY CHARLES,25,62.2
TOMAS ARIEL,25,31.7
TOMAS MATIAS,25,40.3
TOMY,25,26.7
TORBEN,25,52.9
TORE,25,68.7
TRISTANY,25,19.7
TSANKO,25,49.5
TUDOR GABRIEL,25,15.6
TULLIO,25,57.0
ULISES ALEJANDRO,25,26.5
URBANO JESUS,25,53.0
URIAS,25,36.3
VAKHTANGI,25,38.0
VALENTIN JUAN,25,57.6
VASCO MANUEL,25,54.8
VASIL IVANOV,25,49.0
VASILE CALIN,25,44.5
VICENTE GASPAR,25,61.1
VICENTE SAMUEL,25,39.2
VICTOR CAMILO,25,35.7
VICTOR CONSTANTIN,25,24.8
VICTOR MANEL,25,37.0
VICTOR NOEL,25,30.7
VICTOR OCTAVIO,25,49.7
VICTOR RAMIRO,25,55.5
VICTOR SIMON,25,45.4
VICTOR WILLIAM,25,51.5
VIOREL ADRIAN,25,44.4
VITTO,25,7.7
VLADIMIR ANTONIO,25,43.9
WASHINGTON DANIEL,25,47.1
WASSIME,25,19.7
WENHUI,25,35.7
WENJIAN,25,45.7
WENXIANG,25,32.3
WILFREDO ALEJANDRO,25,32.2
WILFREDO ALEXANDER,25,36.8
WILLIAMS ALEJANDRO,25,27.3
WILLIAN ALBERTO,25,40.5
WILLIANS JOSE,25,40.5
WILSON ERNESTO,25,45.1
WILSON GUILLERMO,25,46.8
WILSON GUSTAVO,25,50.1
WINFRIED,25,72.8
WLADIMIR JOSE,25,38.1
XENKI,25,18.8
XERMAN,25,38.5
XIANFENG,25,43.1
XIMUN,25,11.5
XINLONG,25,28.5
XUEYONG,25,43.8
YAGO MANUEL,25,27.3
YEFERSON DAVID,25,24.2
YEISON ALBERTO,25,33.9
YERAL,25,25.4
YERAY DANIEL,25,21.7
YGNACIO,25,47.6
YI CHEN,25,5.4
YOEL ANTONIO,25,32.0
YONGGUANG,25,53.0
YONGKANG,25,43.6
YORMAN ANDRES,25,31.1
YOURI,25,35.2
YSRAEL,25,43.5
YUBA,25,21.9
ZIQIANG,25,29.4
AARAB,24,48.9
AARON ADRIAN,24,14.1
AARON ALESSANDRO,24,12.2
AARON GAEL,24,6.1
AARON PAUL,24,24.6
ABDECHAFI,24,34.3
ABDEL FATTAH,24,34.7
ABDEL JALIL,24,24.3
ABDELHEQ,24,31.3
ABDELRAHIM,24,23.9
ABDENASSAR,24,37.0
ABDERHIM,24,43.5
ABEL CARLOS,24,52.5
ABEL IGNACIO,24,33.7
ABELIO,24,67.2
ABO,24,34.4
ABOUBACARR,24,27.5
ABRAHAM LUIS,24,44.4
ABU BAKER,24,16.4
ADAM JOSEPH,24,25.5
ADAM MICHAEL,24,35.6
ADAY FRANCISCO,24,30.2
ADOLFO IGNACIO,24,49.9
ADRIAN ABEL,24,27.5
ADRIAN ALIN,24,33.5
ADRIAN LAURENTIU,24,36.3
ADRIAN LUCAS,24,18.5
ADRIAN MARIO,24,28.8
ADRIANUS JOHANNES,24,58.3
AFSHIN,24,51.4
AGUINALDO,24,55.8
AGUSTIN RODRIGO,24,31.9
AHMED HASSAN,24,26.1
AIRAM DAVID,24,25.9
AITOR IVAN,24,30.3
ALAA EDDIN,24,19.3
ALAN BRIAN,24,47.1
ALBERTO BENITO,24,50.6
ALBERTO CRISTOBAL,24,50.1
ALBERTO LUCAS,24,40.2
ALBERTO MOISES,24,45.7
ALBERTO SERGIO,24,48.5
ALBITO,24,67.5
ALEJANDRO MAGNO,24,31.3
ALEJANDRO SANTOS,24,41.2
ALEJANDRO SEGUNDO,24,41.4
ALEJO JESUS,24,45.8
ALEKSA,24,24.3
ALEX ISRAEL,24,25.3
ALEX JONATHAN,24,28.1
ALEX LEONARDO,24,32.4
ALEX ORLANDO,24,39.1
ALEX VALENTIN,24,15.9
ALEXANDER THOMAS,24,34.1
ALEXIS ISMAEL,24,26.7
ALEXYS,24,37.5
ALFONSO SEBASTIAN,24,42.4
ALFONSO VICTOR,24,56.0
ALFONZO,24,49.9
ALFREDO ALFONSO,24,58.5
ALFREDO FELIX,24,61.6
ALFREDO JULIO,24,60.0
ALHAGI,24,51.1
ALLAN FERNANDO,24,25.4
ALPHA OMAR,24,31.3
ALVARO BENJAMIN,24,30.8
ALVARO ELIAS,24,34.0
ALVARO PAUL,24,27.3
AMANCIO JOSE,24,56.0
AMBROS,24,51.3
ANDONI MIRENA,24,62.0
ANDREI GHEORGHE,24,30.1
ANDRES SAMUEL,24,27.6
ANDREW JONATHAN,24,53.8
ANEURY,24,36.0
ANGEL BRUNO,24,52.0
ANGEL CELESTINO,24,62.4
ANGEL EVARISTO,24,58.8
ANGEL HUGO,24,47.1
ANGEL MAURO,24,48.8
ANGEL RAIMUNDO,24,63.1
ANGEL SILVESTRE,24,58.9
ANGEL ULISES,24,36.4
ANKUR,24,32.4
ANSELMO ANTONIO,24,62.1
ANTHONY MARK,24,59.1
ANTHONY SANTIAGO,24,16.3
ANTONIE,24,52.2
ANTONIO CIPRIANO,24,64.5
ANTONIO FELICIANO,24,60.9
ANTONIO INOCENCIO,24,59.3
ANTONIO PLACIDO,24,58.7
ANTONIO WENCESLAO,24,51.2
ANZE,24,9.8
APRONIANO,24,74.5
ARAMAYIS,24,47.0
ARGENIS RAFAEL,24,40.5
ARIEL FABIAN,24,40.3
ARIYAN,24,11.4
ARNOL,24,34.7
ARSENIO LUIS,24,59.5
ARTURO RAUL,24,46.3
ASHIQ,24,50.2
ATOU,24,38.8
ATOUMANE,24,33.2
AXEL MATIAS,24,14.2
AXEL MIGUEL,24,17.9
AYAN NICOLAS,24,4.3
AZIM,24,32.2
AZZADDINE,24,34.1
AÑATERVE,24,36.3
BADRDIN,24,21.8
BAHRI,24,48.2
BANDJOUGOU,24,29.0
BANU,24,41.0
BELTRAN MARIA,24,20.3
BENJAMIM,24,16.8
BENJAMIN ANGEL,24,62.3
BENJAMIN CARLOS,24,36.1
BENJAMIN TOMAS,24,26.0
BENNO,24,45.7
BERARDO,24,63.3
BERNARDINO ANTONIO,24,53.2
BERNARDINO JESUS,24,58.9
BERNARDO ALBERTO,24,55.0
BERNARDO DANIEL,24,45.2
BERNARDO TOMAS,24,58.8
BIBEK,24,29.5
BLAU,24,5.3
BLESSED,24,17.6
BOUYA,24,36.9
BOUYAGUI,24,37.9
BRAHEM,24,21.1
BRAHIM EL KHALIL,24,38.5
BRANDON ESTEBAN,24,22.2
BRAYAN ESTIBEN,24,26.0
BRAYAN LEANDRO,24,29.4
BRAYAN YESID,24,27.8
BRENDON,24,21.4
BRIAN PETER,24,65.5
BRUNNO,24,30.4
BRUNO ALESSANDRO,24,14.3
BRYAN MARCELO,24,24.1
BURKHARD,24,67.0
BYRON VINICIO,24,39.5
CAIO HENRIQUE,24,29.1
CAIQUE,24,26.2
CARLOS AMADEO,24,45.8
CARLOS ANTHONY,24,25.0
CARLOS CLAUDIO,24,46.3
CARLOS EVELIO,24,50.5
CARLOS HIGINIO,24,59.3
CARLOS IBAN,24,48.2
CARLOS JAIR,24,28.7
CARLOS JOHAN,24,26.0
CARLOS LUCAS,24,41.8
CARLOS NESTOR,24,58.1
CARLOS REINALDO,24,40.3
CARMELO EDUARDO,24,53.6
CASIMIRO JESUS,24,55.3
CEFERINO JOSE,24,63.7
CHANGSHENG,24,52.7
CHARLES JOSEPH,24,50.4
CHEIKH AHMADOU,24,25.1
CHENGLONG,24,36.3
CHRISTIAN ANTHONY,24,29.0
CHRISTIAN MATIAS,24,26.5
CHRISTIAN ROLANDO,24,39.5
CHRISTOPHER IAN,24,45.0
CHRISTOPHER ROBIN,24,69.8
CHUNHUA,24,52.7
CLAUDIO ARTURO,24,52.4
CLAUDIO GERMAN,24,46.0
CLAUDIU SORIN,24,42.8
CLIVE JOHN,24,72.5
CODE,24,43.1
COLIN PETER,24,64.2
CONRADO JAVIER,24,53.0
CONRADO MANUEL,24,52.3
CONSTANTIN IOAN,24,48.2
CONSTANTINO ANTONIO,24,53.7
CRISTHIAN RODRIGO,24,28.3
CRISTIAN ANDREY,24,24.9
CRISTIAN BERNARDO,24,40.7
CRISTIAN EMMANUEL,24,32.5
CRISTIAN FABRICIO,24,32.2
CRISTOBAL NICOLAS,24,36.0
CURIAL,24,17.4
CYRUS,24,37.7
DABO,24,34.8
DAMIAN DANIEL,24,31.0
DAMIAN DAVID,24,33.4
DAMIAN RAFAEL,24,38.0
DAN CONSTANTIN,24,43.5
DANE,24,33.5
DANIEL ALBERT,24,35.8
DANIEL BOGDAN,24,30.7
DANIEL FERMIN,24,41.5
DANIEL JOEL,24,23.1
DANIEL ROLANDO,24,42.5
DANIILS,24,20.3
DARIO ANGEL,24,52.9
DARREN MICHAEL,24,48.9
DAVI LUCCA,24,7.8
DAVID ALLEN,24,64.5
DAVID BERNARDO,24,42.1
DAVID JACOBO,24,36.6
DAVID NOEL,24,44.8
DAVID ROGER,24,53.8
DAVID ROLANDO,24,36.0
DAVID RONALD,24,62.8
DAVID WALTER,24,64.0
DELFIN JOSE,24,63.8
DENIS ANDRES,24,22.5
DENIS EDUARDO,24,31.8
DENNIS ADRIAN,24,23.2
DENNIS JOSE,24,35.2
DENNIS PAUL,24,35.2
DHEERAJ,24,30.7
DIAW,24,34.3
DICTINIO,24,73.5
DIEGO CRISTOBAL,24,46.8
DIEGO MATHIAS,24,14.3
DIEGO OSWALDO,24,32.1
DIEGO ROLANDO,24,34.3
DILAN DANIEL,24,17.5
DIPAK,24,37.2
DOMENIC,24,9.5
DONGHAI,24,49.9
DORIAN JOSE,24,21.5
DUNG,24,30.5
DYLAN ANTHONY,24,12.9
DYLAN PAUL,24,17.3
EDDY FRANCISCO,24,43.0
EDGAR ANIBAL,24,46.2
EDGAR EMILIO,24,44.1
EDGAR JULIAN,24,34.2
EDIXON JOSE,24,34.6
EDUARDO SANTOS,24,47.4
EDWIN FERNEY,24,38.0
EDWIN GUSTAVO,24,43.5
EL HAFID,24,57.6
EL MOCTAR,24,46.8
EL MOUSTAFA,24,49.3
ELADIO RAMON,24,58.0
ELIO ENRIQUE,24,47.2
ELOY ALEJANDRO,24,34.2
ELYES,24,25.3
EMANUEL FLORIN,24,29.9
EMANUEL NICOLAS,24,25.1
EMILIANO DAVID,24,24.1
EMILIO ADRIAN,24,32.5
EMILIO DAMIAN,24,50.5
ENRIQUE ELIAS,24,47.8
ENRIQUE GREGORIO,24,59.5
ENRIQUE MATEO,24,37.7
ENRIQUE MAURICIO,24,50.7
ENRIQUE RUBEN,24,49.3
ENZO AGUSTIN,24,23.2
ENZO ARIEL,24,21.4
ERIC JOSEPH,24,47.5
ERIC LUIS,24,25.4
ERICK GUSTAVO,24,25.2
ERICK JONATHAN,24,29.5
ERICK RAMON,24,31.4
ERICK RODRIGO,24,23.6
ERIK DAMIAN,24,15.9
ERIK JOSUE,24,23.7
ERMES,24,52.5
ERNESTO JULIO,24,59.0
ERNESTO MARIA,24,53.1
ERNESTO NICOLAS,24,40.6
ERNO,24,49.0
ERRAMUN,24,55.9
ERWIN ALEXANDER,24,39.7
ESNEYDER,24,31.0
ESTEVO,24,22.5
ESTUARDO,24,47.5
ETHAN SAMUEL,24,11.1
EUGEN FLORIN,24,39.8
EUSEBIO TOMAS,24,65.5
EVER HUGO,24,37.5
EVERTH,24,41.0
EZEQUIEL EDUARDO,24,27.3
FABER ANDRES,24,35.7
FABIAN AUGUSTO,24,31.9
FABIO HERNAN,24,47.5
FABIO MARCELO,24,42.0
FABRICIO JOSE,24,30.1
FABRIZIO DANIEL,24,16.4
FACUNDO ADRIAN,24,23.7
FAUSTO ALEJANDRO,24,38.3
FEDERICO AUGUSTO,24,45.1
FEDERMAN,24,47.3
FELIPE ERNESTO,24,44.8
FERMIN RAMON,24,64.2
FERNANDO BENJAMIN,24,37.2
FERNANDO HUMBERTO,24,51.0
FERNANDO RAMIRO,24,52.5
FETHALLAH,24,34.3
FIRASS,24,14.0
FLAVIU,24,38.1
FLORIN DANUT,24,39.6
FLORIN MIRCEA,24,45.7
FRANCESC MANUEL,24,51.3
FRANCISCO ANASTASIO,24,57.1
FRANCISCO ARIDANE,24,34.7
FRANCISCO FAUSTINO,24,59.5
FRANCISCO FLORENTINO,24,63.7
FRANCISCO KEVIN,24,31.3
FRANCISCO LEONEL,24,35.8
FRANCISCO VENANCIO,24,58.7
FRANCO DARIO,24,33.0
FRANCO EXEQUIEL,24,30.2
FRANCO PAOLO,24,33.1
FRANK ANDRES,24,30.6
FRANK FELIX,24,40.1
FRUMENCIO,24,80.6
FUNDADOR,24,73.5
GABRIEL ALEXANDRE,24,24.8
GABRIEL CLAUDIU,24,31.7
GABRIEL FEDERICO,24,33.2
GAEL ANDRE,24,7.9
GAREGIN,24,46.9
GASTON JAVIER,24,43.1
GEIR,24,56.8
GEORGE ALEJANDRO,24,19.9
GEORGE JOHN,24,50.6
GEORGE LAURENTIU,24,34.6
GERARDO EMILIO,24,61.6
GERONI,24,55.3
GERSON ENRIQUE,24,37.5
GHEORGHE IONUT,24,36.7
GHULAM ABBAS,24,50.3
GONZALO ALEXANDER,24,26.0
GREGORIO JULIAN,24,63.9
GRZEGORZ JAN,24,49.8
GUILLEM ANTONI,24,34.8
GUILLERMO ALVARO,24,42.3
GUILLERMO BENJAMIN,24,34.1
GUILLERMO MARIO,24,49.5
GUOHUI,24,47.3
GUSTAVO HUMBERTO,24,50.6
GUSTAVO ISMAEL,24,43.4
HAILONG,24,39.9
HAMOUD,24,39.8
HAOWEN,24,16.4
HASHAM,24,20.4
HAYTHEM,24,22.6
HECTOR BOLIVAR,24,54.5
HECTOR VALENTIN,24,47.8
HENRY FABRICIO,24,30.0
HENRY MARCELO,24,39.6
HENRY OSWALDO,24,41.5
HENRY RAUL,24,38.2
HERNAN MIGUEL,24,42.1
HORACIO GABRIEL,24,56.9
HRISTO IVANOV,24,50.6
HUGO ARTURO,24,44.3
HUGO EMILIO,24,44.3
HUGO EZEQUIEL,24,21.8
HUGO FELIX,24,38.3
HUGO RAMIRO,24,56.6
HUMBERTO FRANCISCO,24,51.1
IAN ALBERTO,24,14.1
IAN ANTONIO,24,10.8
IAN FELIPE,24,10.2
IAN JOSEPH,24,27.6
IANOS,24,48.4
IGNACIO FABIAN,24,29.9
IGNACIO NAHUEL,24,27.9
IKER AARON,24,12.8
IKER MATHIAS,24,8.0
IKER XAVIER,24,14.5
ILDEFONSO FRANCISCO,24,55.1
INZA,24,32.4
IOACHIM,24,39.3
IOAN CALIN,24,49.0
IOAN DOREL,24,53.3
IOAN DORIN,24,49.4
ISAAC LEONARDO,24,19.2
ISARN,24,22.0
ISIDRO ENRIQUE,24,64.0
IUSEF,24,23.5
IVAN ARMANDO,24,48.8
IVANOV,24,38.4
IÑIGO FERNANDO,24,40.7
JACKSON JAVIER,24,37.2
JACOBO MIGUEL,24,38.7
JADIEL ALEXANDER,24,8.1
JAIR EDUARDO,24,31.9
JAKUE,24,29.5
JAMES ALAN,24,41.7
JAMES OLIVER,24,33.3
JAN MICHAEL,24,39.9
JANER,24,35.5
JASON JOSE,24,27.5
JASON MARK,24,51.3
JASSON,24,27.5
JAUME LLUIS,24,53.1
JAVIER LEOPOLDO,24,45.4
JAVIER LUCIANO,24,41.0
JAVIER OSVALDO,24,46.9
JAVIER TEODORO,24,48.4
JEAN ANTOINE,24,53.7
JEAN BERNARD,24,59.2
JEAN LUCA,24,13.1
JEAN NICOLAS,24,34.7
JEFTE,24,35.9
JEHAD,24,38.3
JEINER,24,30.9
JEISON FABIAN,24,29.3
JEREMY JAVIER,24,17.1
JERONIMO ANDRES,24,35.5
JESUS HECTOR,24,47.0
JESUS HORACIO,24,61.2
JESUS ISAIAS,24,38.8
JESUS LEONEL,24,29.7
JESUS NARCISO,24,66.8
JESUS VALERIANO,24,61.2
JHAN CARLO,24,25.9
JHOJAN DAVID,24,23.9
JHON DIEGO,24,35.0
JHONATAN ALBERTO,24,30.8
JHONATAN DANIEL,24,24.8
JHONATHAN JOSE,24,34.7
JHONNY MANUEL,24,36.0
JHONY JOSE,24,37.5
JIEKE,24,24.0
JINGBO,24,25.1
JINGYI,24,16.8
JINLIN,24,39.0
JINXIN,24,24.8
JOAN GUILLEM,24,41.3
JOAN MATEO,24,10.7
JOAQUIN LEONARDO,24,43.5
JOAQUIN MARCOS,24,51.1
JOELSON,24,38.6
JOHAN ESTIVEN,24,25.6
JOHN ENRIQUE,24,42.5
JONA,24,18.9
JONATHAN BENJAMIN,24,26.8
JONATHAN GERARDO,24,33.3
JONATHAN HENRY,24,39.6
JORDI ALEXANDRE,24,37.9
JORGE FABRICIO,24,33.8
JORGE MANRIQUE,24,51.5
JORGE MAXIMO,24,47.1
JORGE NORBERTO,24,63.2
JORGE SIMON,24,40.4
JOSE ANCIZAR,24,57.1
JOSE ASENSIO,24,54.0
JOSE ATANASIO,24,55.9
JOSE EDWARD,24,41.8
JOSE JOSE,24,35.9
JOSE JR,24,48.2
JOSE LAMBERTO,24,61.9
JOSE LUIS PEDRO,24,72.9
JOSE LUIS RAMON,24,70.9
JOSE MATHIAS,24,10.9
JOSE MIKEL,24,29.5
JOSE NATANAEL,24,27.3
JOSE OTONIEL,24,51.6
JOSE YOEL,24,31.3
JOSEPH ROBERT,24,45.7
JOSU GOTZON,24,58.5
JOSUE MOISES,24,25.8
JOSUHA,24,33.1
JUAN ASENSIO,24,49.5
JUAN CUSTODIO,24,57.6
JUAN NICASIO,24,57.1
JUAN ONOFRE,24,54.0
JUBAL,24,38.3
JULIAN BERNARDO,24,52.4
JULIO SERGIO,24,56.9
JUNAYD,24,6.1
JUNIOR ALFREDO,24,31.2
JUNIOR CESAR,24,32.5
JUNIOR RAMON,24,30.2
JUSTO IGNACIO,24,59.0
KAIROS,24,6.8
KAROUNGA,24,27.7
KASIM,24,21.0
KEBE,24,37.7
KELVIN JAVIER,24,25.1
KENNETH CHARLES,24,72.5
KENT,24,48.2
KEVIN ABEL,24,24.0
KEVIN RAMON,24,25.8
KEVIN RUBEN,24,24.8
KHALDOUN,24,49.4
KHATRI,24,38.6
KISHORE,24,57.1
KONIMBA,24,43.0
KULBIR,24,39.9
LAKHBIR,24,44.3
LAURENTIU ALEXANDRU,24,32.2
LAZARO ENRIQUE,24,42.5
LEANDRO FEDERICO,24,38.1
LEANDRO IVAN,24,32.5
LEJLIFA,24,33.9
LENIN ANTONIO,24,39.5
LEO ANTONIO,24,11.1
LEONARDO ISAAC,24,22.2
LEONARDO IVAN,24,35.3
LHASSANE,24,53.3
LIAM ADRIEL,24,2.9
LIAM CALEB,24,3.5
LIAM MARTIN,24,9.0
LIAN ANDRES,24,6.5
LIANGJUN,24,34.0
LIBERO,24,45.3
LINOS,24,63.1
LIRIO,24,51.7
LISANDRO JAVIER,24,34.0
LLUIS MANEL,24,48.5
LOBO,24,7.5
LOUKMANE,24,19.9
LUCA ADRIAN,24,10.6
LUCA JAMES,24,7.8
LUCAS DIEGO,24,24.3
LUCAS MAURICIO,24,28.5
LUCAS OMAR,24,31.1
LUCAS TADEO,24,21.1
LUCIAN MARIAN,24,33.9
LUIGI ANTONIO,24,43.3
LUIS BERNABE,24,52.0
LUIS BRAULIO,24,56.8
LUIS DANILO,24,42.6
LUIS FAUSTO,24,54.2
LUIS FRANCO,24,33.4
LUIS ISAIAS,24,43.1
LUIS MICHEL,24,34.4
LUIS OLIVER,24,40.6
LUIZ ALBERTO,24,44.7
MADAI,24,24.7
MADAN,24,37.0
MAGOMED,24,42.9
MAICOL ESTIVEN,24,22.7
MAICOL STEVEN,24,24.6
MALTE,24,32.0
MAMADOU ABDOULAYE,24,35.2
MANMEET,24,21.5
MANUEL BERNARDINO,24,63.6
MANUEL MARINO,24,55.8
MANUEL PLACIDO,24,66.8
MARC LLUIS,24,35.5
MARCELINO RAMON,24,65.8
MARCELO HENRIQUE,24,36.0
MARCO RUBEN,24,34.0
MARCOS ALONSO,24,27.6
MARCOS GERARDO,24,45.1
MARCOS NAHUEL,24,24.2
MARCOS ORLANDO,24,43.4
MARIAN COSTEL,24,44.4
MARIAN MIHAI,24,36.5
MARIANO ADOLFO,24,54.4
MARIANO ALFREDO,24,54.0
MARIO DENIS,24,20.5
MARIO FLORIN,24,13.3
MARIO MARCOS,24,47.4
MARIS,24,44.7
MARK FRANCIS,24,43.3
MARKAS,24,12.8
MARLON FABRICIO,24,35.2
MARLON RAFAEL,24,34.7
MAROIN,24,22.2
MARTIN FABIAN,24,34.7
MARTIN OMAR,24,43.6
MARVIN ALEJANDRO,24,25.5
MASSIRE,24,32.5
MATHIAS FABIAN,24,15.8
MATHIAS MIGUEL,24,11.6
MATIAS AARON,24,11.8
MATIAS ALFONSO,24,37.1
MATIAS ALFREDO,24,32.5
MATTEO ALESSANDRO,24,11.0
MATTHEW PETER,24,45.2
MAURICIO XAVIER,24,34.3
MAXIMILIANO AGUSTIN,24,30.6
MAXIMILIANO ENRIQUE,24,34.2
MAYANK,24,25.5
MBARAK,24,41.2
MELCHOR JOSE,24,62.1
MERCENARIO,24,67.6
MERZOUK,24,54.2
MICHAEL FRANCISCO,24,32.6
MICHAEL LEONARD,24,65.5
MICHEL ALEXANDER,24,32.7
MICHEL JOSE,24,41.3
MIGUEL ANDRE,24,25.2
MIGUEL BENJAMIN,24,49.5
MIGUEL CLEMENTE,24,53.5
MIGUEL OSWALDO,24,46.5
MIGUEL SIMON,24,47.6
MIKEL JOSE,24,24.3
MIKI,24,33.8
MILAN SANTIAGO,24,6.3
MILLER ANDRES,24,30.5
MILTON GEOVANNY,24,43.3
MILTON OSWALDO,24,50.5
MIRCEA ANDREI,24,33.7
MODESTO ANGEL,24,64.0
MOHAMED ISLEM,24,24.5
MOHAMED KARAM,24,10.6
MOHAMED MOULUD,24,43.1
MOHAMED MOUNIR,24,27.0
MOHAMETH,24,30.9
MOHAMMAD AFZAL,24,52.7
MOHATAR,24,53.3
MOHID,24,8.2
MOISES ALFREDO,24,43.1
MOISES PEDRO,24,49.5
MOULAY MUSTAPHA,24,50.5
MUHAMMAD AMMAR,24,16.3
MUHAMMAD ARMAN,24,11.3
MUHAMMAD BURHAN,24,9.4
MUHAMMAD JAWAD,24,24.6
MUHAMMAD SAMI,24,14.3
MUHAMMAD SHAHZAIB,24,15.0
NACEREDDINE,24,32.6
NAGAI,24,31.1
NAJEEB,24,39.0
NANA,24,45.3
NAST,24,30.6
NEDKO,24,49.7
NEIDER,24,27.3
NEIZAN DAVID,24,6.2
NELSON NICOLAS,24,36.3
NESTOR GUILLERMO,24,47.9
NESTOR OSCAR,24,62.5
NEVILLE,24,57.5
NIAM,24,7.0
NICOLAE LAURENTIU,24,38.8
NICOLAS ALEXANDRE,24,34.0
NICOLAS IONUT,24,8.9
NICUSOR ADRIAN,24,34.9
NOAH SAMUEL,24,8.5
NOHAN,24,12.8
NOURIDDINE,24,43.8
NUKRI,24,40.9
OLEGARIO JOSE,24,66.0
OLIU,24,9.6
OLIVER SEBASTIAN,24,15.6
OMAR ISMAEL,24,30.9
OMAR LEONARDO,24,39.1
ONISIM,24,37.9
OR,24,30.4
ORLANDO ALFREDO,24,46.5
OSCAR AARON,24,20.7
OSCAR RODOLFO,24,48.9
OSMAN JOSE,24,33.5
OU,24,32.1
OUBAIDA,24,21.8
OVIDIU MARIUS,24,47.5
PABLO HORACIO,24,46.3
PABLO HUMBERTO,24,43.5
PABLO SANTOS,24,39.6
PABLO SEGUNDO,24,51.5
PAPA AMADOU,24,36.8
PAPA DEMBA,24,40.7
PARASCHIV,24,52.7
PARMENIO,24,66.8
PASCUAL JUAN,24,65.9
PATRICIO ESTEBAN,24,46.7
PATRICIO XAVIER,24,40.0
PATRICK FRANCIS,24,58.3
PAU DAVID,24,24.8
PAUL ALBERTO,24,33.5
PAUL BRIAN,24,52.7
PAUL CHRISTIAN,24,45.9
PAUL SANTIAGO,24,34.7
PAUL STUART,24,62.1
PAULO JAVIER,24,40.5
PAWAN KUMAR,24,42.2
PEDRO ANSELMO,24,61.9
PEDRO AVELINO,24,61.3
PEDRO CRISTIAN,24,36.6
PEDRO HECTOR,24,45.0
PEDRO HERNAN,24,49.4
PEDRO OSVALDO,24,47.4
PEDRO RAMIRO,24,52.5
PEDRO ROGELIO,24,59.5
PEP TONI,24,29.5
PERE MANEL,24,51.5
PIERINO,24,67.7
PILAR,24,72.2
POMPEU,24,49.2
PRAVEEN,24,37.0
QUNWEI,24,42.7
RADION,24,36.5
RADUCU,24,43.7
RAFAEL CRISTIAN,24,30.1
RAFAEL LEOPOLDO,24,50.4
RAFAEL YERAY,24,35.0
RAFFI,24,32.8
RAMIRO ENRIQUE,24,53.5
RAMON REYES,24,56.5
RASIEL,24,34.5
RASUL,24,32.8
RAUL GREGORIO,24,48.3
RAUL ISAAC,24,41.5
RAUL OSVALDO,24,58.5
RAUL SAMUEL,24,29.4
RAYMOND GEORGE,24,72.0
REINALDO ALBERTO,24,47.5
REMIGIO JOSE,24,53.8
RENE ARTURO,24,48.0
RENE FRANCISCO,24,49.6
RENZO MARTIN,24,33.7
REUBEN,24,27.7
RICARDO RENE,24,39.7
ROBBY,24,45.6
ROBERT RICHARD,24,53.2
ROBERTO ANIBAL,24,54.9
ROBERTO GONZALO,24,44.8
ROBERTO JOSUE,24,31.2
ROCK,24,8.1
RODOLFO ERNESTO,24,57.1
RODOLFO OSCAR,24,60.2
RODOLFO RAMON,24,49.2
RODRIGO ALESSANDRO,24,11.7
RODRIGO ALFREDO,24,35.8
RODRIGO JULIAN,24,35.5
RODRIGO LEONEL,24,26.0
RODRIGO OSCAR,24,39.1
RODRIGO PATRICIO,24,43.4
ROGER JAVIER,24,33.7
ROGER PAUL,24,51.0
ROLANDO GABRIEL,24,42.7
ROMAN ANGEL,24,60.3
RONALDO ANTONIO,24,33.0
RONALDO JAVIER,24,25.1
ROQUE JUAN,24,54.8
ROQUE MARIO,24,42.0
ROWAN,24,16.4
RUBEN ABEL,24,45.5
RUI FERNANDO,24,48.2
RUI JOSE,24,53.6
RUIHAN,24,12.8
RUIYANG,24,11.9
SAHID,24,36.2
SALAH ADIN,24,14.3
SALVADOR CARMELO,24,62.5
SALVADOR MARTIN,24,44.2
SAMUEL MATHIAS,24,8.1
SAMUEL PAUL,24,28.6
SANTIAGO AARON,24,16.8
SANTIAGO PATRICIO,24,38.3
SANTOS RAMON,24,54.8
SANTOS VICENTE,24,58.8
SARBJEET,24,36.7
SATURNINO JESUS,24,60.8
SAURABH,24,33.9
SCOTT DAVID,24,46.5
SEBASTIAN AARON,24,17.5
SEBASTIAN ARMANDO,24,26.2
SEBASTIAN JOAQUIN,24,37.7
SEGUNDO ENRIQUE,24,55.7
SEGUNDO ROBERTO,24,51.4
SERGIO DANILO,24,38.8
SERGIO GREGORIO,24,49.1
SERGIU DANIEL,24,34.4
SERNI,24,21.8
SHAHMEER,24,10.9
SHEHRYAR,24,21.7
SILVIU ADRIAN,24,36.5
SILVIU FLORIN,24,37.0
SIMON DANIEL,24,36.5
SIMON MARK,24,55.3
SIMON RAFAEL,24,41.3
SISCO,24,17.2
SISSOKO,24,36.5
SIXTE,24,46.9
SLIM,24,37.6
SOULTAN,24,6.9
STANEL,24,48.8
STEFAN MARIUS,24,41.3
STEFAN ROBERT,24,29.8
STEVEN MARK,24,58.5
SUA,24,12.7
SUKHMAN,24,14.1
SUKHMANPREET,24,18.1
SULEIMANE,24,41.2
SURESH KUMAR,24,49.4
SURINDER SINGH,24,44.7
SVETOZAR,24,47.9
TAKI,24,44.0
THIAGO FABIAN,24,9.3
THIAGO MARCELO,24,11.0
TILL,24,29.8
TOBIA,24,22.9
TOMAS ADRIAN,24,25.6
TOMAS ALONSO,24,34.7
TOMAS MARIANO,24,54.6
TOMAS MARIO,24,55.4
TONY ALEXANDER,24,33.6
TUBAL,24,48.1
ULYSSE,24,18.0
URIEL ALEJANDRO,24,21.9
VALERIO JOSE,24,44.8
VESKO,24,49.3
VICENTE ALEXIS,24,50.3
VICENTE CESAR,24,56.9
VICENTE FERMIN,24,62.1
VICENTE ISRAEL,24,45.3
VICENTE MATEO,24,50.7
VICTOR PATRICIO,24,44.6
VICTOR RODOLFO,24,43.0
VICTOR VLADIMIR,24,33.5
VICTORIANO MIGUEL,24,59.5
VIDMANTAS,24,54.7
VIKRAMJIT,24,30.3
VIRGILI,24,47.5
WALTER JOEL,24,32.3
WENZHONG,24,50.0
WILLIAM AUGUSTO,24,46.9
WILLIAM FREDERICK,24,65.7
WILSON FRANCISCO,24,41.6
WILSON MARCELO,24,47.9
WILSON STEVEN,24,26.5
XIANMIN,24,56.1
XIAOPENG,24,35.4
XIAOWEN,24,40.2
XIAOYANG,24,29.0
XINGCHEN,24,10.8
XINPING,24,49.8
XINRONG,24,46.7
XOAN ANTON,24,52.5
XUPING,24,51.4
YANJUN,24,40.6
YARO,24,10.9
YEISON FABIAN,24,32.5
YHON FREDY,24,46.1
YI XUAN,24,9.6
YIHAD,24,20.5
YIJIAN,24,32.8
YIMI,24,39.8
YIPENG,24,25.0
YIRAN,24,14.8
YISHENG,24,31.2
YIYI,24,29.8
YOANDRIS,24,38.5
YOEL ALEXANDER,24,27.8
YONGFU,24,50.0
YONGLI,24,53.8
YORDANO,24,32.1
YORDANYS,24,38.3
YORMAN ALEXANDER,24,32.7
YOSUE,24,25.1
YOUNS,24,23.7
YUJIAN,24,38.0
YULIANG,24,37.5
YULIER,24,37.6
YUREN,24,20.7
YUSUFU,24,27.7
ZAIM,24,42.3
ZAK,24,23.6
ZHENGJIE,24,27.5
ZHONGJIE,24,41.0
ZYDRUNAS,24,46.7
AAHIL,23,5.1
AARON EMANUEL,23,11.8
AARON MATIAS,23,13.0
ABDEL GHANI,23,34.0
ABDELFADIL,23,49.7
ABDELGHALI,23,43.6
ABDELMOTALEB,23,32.4
ABDOUL SALAM,23,32.7
ABDOULAHI,23,24.8
ABDUL JABBAR,23,36.2
ABDUL LAH,23,15.1
ABDURAHMAN,23,15.5
ABEL ALEXANDER,23,24.1
ABIDINE,23,37.2
ABRAHAM ANDRES,23,27.7
ACOIDAN JESUS,23,26.8
ADAE,23,26.6
ADAM RICHARD,23,36.2
ADAN DAVID,23,26.8
ADAY ANTONIO,23,27.7
ADOLFO ALEXANDER,23,34.0
ADOLFO RICARDO,23,62.5
ADRIAN FABRICIO,23,26.8
ADRIAN JOSEPH,23,35.0
ADRIAN LORENZO,23,32.2
AFNAN,23,18.9
AGUSTIN BERNARDO,23,54.7
AGUSTIN GONZALO,23,47.2
AHMAD ALI,23,24.8
AHTASHAM,23,31.1
AIDAR,23,27.5
AIDAS,23,40.7
AIDE,23,24.4
AINUR,23,20.9
AIRONG,23,56.2
AITOR ENRIQUE,23,26.4
AITOR IÑAKI,23,40.1
AKSIL,23,7.2
ALADJE,23,36.9
ALAIN PIERRE,23,67.7
ALAN DAMIAN,23,22.0
ALAN LUIS,23,29.4
ALAN PATRICK,23,50.8
ALBERT JOSUE,23,24.7
ALBERT NICOLAS,23,10.9
ALBERTO ALONSO,23,39.6
ALBERTO MAURICIO,23,48.8
ALBERTO ROMAN,23,43.6
ALDO JESUS,23,39.0
ALDO SEBASTIAN,23,28.3
ALEJANDRO ANDREI,23,13.0
ALEJANDRO BLAS,23,37.7
ALEJANDRO CONSTANTIN,23,25.8
ALEJANDRO ISIDRO,23,45.0
ALESIO,23,29.2
ALEX HUMBERTO,23,43.2
ALEXANDRE DAVID,23,31.9
ALEXANDRU FLORENTIN,23,25.3
ALEXIS DARIO,23,28.7
ALEXIS RUBEN,23,34.8
ALFONSO ELIAS,23,51.8
ALFONSO GERARDO,23,50.5
ALFONSO MATIAS,23,48.4
ALFREDO CESAR,23,55.7
ALFREDO GUILLERMO,23,60.7
ALGASSIMOU,23,33.8
ALI MOHAMED,23,38.1
ALI RAFAEL,23,39.3
ALLAN ANTONIO,23,29.7
ALONSO IGNACIO,23,23.5
ALONSO RAFAEL,23,33.2
ALVARO JOEL,23,20.0
ALVYDAS,23,55.5
AMADOU KORKA,23,36.0
AMAEL,23,18.3
AMIRREZA,23,31.4
ANDER JOSE,23,11.8
ANDERSON ALBERTO,23,31.0
ANDRES HORACIO,23,44.2
ANDRES MOISES,23,36.0
ANDRES SIMON,23,37.2
ANDREW EDWARD,23,61.9
ANDREW KENNETH,23,52.4
ANDREW NICHOLAS,23,52.9
ANDREW STUART,23,56.9
ANDRI,23,34.4
ANDY PAUL,23,24.7
ANESS,23,22.6
ANGEL BORJA,23,37.8
ANGEL EDGARDO,23,38.0
ANGEL LEONIDAS,23,49.0
ANGELO ALBERTO,23,29.1
ANIBAL FRANCISCO,23,49.2
ANICET,23,59.7
ANIK,23,22.3
ANSELMO LUIS,23,62.3
ANTELMO,23,70.3
ANTHONY FABIAN,23,20.8
ANTHONY ISAAC,23,15.3
ANTHONY LUIS,23,26.2
ANTONI JAUME,23,47.7
ANTONIO AMADEO,23,51.8
ANTONIO BERNARDINO,23,58.7
ANTONIO BRUNO,23,54.5
ANTONIO HUMBERTO,23,51.9
ANTONIO ISAIAS,23,43.8
ANTONIO LINO,23,58.6
ANTONIO LUCIO,23,57.4
ANTONIO OCTAVIO,23,52.6
ANTONIO PIO,23,46.4
ANTONIO ZACARIAS,23,50.4
ANTONIUS JOHANNES,23,67.7
ANVAR,23,36.5
ANYI,23,20.3
ARCADIE,23,47.1
AREF,23,41.6
ARGENIS ANTONIO,23,42.2
ARGIMIRO JOSE,23,64.5
ARIEL ROBERTO,23,40.8
ARIFUL,23,30.3
ARJAY,23,30.4
ARNALDO ARIEL,23,33.3
ARQUIMIDES,23,63.4
ARTHUR GEORGE,23,48.9
ARTURO FELIPE,23,48.5
ASENSIO JOSE,23,53.0
ASSE,23,36.8
ATHOS,23,19.3
AUGUSTO LUIS,23,51.5
AURELIO JUAN,23,63.2
AURELIO LUIS,23,64.8
AVELINO ANDRES,23,62.7
AXEL ENRIQUE,23,22.6
AXIEL,23,15.9
BAHARU,23,33.2
BARDIA,23,23.5
BARI,23,39.8
BARRY DAVID,23,69.7
BARRY EDWARD,23,71.8
BASILIANO,23,73.5
BASSEL,23,34.9
BASTIAN ALEJANDRO,23,14.6
BAYARDO JOSE,23,36.1
BENITO ALFONSO,23,56.7
BENITO FERNANDO,23,65.8
BENJAMIN ELIAS,23,25.1
BENJAMIN MICHAEL,23,30.4
BENT,23,69.2
BERNARD JOSEPH,23,73.9
BLAKE,23,15.4
BLAS MARIA,23,60.3
BODO,23,61.0
BOGDAN ALIN,23,34.3
BOGDAN MARIUS,23,33.8
BOHAO,23,11.8
BOJUN,23,34.6
BORAN,23,12.9
BORJA VICENTE,23,35.7
BOURAHIMA,23,39.2
BOYI,23,22.5
BRADLEY JAMES,23,37.6
BRANDON ESTIVEN,23,22.7
BRANDON JOEL,23,20.6
BRANIMIR,23,43.0
BRAYAN ALFREDO,23,28.2
BRAYAN ARIEL,23,26.1
BRIAN AGUSTIN,23,28.2
BRIAN PAUL,23,44.0
BRUNO DAMIAN,23,25.9
BRUNO JUAN,23,43.7
BRYAN ALFREDO,23,26.1
BRYAN ARTURO,23,26.1
CAMILO DAVID,23,27.6
CANDI,23,50.2
CARLES ANTONI,23,49.0
CARLOS AMADO,23,53.4
CARLOS CELSO,23,59.8
CARLOS GENARO,23,49.2
CARLOS HIPOLITO,23,50.0
CARMELO DOMINGO,23,60.7
CARMELO IGNACIO,23,60.5
CATALIN IONEL,23,39.4
CECILIO MIGUEL,23,55.4
CECILIO RAMON,23,54.1
CELSO ENRIQUE,23,48.3
CESAR DIEGO,23,45.1
CESAR MARCOS,23,48.3
CHARLES JAMES,23,51.5
CHAUDHRY MUHAMMAD,23,39.5
CHEMSEDDINE,23,32.7
CHENGRUI,23,12.8
CHRISTIAN ERNESTO,23,36.4
CHRISTIAN GERARDO,23,37.5
CHRISTIAN ISAAC,23,24.4
CHRISTIAN JORGE,23,35.9
CHRISTIAN STEVEN,23,23.7
CHRISTOPHER ADRIAN,23,19.4
CHRISTOPHER EDUARDO,23,22.0
CHRISTOPHER GABRIEL,23,16.8
CIRO ALEJANDRO,23,38.4
CLAUDIO ALFONSO,23,56.3
CLAUDIO FELIPE,23,48.3
CLAUDIO MAURICIO,23,43.9
CLAUDIO VICENTE,23,53.2
COLOMAN,23,60.9
CONRADO ANTONIO,23,56.8
CONRADO JOSE,23,56.0
COSTEL CATALIN,23,41.2
CRISOGONO,23,74.8
CRISTHIAN MIGUEL,23,27.6
CRISTIAN EDGARDO,23,42.8
CRISTIAN JOAQUIN,23,33.9
CRISTIAN LAURENTIU,23,40.3
CRISTIAN LUCIAN,23,39.6
CRISTIAN MARCOS,23,34.9
CRISTIAN NAHUEL,23,26.8
CRISTIAN YESID,23,30.7
CRISTIN,23,46.8
CRISTOBAL SALVADOR,23,52.5
CRISTOPHER JOEL,23,21.1
CVETAN,23,53.5
DALJIT SINGH,23,39.8
DAMAN,23,35.1
DANIEL AITOR,23,30.0
DANIEL BORJA,23,38.0
DANIEL JACOB,23,28.9
DANIEL JACOBO,23,36.9
DANIEL MARC,23,35.9
DANIEL OLIVER,23,33.2
DANIEL RAMIRO,23,38.8
DANIEL SAUL,23,29.5
DANIEL STEPHEN,23,33.6
DANNY ALEXIS,23,33.5
DANNY ENRIQUE,23,37.8
DANY JAVIER,23,36.3
DARIO GERMAN,23,41.6
DARIUS EMANUEL,23,15.9
DARSHAN,23,49.6
DARWIN FABRICIO,23,33.3
DARWIN STALIN,23,40.9
DARWIN STEVEN,23,23.9
DAVID AITOR,23,34.6
DAVID DIEGO,23,39.5
DAVID ERNEST,23,68.8
DAVID JERONIMO,23,33.5
DAVID KEVIN,23,41.0
DAVID MAXIMILIANO,23,34.0
DAVID PHILIP,23,63.8
DAVID REYES,23,43.5
DELFIN ANTONIO,23,61.6
DEMYD,23,10.1
DENES,23,42.6
DENIEL,23,13.2
DENIS EMANUEL,23,20.2
DENIS IOAN,23,17.8
DENNIS ALBERTO,23,36.2
DENNIS GABRIEL,23,22.4
DEREK MANUEL,23,8.8
DEYVIS,23,30.8
DIARGA,23,31.3
DIEGO ANDREI,23,8.9
DIEGO GREGORIO,23,38.7
DIEGO OSVALDO,23,37.3
DIEUDONNE,23,43.4
DILAN SEBASTIAN,23,14.3
DIOMAR,23,38.0
DIRCEU,23,51.0
DJAWAD,23,22.7
DOMINGO LORENZO,23,62.4
DOMINGO SEBASTIAN,23,58.5
DOMINIC GABRIEL,23,7.2
DUMITRU VASILE,23,44.5
DYLAN RICARDO,23,11.0
EDGAR GIOVANNY,23,45.2
EDGAR GONZALO,23,48.1
EDIK,23,44.3
EDILSON JESUS,23,47.5
EDISON GUSTAVO,23,46.0
EDISON IVAN,23,39.7
EDISON RICARDO,23,35.3
EDRIK,23,6.6
EDUARD ALBERTO,23,32.8
EDUARD ENRIQUE,23,31.6
EDUARD NICOLAE,23,28.2
EDUARD RAFAEL,23,29.0
EDUVIGIS,23,63.8
EDWARD ANTHONY,23,54.2
EDWIN ARIEL,23,34.5
EDWIN EFRAIN,23,39.9
EDWIN SEBASTIAN,23,26.7
EDWIN VICENTE,23,44.9
EDWIN VLADIMIR,23,36.8
EDWIN YESID,23,33.3
EFRAIN ALEJANDRO,23,32.4
EL FADEL,23,47.8
EL HASAN,23,46.5
EL HOSAIN,23,50.4
EL HOUCEINE,23,37.5
EL MABROUK,23,42.8
ELEO,23,8.8
ELHASSANE,23,40.5
ELIAN ALEXANDER,23,12.8
ELISANDRO,23,34.2
ELMILOUD,23,35.4
ELOY ANDRES,23,44.5
ELOY EDUARDO,23,45.1
ELVIN JOSUE,23,28.1
EMANUEL CRISTIAN,23,23.7
EMANUEL SANTIAGO,23,20.9
EMERSON JOSUE,23,26.2
EMILIO VICTOR,23,58.2
ENDER ALEXANDER,23,36.7
ENRIQUE ALVARO,23,53.8
ENRIQUE BLAS,23,56.8
ENRIQUE FEDERICO,23,56.3
ENZO RODRIGO,23,20.9
ERIC JAMES,23,52.5
ERIC XAVIER,23,26.5
ERICK ALEXIS,23,23.3
ERICK GEOVANNY,23,30.8
ERICK LEANDRO,23,18.0
ERICK MARCELO,23,30.6
ERNESTO CAMILO,23,45.8
ESLAM,23,18.6
ESTEBAN AGUSTIN,23,43.2
ESTEBAN EZEQUIEL,23,37.5
ESTEBAN ROBERTO,23,52.7
ETHAN MANUEL,23,8.9
EUDES,23,43.8
EUSEBIO FERNANDO,23,59.8
EYOB,23,20.0
EZAN,23,10.5
EZEQUIEL ADRIAN,23,33.1
FABIAN LUIS,23,48.2
FABRIZIO GABRIEL,23,19.0
FACUNDO GASTON,23,29.5
FACUNDO JOAQUIN,23,27.6
FACUNDO MIGUEL,23,37.3
FARAMARZ,23,59.6
FATJON,23,37.2
FAUSTO ALBERTO,23,53.6
FEDERICO ERNESTO,23,47.2
FEDERICO GERMAN,23,39.8
FEDERICO RICARDO,23,54.7
FELIPE GUSTAVO,23,37.9
FELIX ISMAEL,23,53.5
FELIX OMAR,23,42.6
FERNANDO RODOLFO,23,57.4
FERNEY ANTONIO,23,46.6
FIDEL ENRIQUE,23,48.4
FIDEL JAVIER,23,55.7
FLAVIO ENRIQUE,23,47.1
FLAVIO HENRIQUE,23,42.7
FLORENTINO JESUS,23,56.7
FLORIN ION,23,45.5
FRANCESC JAVIER,23,55.9
FRANCESC MARIA,23,53.5
FRANCESCO ALESSANDRO,23,16.4
FRANCISCO BERNARDINO,23,60.1
FRANCISCO DONATO,23,53.7
FRANCISCO ELEUTERIO,23,64.2
FRANCISCO JOSE MARIA,23,69.0
FRANCISCO PASTOR,23,49.7
FRANCO ESTEBAN,23,30.4
FRANCO GASTON,23,32.3
FRANCO MIGUEL,23,39.1
FRANK ROBERT,23,55.0
FRANKLIN MIGUEL,23,38.4
FRANKLIN RAMON,23,46.1
FREDDY ALEXIS,23,38.2
FREDDY GUSTAVO,23,45.9
FREDDY HUMBERTO,23,46.5
FREDDY ROBERTO,23,45.6
FREDY DAVID,23,37.2
FRIEDHELM,23,75.1
GABRIEL ISAIAS,23,28.9
GALO FRANCISCO,23,44.9
GALO JOSE,23,45.6
GALO MANUEL,23,45.7
GASTON GABRIEL,23,40.5
GENADIO,23,70.1
GENG,23,39.8
GEORGE ALBERT,23,41.5
GEORGE THOMAS,23,49.0
GEOVANNY ANDRES,23,32.7
GERARDO NICOLAS,23,48.7
GERASIMO,23,70.3
GERMAN DIEGO,23,47.7
GERMAN HORACIO,23,46.2
GERMAN RAUL,23,43.7
GERSON EDUARDO,23,31.2
GHANEM,23,47.5
GHEORGHE OVIDIU,23,43.5
GHISLAIN,23,45.1
GIAN LUCAS,23,15.8
GIANNIS,23,8.8
GIORGIAN,23,36.6
GONZALO ARMANDO,23,54.5
GONZALO DIEGO,23,44.2
GONZALO RUBEN,23,42.6
GOODLUCK,23,26.1
GREGORIO SALVADOR,23,55.5
GREGORY JOHN,23,56.7
GROBER,23,46.7
GUIDO ANTONIO,23,50.2
GUIDO HERNAN,23,46.5
GUILLERMO ALEXIS,23,38.0
GUILLERMO RODRIGO,23,37.9
GUILLERMO VALENTIN,23,43.1
GUILLERMO VICTOR,23,45.2
GUIOMAR,23,31.5
HACH,23,32.9
HAIMING,23,45.2
HAOJUN,23,21.7
HAOZE,23,12.5
HARDEV,23,47.7
HAROLD WILSON,23,47.5
HARPINDER,23,35.7
HASSAN RAZA,23,25.9
HASSNAIN,23,24.1
HECTOR FAVIO,23,43.0
HECTOR GEOVANNY,23,36.7
HECTOR ISAAC,23,28.1
HECTOR MATIAS,23,26.6
HECTOR RODOLFO,23,61.9
HELIBERTO,23,54.0
HENOK,23,22.6
HENRIQUE JOSE,23,46.7
HENRRY JOSE,23,43.8
HENRY GIOVANNY,23,38.0
HENRY HERNAN,23,43.3
HENRY JOSEPH,23,42.3
HENRY STEVEN,23,26.2
HEPING,23,56.2
HERMANN JOSEF,23,74.8
HERMILO,23,75.2
HERNAN CARLOS,23,47.8
HERNANI,23,50.9
HORACIO FRANCISCO,23,53.4
HORACIO LUIS,23,59.2
HOUCIN,23,45.2
HOVSEP,23,36.1
HUGO DAMIAN,23,38.3
HUGO ELIAS,23,31.5
HUGO FELIPE,23,34.8
HUGO MATIAS,23,25.4
HUGO VINICIO,23,44.9
HUSAIN,23,20.8
IAHIA,23,23.1
IAN ANTHONY,23,44.1
IANIS STEFAN,23,9.0
IDRISA,23,26.7
IFEANYI,23,42.4
IGNACIO AITOR,23,53.9
IKER IGNACIO,23,22.3
ILARIO,23,48.9
IMANOL MIRENA,23,63.1
IMMANUEL,23,23.8
IMRAAN,23,7.2
INOCENCIO JOSE,23,59.4
IOAN IULIAN,23,39.4
IOAN MIRCEA,23,49.5
ION LAURENTIU,23,45.0
IONEL CATALIN,23,40.9
IONUT DAVID,23,13.5
IONUT LIVIU,23,37.4
IONUT STEFAN,23,31.2
IREBER,23,16.3
ISAAC JACOB,23,33.0
ISACC,23,33.4
ISAIA,23,30.8
ISAIAS ALEJANDRO,23,22.8
ISAIAS DANIEL,23,19.3
ISAIAS GABRIEL,23,19.5
ISAN,23,16.1
ISIDORO MIGUEL,23,63.5
ITAN,23,8.4
IULIAN CATALIN,23,38.2
IVALIN,23,44.8
IVAN ADOLFO,23,44.0
IVAN EMANUEL,23,23.1
IVAN NIKOLOV,23,49.6
IVENS,23,34.7
IZAEL,23,11.0
IZARO,23,31.5
IZORTZ,23,25.9
JABAR,23,33.4
JACINTO DANIEL,23,41.7
JAIME DAMIAN,23,44.9
JAIME FABIAN,23,48.5
JAIME GREGORIO,23,52.4
JAIME JOEL,23,30.3
JAIME SAMUEL,23,36.2
JAIRO HERNAN,23,51.7
JAKE ALEXANDER,23,24.5
JAMES LEE,23,49.0
JAMES PHILIP,23,48.2
JASDEEP,23,23.5
JASON ROBERT,23,46.2
JASSER,23,18.2
JAUME ENRIC,23,48.1
JAVIER EMILIANO,23,43.9
JAVIER FLORENCIO,23,47.8
JEAN ALEXANDER,23,28.8
JEAN GABRIEL,23,35.6
JEISSON STIVEN,23,26.7
JEREMY SANTIAGO,23,13.8
JERIAN,23,21.4
JESUS ALIRIO,23,44.8
JESUS AMBROSIO,23,61.0
JESUS BALTASAR,23,65.8
JESUS CONSUELO,23,57.9
JESUS LEON,23,52.6
JESUS NAZARETH,23,33.2
JESUS PLACIDO,23,60.0
JESUS RENE,23,51.6
JESUS SALUD,23,29.3
JESUS SEGUNDO,23,65.2
JESUS ULISES,23,49.6
JESUS VENTURA,23,56.2
JHEYSON,23,25.0
JHON ARLEY,23,39.9
JHON DEIVY,23,24.3
JHONNY MAURICIO,23,33.7
JIA CHENG,23,16.8
JIAHONG,23,23.8
JIAQIANG,23,31.0
JIAXI,23,22.8
JIMMY DAVID,23,32.8
JIMMY JESUS,23,38.1
JINCHEN,23,6.8
JINFU,23,50.5
JINGCHENG,23,16.2
JINRUI,23,16.0
JINXING,23,50.3
JOAKIM,23,32.5
JOAN ADRIA,23,26.9
JOAN JOAQUIM,23,55.1
JOAN LLUC,23,30.1
JOANNES,23,43.5
JOAO ALEXANDRE,23,37.6
JOAO DANIEL,23,28.2
JOAO LUIZ,23,38.2
JOAQUIN BAUTISTA,23,51.3
JOEL ALFREDO,23,33.5
JOEL ARTURO,23,27.6
JOEL JOSUE,23,25.9
JOHAN ADRIAN,23,17.5
JOHAN LEANDRO,23,25.7
JOHANN ANDRES,23,23.2
JOHN MARLON,23,34.8
JOHN WILMER,23,39.5
JOHNNY ENRIQUE,23,42.2
JOHNNY JESUS,23,40.7
JOHNNY MANUEL,23,43.9
JOHNNY RAFAEL,23,46.4
JOHNY ALEXANDER,23,36.0
JONADAB,23,38.2
JONATAN MIGUEL,23,36.6
JONATHAN ESTEBAN,23,31.5
JONNATHAN ALEXANDER,23,33.4
JORDAN GABRIEL,23,18.2
JORDI LUIS,23,30.7
JORDY ANDRES,23,25.2
JORDY DAVID,23,22.0
JORGE ADAN,23,43.0
JORGE CLEMENTE,23,49.8
JORGE JUSTO,23,50.6
JORGE MICHAEL,23,35.2
JOSE ATILIO,23,56.7
JOSE BRYAN,23,24.2
JOSE ECHEDEY,23,36.2
JOSE ELIO,23,49.6
JOSE FORTUNATO,23,63.1
JOSE GERONIMO,23,57.4
JOSE JONAS,23,43.0
JOSE LLUIS,23,59.6
JOSE LUIS CARLOS,23,69.6
JOSE LUIS MIGUEL,23,70.3
JOSE MANUEL ANTONIO,23,71.6
JOSE MARIA ANDRES,23,68.3
JOSE MARIA RAFAEL,23,70.2
JOSE MARIN,23,56.8
JOSE ROSA,23,57.9
JOSE ULPIANO,23,60.5
JOSE WILLIAN,23,49.5
JOSEP RAFEL,23,52.0
JOSEPH FRANCISCO,23,25.2
JOSIAS DANIEL,23,16.5
JOSUE ARIEL,23,28.0
JOSUE ENMANUEL,23,26.0
JOSUE NICOLAS,23,26.7
JOYNAL,23,43.7
JUAN ADAN,23,42.5
JUAN ANGELES,23,57.7
JUAN ARNALDO,23,45.9
JUAN CARLOS JESUS,23,45.8
JUAN HONORIO,23,57.6
JUAN JACOB,23,36.0
JUAN SABINO,23,60.5
JUAQUIN,23,53.1
JULIAN CARMELO,23,58.9
JULIAN LORENZO,23,59.1
JULIAN RODRIGO,23,46.8
JUSTIN ADRIAN,23,17.3
KARA,23,35.7
KARANVEER,23,15.8
KEES,23,45.0
KEITH JAMES,23,66.2
KELVIN DAVID,23,31.0
KELVIN MANUEL,23,32.6
KENNY JOSE,23,34.2
KEVIN ARNOLD,23,30.2
KEVIN GUILLERMO,23,27.4
KEVIN HERNAN,23,25.5
KEVIN ROLANDO,23,27.1
KEVIN SAUL,23,24.8
KEWAL,23,50.4
KHALILOU,23,31.9
KHAOUSSOU,23,35.5
KOLDOBIKA MIKEL,23,55.2
KORAY,23,23.6
LAMINI,23,23.0
LANCE,23,30.1
LANCELOT,23,23.8
LAURENTZI,23,50.3
LEANDRO ESTEBAN,23,36.5
LEANDRO ROBERTO,23,36.5
LENIN DAVID,23,32.2
LEON FRANCISCO,23,52.3
LEONARDO JORGE,23,41.1
LEONARDO VALENTIN,23,24.9
LEONCIO JESUS,23,63.4
LEONEL ADRIAN,23,22.2
LESME,23,57.6
LIAM ANTHONY,23,20.2
LIAM CARLOS,23,7.3
LIAM MATHEO,23,4.1
LINO JESUS,23,51.1
LIONEL ANDRES,23,13.2
LIVIU IOAN,23,45.8
LIVIU VASILE,23,47.8
LLUIS CARLES,23,54.2
LORAND,23,37.2
LORENZO IGNACIO,23,45.1
LORENZO VALENTIN,23,39.6
LUBOS,23,47.2
LUCAS OSCAR,23,35.9
LUCHO,23,34.4
LUCIANO RAMON,23,59.7
LUIS AMARO,23,51.2
LUIS BLAS,23,51.0
LUIS ELISEO,23,46.4
LUIS GASTON,23,43.0
LUIS HIPOLITO,23,52.9
LUIS JEFFERSON,23,33.2
LUIS LEONCIO,23,59.7
LUIS NOEL,23,42.5
MAHMUDUL,23,31.1
MAHMUT,23,47.1
MAIKEL ANDRES,23,17.1
MAKS,23,16.9
MAMADOU HADY,23,31.1
MAMADOU SEYDOU,23,32.8
MAME MBAYE,23,32.5
MANUEL BRUNO,23,47.7
MANUEL EDGARDO,23,44.0
MANUEL MELCHOR,23,60.9
MANUEL PERFECTO,23,65.3
MANUEL SERVANDO,23,66.5
MANUEL SILVERIO,23,63.7
MANUEL VIRGILIO,23,61.2
MARC ADRIA,23,24.5
MARCEL DANIEL,23,39.9
MARCEL VASILE,23,47.5
MARCELO ALFREDO,23,52.7
MARCELO CESAR,23,54.7
MARCELO JUAN,23,60.8
MARCO ALESSANDRO,23,14.2
MARGARIT,23,53.3
MARIAN ION,23,46.0
MARIAN ROBERT,23,35.6
MARIANO SANTIAGO,23,59.8
MARIANO VICTOR,23,60.8
MARIO LORENZO,23,52.9
MARIO RAMIRO,23,53.3
MARIUS DANUT,23,39.4
MARK JONATHAN,23,52.9
MARKS,23,16.8
MARLON MANUEL,23,34.9
MARLON SEBASTIAN,23,20.0
MARTIN EDWARD,23,57.6
MARTIN GAEL,23,5.4
MARTIN GERARDO,23,46.4
MARTIN HORACIO,23,44.2
MATIAS GUSTAVO,23,28.1
MATIAS TOMAS,23,28.2
MATTEO GABRIEL,23,7.6
MAURICIO GASTON,23,37.2
MAURICIO ORLANDO,23,47.3
MAURICIO RAMON,23,47.7
MAURO ALEXANDER,23,29.2
MAURO CESAR,23,47.8
MAURO GASTON,23,38.9
MAXIMILIANO DAMIAN,23,35.3
MAXIMILIANO EMANUEL,23,31.8
MAXIMILIANO LUIS,23,39.9
MAXIMO ALFREDO,23,45.3
MAXIMO FERNANDO,23,43.7
MD ARIF,23,31.6
MEHAMED,23,47.2
MELCHOR JESUS,23,54.3
MERLI,23,10.9
MICHAEL KENNETH,23,66.2
MIGUEL CAYETANO,23,47.4
MIGUEL ISAIAS,23,42.8
MIGUEL ISRAEL,23,41.2
MIGUEL JACOBO,23,46.1
MILESIO,23,60.2
MILORAD,23,55.4
MILTON ALBERTO,23,45.9
MILTON FRANCISCO,23,44.9
MILTON JESUS,23,43.5
MILTON MAURICIO,23,42.3
MISSOUM,23,48.2
MODESTO RAMON,23,66.2
MODOU FALL,23,36.6
MOFADAL,23,60.1
MOHAMADINE,23,53.8
MOHAMED ANASS,23,25.1
MOHAMED CHAKIB,23,30.6
MOHAMED FARES,23,18.0
MOHAMED FAROUK,23,29.0
MOHAMED MOHAMED,23,50.6
MOHAMED SEGHIR,23,50.9
MOHAMED SULTAN,23,3.2
MOHAMED YAZID,23,22.3
MOHAMMAD ARSHAD,23,55.0
MOHAMMAD HOSSEIN,23,47.7
MOHAMMED KAMAL,23,31.5
MOISES VICENTE,23,49.5
MOSSA,23,22.3
MOULAY HICHAM,23,46.2
MOUNCIF,23,27.2
MOUSSE,23,37.4
MUHAMMAD AAYAN,23,11.9
MUHAMMAD ASHRAF,23,54.5
MUHAMMAD AZEEM,23,34.4
MUHAMMAD RAYAN,23,6.4
MUHAMMAD SAEED,23,42.2
MUHAMMAD SALEEM,23,47.9
MUZAMIL,23,29.8
NAFAA,23,40.9
NAHUEL EZEQUIEL,23,26.8
NARCIS IONUT,23,27.1
NAYIN,23,37.7
NEEL,23,12.5
NESTOR ANIBAL,23,58.3
NIAN,23,13.2
NICOLAE SEBASTIAN,23,32.8
NICOLAS ADOLFO,23,40.6
NICOLAS DIEGO,23,38.1
NICOLAS EUGENIO,23,44.8
NIKODEM,23,10.0
NOAH JOSE,23,5.1
OCEAN,23,8.7
OLAVO,23,39.6
OLIVER CARLOS,23,29.6
OLIVER CHARLES,23,28.3
OLIVER FERNANDO,23,32.3
OLIVER MATEO,23,7.4
OLIVERIO JESUS,23,47.3
OMAR ELIAS,23,34.2
OMAR RUBEN,23,53.1
OMARI,23,35.4
OSCAR JAMES,23,15.6
OSCAR MARCOS,23,45.2
OSCAR NOE,23,31.8
OSVALDO ALBERTO,23,55.8
OSVALDO MARTIN,23,48.3
OSVALDO RAUL,23,59.7
OSWALDO FRANCISCO,23,47.1
OUBAID,23,15.9
OVIDIU DUMITRU,23,40.0
PABLO AITOR,23,39.9
PABLO ROLANDO,23,43.1
PAOLO ALEJANDRO,23,21.5
PAOLO ALESSANDRO,23,17.6
PASCUAL PEDRO,23,62.9
PATRICIO EZEQUIEL,23,36.3
PATRICK ANTHONY,23,52.9
PAUL ALBERT,23,60.2
PAUL LUCIAN,23,34.6
PAULIN,23,47.4
PEDRO AARON,23,28.1
PEDRO CANDIDO,23,60.9
PEDRO CELSO,23,63.5
PEDRO LEONEL,23,32.8
PEDRO PAULINO,23,59.5
PEDRO VIRGILIO,23,51.3
PEIJUN,23,38.5
PERE ALBERT,23,46.5
PERVEZ,23,49.5
PETER FRANK,23,64.8
PETER MARK,23,55.6
PETRU GABRIEL,23,36.2
PEYMAN,23,47.8
PIERO ANTONIO,23,26.5
POVILAS,23,44.6
PRABIN,23,30.8
PRADIP,23,35.1
QINGWEI,23,46.4
QIWEI,23,28.0
QUINTI,23,42.6
RADIN,23,15.4
RADU BOGDAN,23,34.1
RADU GHEORGHE,23,43.3
RAFAEL PATRICIO,23,50.0
RAFAEL SEGUNDO,23,61.8
RAJAT,23,29.6
RAMIRO EDUARDO,23,48.6
RAMON ANIBAL,23,53.4
RAMON CELSO,23,65.4
RAMON DIONISIO,23,62.2
RAMON ELOY,23,59.0
RAMON HUMBERTO,23,51.8
RAMON ISAAC,23,49.5
RANBIR,23,29.7
RANDHIR,23,47.4
RAUL JUNIOR,23,19.2
RAUL SERGIO,23,46.2
RAUL VASILE,23,23.0
RAYCO DAVID,23,38.9
RAYMOND PAUL,23,69.1
REHMAT,23,44.1
REINALDO RAFAEL,23,44.4
RENAUD,23,45.9
RENIEL,23,36.6
REZAUL,23,35.5
RICARDO ABEL,23,47.5
RICARDO ISAAC,23,37.2
RICHARD NELSON,23,51.2
RICHARD PATRICIO,23,39.8
RICHARD SEBASTIAN,23,27.5
RICHART,23,35.5
RIGOBERTO ANTONIO,23,45.5
RIGOBERTO JESUS,23,50.3
RIPON,23,36.4
ROBBERT,23,55.7
ROBERT CHRISTIAN,23,47.1
ROBERT FERNANDO,23,34.1
ROBERT LEE,23,54.7
ROBERT STANLEY,23,67.4
ROBERTO BENJAMIN,23,47.2
ROBERTO LAZARO,23,42.8
ROBERTO LEONARDO,23,49.8
ROBERTO MARIANO,23,44.5
RODOLFO JUAN,23,59.9
RODRIGO MAURICIO,23,35.2
RODRIGO RENE,23,37.1
ROGELIO ENRIQUE,23,52.9
ROGER ALEXIS,23,34.0
ROGER GABRIEL,23,25.1
ROMAN MIGUEL,23,49.2
RONALD JOEL,23,26.5
RONALD MANUEL,23,37.4
RONALD RICARDO,23,34.6
ROQUE ALBERTO,23,47.2
ROQUE ALEJANDRO,23,40.8
ROQUE MIGUEL,23,54.0
ROY ALEXANDER,23,31.0
ROY WILLIAM,23,64.1
RUBEN BENJAMIN,23,40.8
RUBEN JUNIOR,23,17.8
RUBEN RODRIGO,23,36.6
RUI ALBERTO,23,51.6
RUYMAN JOSE,23,35.8
SAJI,23,18.9
SAMUEL ARMANDO,23,29.1
SANTIAGO GONZALO,23,48.3
SANTIAGO ISAIAS,23,20.2
SANTIAGO MARIO,23,44.2
SANTINO NICOLAS,23,13.5
SARTAJ,23,19.7
SATINDER,23,37.3
SATIRO,23,64.8
SATURNINO JAVIER,23,59.5
SAYAH,23,48.0
SEBASTIAN DIEGO,23,42.9
SEBASTIAN SALVADOR,23,43.7
SEBASTIAN STEFAN,23,24.2
SEGUNDO FABIAN,23,52.2
SEGUNDO GABRIEL,23,50.6
SEGUNDO MARIANO,23,53.8
SEGUNDO MARIO,23,57.1
SEGUNDO PATRICIO,23,50.5
SEMION,23,31.5
SENENT,23,36.4
SERGIO BERNARDO,23,49.8
SERGIO BLAS,23,46.5
SERGIO FILIPE,23,40.5
SERGIO PATRICIO,23,44.0
SERVANDO ANTONIO,23,55.9
SEYE,23,35.5
SHAHROZ,23,23.8
SHANKAR,23,41.3
SHANTI,23,26.2
SHIJUN,23,46.7
SILVIO MANUEL,23,45.4
SILVIU MIHAI,23,31.0
SILVIU VASILE,23,39.7
SIMON CHRISTOPHER,23,54.3
SIMON PABLO,23,33.5
SKANDER,23,30.2
SOUAIBOU,23,36.2
SOULEMANE,23,27.8
STANISLAS,23,37.4
STEFAN LUCIAN,23,31.5
STEFANITA,23,42.9
STEVEN ANDREW,23,48.9
STEVEN EDWARD,23,56.0
STEVEN FRANCISCO,23,26.7
STEVEN GEORGE,23,63.3
STEVEN JOSEPH,23,43.4
STEVEN WILLIAM,23,51.1
STIVEN ALEJANDRO,23,26.2
STUART DAVID,23,55.2
SUIPING,23,54.0
SUKHPAL,23,38.7
SUSHIL,23,37.5
SUWEI,23,45.2
TAJAMMAL,23,37.5
TARON,23,30.4
TEODORO LUIS,23,55.7
THAI,23,16.2
THIAGO MAURICIO,23,6.0
THIERNO ALIOU,23,28.7
THOMAS FELIPE,23,15.2
TIANHAO,23,22.1
TIANQI,23,17.1
TYRON,23,11.5
UBAI,23,16.0
USTYM,23,10.1
VACHAGAN,23,47.0
VALENTIN ENRIQUE,23,55.9
VASILE CORNEL,23,48.9
VESSELIN,23,55.2
VICENTE AMADOR,23,58.4
VICENTE ARMANDO,23,60.0
VICENTE MOISES,23,49.2
VICTOR BERNARDO,23,53.9
VICTOR JERONIMO,23,44.3
VICTOR JOAN,23,24.6
VICTOR JOSEP,23,42.2
VICTORIANO ANGEL,23,65.8
VICTORIANO RAMON,23,63.0
WALTER ALONSO,23,39.6
WANDIFA,23,43.8
WEIRONG,23,49.9
WILLIAM ALONSO,23,41.5
WILLIAM ARTHUR,23,55.0
WILLIAM MARCELO,23,40.7
WILLIAM VICENTE,23,46.3
WILLIAMS JESUS,23,35.8
WILMAR JESUS,23,48.9
WILSON GERMAN,23,46.8
XINQIANG,23,38.5
XINRUI,23,15.6
XINYUAN,23,25.4
XUMAI,23,10.7
YADWINDER,23,37.5
YAMANDU,23,39.2
YEFRI,23,31.1
YGOR,23,30.0
YONATHAN ALEXANDER,23,29.3
YUNAY,23,12.8
ZELIN,23,20.6
ZHEHAN,23,12.2
ZHENGYI,23,37.0
ZHENHAO,23,20.7
ZHISHENG,23,42.0
ZIRO,23,16.3
AARON MATHIAS,22,7.3
ABDELHAFIDH,22,30.5
ABDELOIHAB,22,48.7
ABDELQUADER,22,29.4
ABDELWAFI,22,36.4
ABDUL HAMID,22,36.0
ABDULKADER,22,36.4
ABEL ADRIAN,22,29.6
ADAM JOSE,22,16.3
ADRIAN ARIEL,22,41.3
ADRIAN HUMBERTO,22,38.6
ADRIAN MAXIMILIANO,22,36.3
ADRIAN NICUSOR,22,35.0
ADYAN,22,7.1
AISSAME,22,28.1
AITHAMY,22,24.5
AIYONG,22,49.4
AJAZ,22,47.4
AKASHDEEP SINGH,22,23.2
ALAADIN,22,14.2
ALAE EDDIN,22,12.2
ALASTAIR,22,52.8
ALBERTO CARMELO,22,54.3
ALBERTO CAYETANO,22,53.7
ALBERTO GINES,22,48.1
ALBERTO IONUT,22,16.5
ALBERTO RENE,22,49.8
ALCIDES JESUS,22,53.0
ALDER,22,20.8
ALDO MANUEL,22,36.7
ALDO MIGUEL,22,42.8
ALEJANDRO ELOY,22,46.3
ALEJO MARTIN,22,29.4
ALEX AGUSTIN,22,28.5
ALEX ARTURO,22,39.4
ALEX DANILO,22,29.4
ALEX LEONEL,22,30.9
ALEXANDER CHARLES,22,42.5
ALEXANDER DAMIAN,22,22.1
ALEXANDER DARIO,22,27.2
ALEXANDER RODRIGO,22,28.3
ALEXANDRU ION,22,32.2
ALEXIS LEONARDO,22,28.6
ALFONSO GONZALO,22,46.5
ALFREDO GREGORIO,22,55.4
ALFREDO JULIAN,22,61.9
ALFREDO SEBASTIAN,22,38.3
ALFREDO VICTOR,22,64.5
ALI ABBAS,22,18.3
ALI AHMAD,22,30.7
ALIMOU,22,33.2
ALIN GHEORGHE,22,40.6
ALIN STEFAN,22,32.0
ALIX,22,35.5
ALLAN JAMES,22,61.0
ALMAHDI,22,19.7
ALVARO FEDERICO,22,38.7
ALVARO HUGO,22,44.3
ALVARO ISRAEL,22,30.3
ALVARO LORENZO,22,42.6
ALVARO RAMIRO,22,39.0
AMAD,22,32.5
AMADOU BAMBA,22,30.3
AMAL,22,29.2
AMIT KUMAR,22,38.3
ANDER DANIEL,22,9.0
ANDER XABIER,22,34.5
ANDERSON SMITH,22,26.5
ANDREI OVIDIU,22,29.1
ANDRES CESAR,22,57.1
ANGEL CLAUDIO,22,57.6
ANGEL HERIBERTO,22,55.8
ANGEL LEON,22,52.7
ANGELBERTO,22,61.0
ANGUEL,22,57.8
ANTHONY ALEXIS,22,23.7
ANTHONY GERARD,22,42.1
ANTHONY LEONARDO,22,24.0
ANTONI MANEL,22,45.9
ANTONIO ANDREI,22,15.3
ANTONIO GIL,22,49.0
ANTONIO HIGINIO,22,64.9
ANTONIO JOSE MARIA,22,65.0
ANTONIO NICANOR,22,53.5
ANTONIO RENE,22,44.5
ANTONIO SAUL,22,34.5
ANTONIO URBANO,22,60.9
ANTONIUS,22,63.7
ANTONY JAMES,22,54.6
ANTONY JESUS,22,25.0
AOUED,22,51.1
AREL,22,13.8
ARIEL DAMIAN,22,42.4
ARIEL OSCAR,22,42.0
ARILD,22,64.4
ARISTIDES JOSE,22,49.0
ARNALDO ANTONIO,22,45.5
ARRIEL,22,8.6
ARSHPREET,22,19.0
ARTEMIS,22,44.5
ARVIND,22,31.8
ARVINDER,22,34.3
ASENSI,22,59.5
AUGUSTO ALBERTO,22,57.1
AXEL ALEXANDER,22,17.0
AXEL EZEQUIEL,22,20.6
AXEL SANTIAGO,22,10.1
AYOZE DAVID,22,33.3
BAGRAT,22,38.1
BAKAYE,22,33.9
BANNA,22,34.0
BASILE,22,40.8
BASILIO MIGUEL,22,55.2
BENEDITO,22,62.4
BENJAMIN LUIS,22,45.0
BENONI,22,50.3
BENTCHEY,22,17.5
BENYAHIA,22,50.6
BENYOUCEF,22,47.9
BIENVENIDO ANTONIO,22,58.2
BLAGOY,22,46.8
BORUI,22,12.3
BRANDON ALEJANDRO,22,20.9
BRANDON ANTONIO,22,21.2
BRANDON JOSUE,22,20.9
BRANDON MICHAEL,22,31.3
BRANDON SMITH,22,23.7
BRAYAN ALFONSO,22,28.5
BRAYAN MIGUEL,22,21.4
BRAYAN RAFAEL,22,28.9
BRIAN ADRIAN,22,26.4
BRIAN CHRISTOPHER,22,52.0
BRIAN LUIS,22,28.1
BRIAN MIGUEL,22,25.9
BRUNO CARLOS,22,43.8
BYRON ANTONIO,22,35.5
BYRON GEOVANNY,22,40.2
BYRON MANUEL,22,38.1
CALLUM,22,27.3
CAMILLE,22,45.2
CAMILO ALFONSO,22,38.9
CAMILO AUGUSTO,22,42.1
CAMPIO,22,61.0
CARLOS ADAY,22,29.9
CARLOS ANSELMO,22,55.7
CARLOS FREDDY,22,45.9
CARLOS FREDY,22,50.6
CARLOS LENIN,22,38.4
CARLOS NELSON,22,54.8
CARLOS URBANO,22,49.9
CARMELO ALBERTO,22,53.4
CARMELO FERNANDO,22,58.3
CATALIN BOGDAN,22,39.5
CESAR ELOY,22,50.3
CESAR JAIME,22,56.7
CHADLI,22,52.0
CHENKAI,22,14.3
CHRISTIAN ALONSO,22,30.7
CHRISTIAN ELIAS,22,24.1
CHRISTIAN FABRICIO,22,33.4
CHRISTIAN JEAN,22,61.9
CHRISTOPHE MICHEL,22,52.9
CHRISTOPHER SAMUEL,22,23.3
CHUNMING,22,50.8
CIPRIAN DANIEL,22,37.4
CIPRIANO ANTONIO,22,61.0
CIRO MANUEL,22,39.2
CLAUDELINO,22,48.9
CLAUDEMIR,22,46.1
CLAUDIO CARLOS,22,58.5
CLAUDIO RAUL,22,51.4
COLAU,22,19.3
COLIN ANDREW,22,59.3
COLIN WILLIAM,22,72.1
COLM,22,51.9
COQUE,22,17.7
COSMIN IULIAN,22,31.6
CRECENCIO,22,63.5
CRIS,22,21.5
CRISTHIAN DARIO,22,32.6
CRISTIAN JOAN,22,29.9
CRISTIAN OSWALDO,22,35.4
CRISTIAN SAUL,22,31.2
CRISTIAN VICTOR,22,34.3
CRISTIAN VLADIMIR,22,32.1
CRISTOBAL FELIPE,22,46.7
CRISTOPHER JAVIER,22,21.6
CRUZ ALBERTO,22,53.2
CUONG,22,32.5
DABA,22,35.6
DAILOS MANUEL,22,36.3
DALE,22,50.1
DANIEL ALCIDES,22,45.4
DANIEL BENITO,22,39.2
DANIEL EFRAIN,22,30.2
DANIEL MICHEL,22,35.1
DANIJEL,22,39.2
DANILO ALEXANDER,22,25.9
DANILO FERNANDO,22,41.8
DANNIEL,22,15.5
DANNY FABIAN,22,31.3
DANNY LEONARDO,22,37.7
DARAY,22,7.5
DARIO CESAR,22,43.0
DARLINGTON,22,35.2
DARWIN ADRIAN,22,26.0
DARWIN MIGUEL,22,38.3
DAVEN,22,7.5
DAVID ANTONY,22,49.1
DAVID EFRAIN,22,32.2
DAVID JORDI,22,41.4
DAVID MARC,22,40.3
DAVID SCOTT,22,56.9
DAYRON MANUEL,22,18.1
DELFIN MANUEL,22,61.1
DEMETRI,22,55.3
DENIS IULIAN,22,18.0
DENNIS OMAR,22,36.5
DEREK MICHAEL,22,61.8
DERIK,22,13.6
DIAYE,22,36.2
DIDIER ALBERTO,22,43.3
DIEGO CARMELO,22,55.0
DIEGO FERMIN,22,39.1
DIEGO LIONEL,22,19.2
DIENE,22,37.4
DIOGO ANDRE,22,30.5
DIONEL,22,30.8
DOMAS,22,20.8
DOMINGO GREGORIO,22,61.5
DON,22,43.3
DONCHO,22,52.3
DORDE,22,33.0
DORIAN JESUS,22,25.1
DORU ADRIAN,22,43.3
DUGUNEH,22,35.2
DUMITRU DANUT,22,39.5
DUMITRU IONUT,22,34.3
DUMITRU IULIAN,22,40.8
DUVAN ALBERTO,22,38.5
DYLAN FABIAN,22,7.8
DYLAN JAIR,22,10.4
EBAN,22,9.9
EDGAR DANILO,22,40.6
EDGAR MARTIN,22,36.9
EDINSON FABIAN,22,33.3
EDISON FRANCISCO,22,40.8
EDISON GERMAN,22,43.5
EDISON RODRIGO,22,41.6
EDUARD JESUS,22,26.0
EDUARDO ABEL,22,49.5
EDUARDO BORJA,22,42.1
EDUARDO CRISTIAN,22,28.2
EDUARDO ELOY,22,53.3
EDUARDO FERMIN,22,55.3
EDUARDO HUGO,22,50.1
EDUARDO JUNIOR,22,25.4
EDWAR ALEXANDER,22,36.3
EDWIN DARIO,22,39.4
EDWIN GUILLERMO,22,40.2
EDWIN MICHAEL,22,41.2
EDWIN RAMON,22,47.1
EDWIN STALIN,22,37.4
EFRAIN ALBERTO,22,40.0
EFREN ALEJANDRO,22,30.5
EILAM,22,4.0
EITHAN ALEXANDER,22,5.1
EL BEKAY,22,38.6
EL BOUKHARI,22,40.0
EL HASSEN,22,43.6
EL HOSSAINE,22,44.2
ELAD,22,34.0
ELADIO LUIS,22,55.6
ELAY,22,10.2
ELEODORO,22,66.4
ELEUTERIO MANUEL,22,64.5
ELHADJI ABDOULAYE,22,36.8
ELHADJI MOR,22,32.0
ELIAN MANUEL,22,15.0
ELIAS MARTIN,22,33.5
ELIO RAFAEL,22,44.6
ELIOENAI,22,31.5
ELISAUL,22,35.3
ELISIO,22,58.6
ELOY LUIS,22,54.3
ELVIN ALEXANDER,22,33.1
EMERSON JOSE,22,36.7
EMIL IVANOV,22,51.8
EMILIANO ALBERTO,22,40.9
EMILIO MARCOS,22,57.4
EMMANUEL FERNANDO,22,28.0
ENDAITZ,22,14.3
ENGEL,22,20.5
ENRIQUE ISAAC,22,48.3
ENZO DARIO,22,18.4
ENZO LUIS,22,22.2
EREZ,22,46.2
ERFAN,22,23.0
ERIC IONUT,22,6.9
ERIC MARTIN,22,30.1
ERIC WILLIAM,22,56.3
ERICK ARIEL,22,28.0
ERIK FRANCISCO,22,25.6
ERJON,22,39.9
ERMAL,22,36.9
ERNESTINO,22,73.5
ERNESTO PEDRO,22,54.1
EUGENIO EDUARDO,22,59.4
EULOGIO ANTONIO,22,66.5
EULOGIO FRANCISCO,22,62.0
EVER JAVIER,22,31.8
EVER RAMON,22,32.7
EZEQUIEL ENRIQUE,22,34.6
EZEQUIEL SEBASTIAN,22,29.3
FABIAN ARIEL,22,41.5
FABIAN RAFAEL,22,30.5
FABIO FRANCISCO,22,26.0
FABRICIO GABRIEL,22,28.3
FABRIZIO JESUS,22,18.6
FACUNDO HERNAN,22,32.2
FACUNDO JESUS,22,37.5
FAHID,22,28.6
FAKHREDDINE,22,30.6
FAOUAZ,22,38.6
FAUSTO RENE,22,51.5
FELIPE JAIME,22,51.8
FELISARDO,22,69.0
FELIX LEONARDO,22,39.6
FELIX PASCUAL,22,59.2
FELIX VICTOR,22,66.0
FERNANDO ABRAHAM,22,34.0
FERNANDO CRUZ,22,55.2
FERNANDO HORACIO,22,55.9
FERNANDO NAHUEL,22,28.4
FIDEL DAVID,22,38.6
FIDELINO,22,51.2
FLORIAN DANIEL,22,37.3
FLORIN DAVID,22,11.9
FLORIN EUGEN,22,43.7
FLORIN PETRU,22,43.1
FOUED,22,42.0
FRANCESCO GIUSEPPE,22,41.6
FRANCISCO BIENVENIDO,22,60.2
FRANCISCO CELESTINO,22,58.2
FRANCISCO ILDEFONSO,22,53.9
FRANCISCO JOAO,22,43.4
FRANCISCO WENCESLAO,22,52.3
FRANCO AUGUSTO,22,37.3
FRANKLIN ARMANDO,22,35.6
FRANKLIN ERNESTO,22,43.2
FRANÇOIS PIERRE,22,56.7
FREDDY ERNESTO,22,42.9
FREDDY GONZALO,22,49.9
FREDDY LUIS,22,43.5
FREDDY RONALD,22,47.6
FREDERICK CHARLES,22,62.1
GABY,22,24.4
GAD,22,24.4
GAEL IGNACIO,22,7.6
GALO EDUARDO,22,52.6
GALO VICENTE,22,52.7
GASTON RODRIGO,22,40.5
GAVINO,22,52.0
GERARD ALEXANDER,22,18.7
GERARD JOSEPH,22,61.2
GERARDO ARTURO,22,45.3
GERARDO ROBERTO,22,52.9
GERARDO SANTIAGO,22,52.0
GERARDO TOMAS,22,50.9
GEREMY,22,15.0
GERMAN MARIA,22,48.8
GERMINIANO,22,72.1
GERSOM,22,42.6
GERSON ALBERTO,22,40.7
GERSON ARIEL,22,27.2
GERSON MANUEL,22,28.5
GETULIO,22,55.3
GHASSANE,22,21.5
GHEORGHE CONSTANTIN,22,47.3
GHIORGHE,22,62.3
GHIORGHITA,22,46.5
GIAN LUCCA,22,11.8
GILBER,22,43.9
GIOVANNI FRANCESCO,22,44.0
GIULIAN,22,16.6
GOIZEDER,22,39.1
GOURAV,22,26.7
GREGORIO EMILIO,22,64.5
GUIDO JAVIER,22,37.3
GUIDO MANUEL,22,43.9
GUILLAUME JEAN,22,41.6
GUILLERMO HUMBERTO,22,45.2
GULSHAN,22,34.2
GUOFU,22,52.3
GUOMIN,22,56.8
GURVINDER SINGH,22,39.5
GURVIR,22,13.1
GUSTAVO MATIAS,22,38.1
HABIB ALLAH,22,25.9
HAIOU,22,46.1
HAITEM,22,15.8
HANLIN,22,20.6
HANS JORG,22,67.0
HASSENE,22,43.7
HELBER,22,47.7
HENRY RAMON,22,51.0
HERNAN NICOLAS,22,35.0
HIAGO,22,23.5
HIGINIO ANTONIO,22,56.1
HILTON,22,48.1
HIPOLITO ANTONIO,22,63.5
HORACIO ENRIQUE,22,59.3
HORIA,22,41.8
HUGO ANIBAL,22,58.1
HUGO FEDERICO,22,40.6
HUGO LEONEL,22,34.0
HUGO ROLANDO,22,47.4
HUMBERTO ANDRES,22,38.0
IAGO MANUEL,22,28.4
IAN ALEXIS,22,11.2
IAN DOUGLAS,22,64.4
IAN ESTEBAN,22,9.6
IANIS MIHAI,22,10.7
IGNACIO ALONSO,22,27.2
IGNACIO MATEO,22,36.5
IGNASI JOSEP,22,44.8
IGOR ALEJANDRO,22,38.8
IKER NICOLAS,22,10.4
IKER RAFAEL,22,16.1
IKER RODRIGO,22,12.2
ILKER,22,35.6
ILKO,22,50.4
INGE,22,43.2
IOAN PETRU,22,46.3
ION CIPRIAN,22,41.4
IONEL GABRIEL,22,41.2
IONUT AURELIAN,22,34.2
IONUT NICOLAE,22,35.0
IROEL,22,46.0
ISAAC ADRIAN,22,19.8
ISAAC ELIAS,22,22.2
ISAAC VICENTE,22,40.1
ISAIAS MANUEL,22,34.8
ISART,22,32.4
ISIDRO ALFONSO,22,61.7
ISMAEEL,22,16.5
ISMAEL ISAAC,22,28.0
ISMAEL SEBASTIAN,22,25.3
ISMAIN,22,33.1
ISRAEL JAVIER,22,35.9
ISRAEL MIGUEL,22,40.5
ISSAKHA,22,38.3
IULIAN VALENTIN,22,31.5
IVAN ANGELOV,22,48.1
IVAN TODOROV,22,49.5
IVANHOE,22,44.1
IVICA,22,52.0
IZKANDER,22,40.8
IÑIGO AITOR,22,40.4
JACK EDWARD,22,25.5
JADEN ALEXANDER,22,10.4
JAIME FERMIN,22,53.3
JAIME ISAAC,22,41.5
JAIME ISIDRO,22,51.0
JAN DAVID,22,27.6
JANI,22,32.9
JARDEL,22,31.3
JARET,22,14.5
JARNO,22,27.6
JAVIER ANASTASIO,22,46.1
JAVIER BLAS,22,45.1
JAVIER CAYETANO,22,50.0
JAVIER LUCAS,22,41.7
JAVIER SEGUNDO,22,44.1
JEAN PATRICK,22,35.4
JEAN RENE,22,55.8
JEFFERSON LUIS,22,32.5
JEFFREY MICHAEL,22,54.5
JEISON DANIEL,22,23.9
JEISON FERNANDO,22,31.0
JEISON JAVIER,22,29.1
JESUS ALEJO,22,53.2
JESUS ALFONZO,22,30.0
JESUS ARGENIS,22,38.4
JESUS ARSENIO,22,64.3
JESUS DONATO,22,55.1
JESUS JONATAN,22,41.5
JESUS JOSUE,22,28.5
JHOAN MAURICIO,22,29.7
JHOEL ALEXANDER,22,20.9
JHOJAN STIVEN,22,22.8
JHON DARWIN,22,29.3
JHON FELIPE,22,32.7
JHONATAN ANTONIO,22,30.9
JIAHUA,22,32.6
JIAJIAN,22,34.9
JIALONG,22,28.3
JIANQIANG,22,47.1
JIANYUN,22,52.8
JIAWANG,22,25.8
JIAXU,22,17.5
JIEKAI,22,24.9
JIMMY ALFREDO,22,38.6
JIMY ALEXANDER,22,32.5
JINDRICH,22,38.9
JINGJIE,22,26.6
JINHONG,22,31.0
JINXIANG,22,35.6
JITENDER,22,36.7
JOAN EDUARDO,22,21.9
JOAN ENRIQUE,22,33.0
JOAN SAMUEL,22,15.1
JOAQUIN ISMAEL,22,42.0
JOAQUIN VICTOR,22,54.5
JOEL ELIAS,22,23.9
JOEL MATEO,22,15.7
JOHANNES FRANCISCUS,22,66.2
JOHANNES THEODORUS,22,64.1
JOHN ANTONIO,22,31.7
JOHN ANTONY,22,40.0
JOHN BERNARD,22,68.2
JOHN ERNEST,22,73.7
JOHN FRANKLIN,22,45.7
JOHN LUIS,22,37.1
JOHN PATRICIO,22,34.4
JOHN STEWART,22,64.0
JON ERIK,22,32.4
JON MIREN,22,56.9
JONAHTAN,22,36.8
JONAS MANUEL,22,33.0
JONATAN EMANUEL,22,33.8
JONATAN RAFAEL,22,37.6
JONATHAN AGUSTIN,22,30.0
JONATHAN ANDREW,22,47.0
JONATHAN LEANDRO,22,33.9
JONATHAN OSWALDO,22,31.8
JORDI ARNAU,22,25.9
JORDI SALVADOR,22,39.1
JORGE AVELINO,22,53.9
JORGE STALIN,22,45.9
JORGE ULISES,22,45.5
JOSE ABIAN,22,33.1
JOSE ANGELES,22,66.6
JOSE ANGELO,22,43.6
JOSE APOLINAR,22,58.5
JOSE ARGENIS,22,38.8
JOSE CORNELIO,22,52.7
JOSE EVER,22,44.4
JOSE IBRAHIM,22,33.3
JOSE LUIS VICENTE,22,70.4
JOSE MARIA ANGEL,22,74.0
JOSE MARIA JAVIER,22,71.9
JOSE ROMULO,22,52.8
JOSE VALLE,22,57.2
JOSE YERAI,22,25.6
JOSEBA TXOMIN,22,58.2
JOSEP ADRIA,22,28.7
JOSEP SEBASTIA,22,49.6
JOSEPH EMMANUEL,22,30.0
JOSEPH NICOLAS,22,21.9
JOSU JON,22,33.2
JOSUE OMAR,22,32.5
JUAN ADAY,22,32.2
JUAN GAEL,22,6.3
JUAN JOSE RAMON,22,62.2
JUAN MAURO,22,53.8
JUAN PERFECTO,22,60.6
JUAN SAHAGUN,22,52.0
JUAN SEVERINO,22,60.7
JUAN TRINIDAD,22,51.4
JUAN XAVIER,22,35.3
JULEN ANDRES,22,9.8
JULIAN MARCELO,22,41.6
JULIO BENJAMIN,22,52.6
JULIO FABIAN,22,43.8
JULIO FERMIN,22,60.9
JULIO RAMIRO,22,51.0
JULIO SANTOS,22,60.6
JUNTAO,22,23.8
JUNY,22,13.1
JUNYANG,22,16.8
JURE,22,31.7
JUSTIN JAVIER,22,15.1
JUSTIN STEVEN,22,18.7
KABIROU,22,32.3
KANDEH,22,44.8
KANGWEI,22,37.6
KASPER,22,31.1
KELVIN DANIEL,22,25.5
KENNETH DANIEL,22,18.4
KENNETH MICHAEL,22,62.9
KEVIN DANILO,22,24.9
KEVIN GUSTAVO,22,26.2
KEVIN OSWALDO,22,26.2
KEVIN VALENTIN,22,9.1
KEVIN VICENTE,22,29.0
KHALID MAHMOOD,22,54.2
KHURRAM SHAHZAD,22,43.1
KLAUDIO,22,33.7
KRASSIMIR,22,58.6
KUSHAL,22,27.3
KYRIAN,22,10.0
LABDAOUI,22,51.2
LAKHVIR SINGH,22,39.9
LAMA,22,33.9
LARS GORAN,22,70.5
LAZARO ANGEL,22,51.3
LAZREG,22,50.6
LEANDER,22,22.9
LEANDRO RAUL,22,34.6
LEON ANGEL,22,45.9
LEON JESUS,22,51.2
LIAM AARON,22,6.4
LIHUA,22,53.1
LIJIAN,22,43.3
LITON,22,41.3
LOQMANE,22,10.0
LORENZO EMILIO,22,48.8
LORENZO JOAQUIN,22,33.6
LORENZO SALVADOR,22,43.8
LUCA ANDRES,22,18.2
LUCAS ALESSANDRO,22,5.7
LUCAS JORGE,22,25.0
LUCAS LEANDRO,22,26.9
LUCAS LEON,22,10.1
LUCAS RUBEN,22,27.5
LUCIAN MIHAI,22,36.6
LUCIANO BENJAMIN,22,16.0
LUCIANO FEDERICO,22,38.7
LUCIO FERNANDO,22,54.3
LUIS BALTASAR,22,60.4
LUIS FREDDY,22,45.3
LUIS GABINO,22,60.5
LUIS NAPOLEON,22,53.8
LUIS REYNALDO,22,41.0
LUIS VINICIO,22,45.2
LUISITO,22,52.0
LUIZ CLAUDIO,22,47.2
LUKE JOHN,22,32.0
LUYI,22,16.1
LYONEL,22,20.3
MACRINO,22,69.2
MADIOU,22,37.2
MAIKEL ALEJANDRO,22,21.8
MAIKEL DAVID,22,22.7
MALIKI,22,34.6
MAMADOU ADAMA,22,34.5
MAMES,22,58.2
MANUEL AMABLE,22,62.6
MANUEL AMANCIO,22,57.1
MANUEL CHRISTIAN,22,45.1
MANUEL HUGO,22,44.7
MARC AURELI,22,47.7
MARC JOSEPH,22,43.1
MARCELO EMILIO,22,50.6
MARCELO GERMAN,22,43.9
MARCIO ANTONIO,22,42.6
MARCO ANDREI,22,9.0
MARCO EUGENIO,22,44.5
MARCO FELIPE,22,37.4
MARCO GIOVANNI,22,40.2
MARCOS LORENZO,22,43.9
MARCOS MATEO,22,29.5
MARIAN RAZVAN,22,34.1
MARIANO JULIAN,22,54.6
MARIANO RAUL,22,44.4
MARIO BENJAMIN,22,43.8
MARIO BRUNO,22,41.7
MARIO FEDERICO,22,48.6
MARJAN,22,44.0
MARTIN ARTURO,22,41.8
MARTIN GEORGE,22,64.0
MARTIN MARIANO,22,46.3
MARTIN MATIAS,22,40.5
MARTIN OSVALDO,22,48.5
MARTINUS,22,64.8
MARTXELO,22,19.0
MARZAK,22,46.0
MAT,22,7.5
MATEEN,22,22.9
MATEO LUCAS,22,16.0
MATEO PABLO,22,23.9
MATHIAS ANDREI,22,4.6
MATHIAS BENJAMIN,22,8.5
MATHIAS MANUEL,22,11.2
MATIAS ALEXIS,22,24.5
MATIAS EMILIO,22,26.2
MATIAS LIONEL,22,20.0
MATIAS PEDRO,22,43.9
MATTI,22,22.6
MAURICIO ALFONSO,22,44.7
MAURICIO ARTURO,22,45.3
MAURICIO GUSTAVO,22,38.5
MAURICIO MARTIN,22,42.1
MAXIMILIANO EXEQUIEL,22,32.6
MAXIMILIANO HERNAN,22,35.9
MAXIMILIANO OSCAR,22,41.1
MAXIMO VICENTE,22,58.6
MEIR,22,42.4
MICHAEL IVAN,22,29.4
MICHAEL LUIS,22,23.9
MIGEL,22,39.5
MIGUEL ALESSANDRO,22,11.5
MIGUEL BAUTISTA,22,55.5
MIGUEL CANDIDO,22,56.8
MIGUEL FAUSTINO,22,59.1
MIGUEL FLORENCIO,22,51.6
MIGUEL GASPAR,22,60.7
MIGUEL STEVEN,22,25.1
MIHAI DAN,22,46.7
MIHAI DAVID,22,14.3
MIHAITA DANIEL,22,35.3
MILTON HERNAN,22,44.2
MILTON RAFAEL,22,42.1
MINA,22,35.7
MIQUEL ANDREU,22,31.5
MIRCEA MIHAI,22,42.7
MISAEL JESUS,22,34.8
MOACIR,22,50.4
MOBEEN,22,29.7
MODESTO LUIS,22,59.9
MOHAMED ADEM,22,10.8
MOHAMED ADNAN,22,26.2
MOHAMED EL HABIB,22,29.6
MOHAMED JALAL,22,40.4
MOHAMMAD ASIF,22,47.4
MOHAMMAD ISMAIL,22,16.7
MOHAMMED SGHIR,22,49.6
MOHSIN ALI,22,33.7
MOISES SALVADOR,22,44.5
MOUNTAKHA,22,32.5
MUAZ,22,13.1
MUBASHER,22,37.2
MUHAMMAD AZAM,22,43.7
MUHAMMAD FURQAN,22,17.9
MUHAMMAD TARIQ,22,46.2
MUHAMMAD WAQAR,22,30.6
MUKHTIAR,22,47.9
MUNISH,22,32.5
NAGI,22,34.4
NAHI,22,18.6
NARCISO MIGUEL,22,54.9
NARENDRA,22,47.2
NASRELLAH,22,20.8
NASSIME,22,19.1
NATALINO,22,55.4
NAYM,22,13.1
NELIO,22,41.2
NESTOR ANGEL,22,49.3
NESTOR HERNAN,22,44.1
NESTOR JAIME,22,48.5
NESTOR MARCELO,22,47.3
NEYLAN,22,4.1
NICOLAE DANUT,22,45.2
NICOLAE VIOREL,22,46.7
NICOLAS DOMINGO,22,52.5
NIXON JOSE,22,34.2
NOAH MATEO,22,2.9
NOE JOSE,22,43.3
NORIK,22,43.7
NOURADINE,22,39.5
NUNO JORGE,22,40.9
OCTAVIO JUAN,22,53.3
ODAIR JOSE,22,47.0
OFELIO,22,65.1
OLIVER EDUARDO,22,25.6
OLIVER JUAN,22,31.1
OLIVER MARTIN,22,21.2
OLIVER MIGUEL,22,27.6
OLIVIERO,22,43.3
OMAR ADRIAN,22,32.5
OMAR RAMON,22,52.5
ONIEL,22,37.5
OSCAR PASCUAL,22,47.9
OSMAR ANTONIO,22,36.0
OSVALDO MANUEL,22,49.5
OUALI,22,42.5
OVIDIU CATALIN,22,40.6
PABLO NOE,22,28.9
PARAMJIT SINGH,22,43.0
PARVAIZ,22,48.0
PASCUAL FERNANDO,22,59.2
PASCUAL RAFAEL,22,62.0
PATRICIO GONZALO,22,48.9
PATRICIO MARTIN,22,44.2
PATRICK WILLIAM,22,50.7
PAUL JESUS,22,30.4
PAULO GABRIEL,22,16.4
PAULO LUIS,22,43.4
PAVLOS,22,42.2
PEDRO CLAVER,22,55.6
PEDRO EDGAR,22,44.8
PELAYO MARIA,22,26.1
PERE MARTIR,22,62.5
PETER ALBERT,22,64.5
PETER RONALD,22,68.2
PETRU ADRIAN,22,35.9
PETRU BOGDAN,22,37.1
PETRU IOAN,22,43.1
PIERO ALONSO,22,22.8
PIERRE ALEXANDRE,22,36.4
PIETER JAN,22,53.3
PIOTR KRZYSZTOF,22,44.7
PLACIDO MIGUEL,22,56.9
PLAMEN GEORGIEV,22,48.7
PORFIRIO ANTONIO,22,54.5
QILIN,22,28.5
RADOINE,22,33.9
RAFAEL CRUZ,22,54.3
RAFAEL HERNAN,22,46.5
RAFAEL JACINTO,22,57.4
RAFAEL OMAR,22,39.4
RAICO JESUS,22,37.7
RAIMUNDO LUIS,22,63.0
RAJEEV,22,42.1
RAMON ARISTIDES,22,51.9
RAMON ISIDORO,22,56.8
RAMON MARCELINO,22,65.8
RAMON RUBEN,22,48.5
RAMSES ALEJANDRO,22,25.6
RANDY JESUS,22,27.7
RASHEED,22,44.1
RAUL ANIBAL,22,49.1
RAUL FABIAN,22,46.9
RAUL MATIAS,22,33.1
RAVIL,22,51.2
RAZVAN CATALIN,22,30.5
RENATO JESUS,22,36.8
RENZO ALEXANDER,22,26.8
REYANSH,22,4.8
REYNALDO DAVID,22,33.8
RICARDO DARIO,22,38.0
RICARDO LEONEL,22,32.9
RICHARD JOEL,22,31.9
RICHARD JOSUE,22,25.9
RICHARD LUIS,22,45.4
RICHARD NICOLAS,22,32.6
RIGOBERTO JOSE,22,45.0
RITESH,22,34.7
ROBERT MAURICIO,22,39.6
ROBERT NICUSOR,22,29.0
ROBERTO AURELIO,22,53.5
ROBERTO FERMIN,22,55.2
ROBERTO GERMAN,22,54.5
ROBERTO HECTOR,22,67.3
ROBERTO ISRAEL,22,41.2
ROBINSON FERNANDO,22,39.1
RODRIGO ALVARO,22,37.5
RODRIGO GAEL,22,5.4
RODRIGO JOSUE,22,17.4
RODRIGO RAUL,22,35.1
RODRIGO RUBEN,22,35.5
ROGER ALFREDO,22,38.6
ROGER ARMANDO,22,40.0
ROGER ENRIQUE,22,41.8
ROGER IVAN,22,42.9
ROGER JAMES,22,70.5
ROGER MAURICIO,22,35.9
ROGER MIGUEL,22,42.0
ROHAIL,22,24.0
ROLANDO ALFREDO,22,48.0
ROLANDO ARIEL,22,33.4
ROLANDO FABIAN,22,37.2
ROMAN IGNACIO,22,42.9
RONALD ALFREDO,22,36.5
RONALD JUNIOR,22,23.5
RONALD SANTIAGO,22,27.7
RONALD STIVEN,22,28.3
RONEY,22,37.6
RONNY ANTONIO,22,32.9
ROQUE JACINTO,22,60.1
RUBEN ISAAC,22,41.1
RUBEN VALENTIN,22,32.0
RUFINO JESUS,22,56.4
RUI ANTONIO,22,46.6
RUSI,22,41.5
RYAN DANIEL,22,17.5
SAJA,22,40.1
SALA,22,39.9
SALAH EDIN,22,13.0
SALVADOR AUGUSTO,22,47.1
SALVADOR FELIPE,22,46.2
SALVADOR ISIDRO,22,59.7
SAMIULLAH,22,27.9
SAMUEL ISAIAS,22,26.3
SAMUEL JORGE,22,35.0
SAMUEL JULIAN,22,26.0
SANDRO JESUS,22,32.7
SANOUSSY,22,33.9
SANTACRUZ,22,66.0
SANTIAGO AUGUSTO,22,33.3
SANTIAGO HUMBERTO,22,50.8
SANTIAGO ROMAN,22,34.5
SANTOS TOMAS,22,57.1
SATURDAY,22,47.0
SAURO,22,56.1
SEBASTIAN GEORGE,22,21.9
SEBASTIAN NAHUEL,22,30.1
SEBASTIAN NICOLAE,22,27.1
SEBASTIAN PATRICIO,22,33.7
SEGUNDO JAIME,22,53.7
SEGUNDO RAMIRO,22,52.0
SELLE,22,34.7
SERGIO BRUNO,22,39.6
SERGIO CRISTIAN,22,41.2
SERGIO DIEGO,22,43.0
SERGIO EMANUEL,22,29.4
SERGIO GAEL,22,9.7
SERGIO ISIDRO,22,49.0
SERGIU VASILE,22,34.0
SERIGNE FALOU,22,27.0
SERIGNE MANSOUR,22,34.4
SEVERINO ANTONIO,22,62.7
SEYDINA OUMAR,22,30.0
SHAHADAT,22,37.8
SHAHIDUL,22,41.5
SHERVIN,22,32.5
SHI,22,36.1
SHIV,22,31.9
SHUFENG,22,46.3
SICHENG,22,12.1
SIDDHARTA,22,36.8
SILVIO DANIEL,22,43.7
SILVIU ALEXANDRU,22,29.6
SILVIU ANDREI,22,27.4
SIMON GABRIEL,22,24.8
SIXTO RAFAEL,22,54.8
SIYU,22,17.6
SOHEIB,22,18.8
SORA,22,11.1
SOUMANA,22,42.6
STALIN ALEXANDER,22,26.9
STEEN,22,64.0
STEFANEL,22,39.9
STEPHEN MARTIN,22,61.4
STEPHEN ROY,22,59.7
STEVEN ISAAC,22,17.3
SUBHASH,22,42.3
SUKHWANT,22,41.0
SURAHATA,22,35.2
TADEI,22,7.8
TAN,22,33.1
TATA,22,35.1
TELL,22,9.0
TEODOR FLORIN,22,44.1
TEODORO ANGEL,22,68.1
TEUNIS,22,66.2
THIAGO EDUARDO,22,13.0
THOMAS AGUSTIN,22,21.3
THOMAS CHRISTIAN,22,50.7
TIECOURA,22,39.0
TOHAMI,22,52.6
TOMAS JAIME,22,55.9
TOMASZ PAWEL,22,44.9
TOSHKO,22,53.1
TOUMI,22,48.7
TREVOR JAMES,22,68.5
TSIMAFEI,22,18.9
TUMANI,22,28.1
TXABI,22,34.2
TZVETAN,22,54.9
UNAI JOSE,22,8.5
VALENTIN CONSTANTIN,22,31.7
VALENTIN DAVID,22,32.3
VARUZHAN,22,46.9
VICENTE AURELIO,22,63.4
VICENTE MARCELINO,22,64.6
VICENTE MATIAS,22,56.3
VICENTE PATRICIO,22,51.7
VICTOR DANILO,22,38.5
VICTOR EFREN,22,51.7
VICTOR EUSEBIO,22,54.0
VICTOR JOHN,22,63.7
VIDAL MANUEL,22,51.7
WALBERTO,22,48.6
WALTER AUGUSTO,22,44.0
WALTER MARIO,22,55.6
WALTER SEBASTIAN,22,33.4
WALTER STEVEN,22,26.7
WANIS,22,13.5
WEIBO,22,26.0
WEIXIN,22,35.8
WENQING,22,48.5
WENWEI,22,40.6
WENXIN,22,32.7
WESAM,22,32.4
WILFRAN,22,40.8
WILLIAM GEOVANNY,22,43.1
WILLIAM GIOVANNI,22,42.2
WILLIAM SAMUEL,22,29.0
WILLIAM SEBASTIAN,22,26.1
WILLIAN ENRIQUE,22,41.9
WILLIAN RAFAEL,22,44.5
WILMAR ALBERTO,22,42.6
WILMER ARMANDO,22,40.3
WILSON ARIEL,22,35.8
WILSON GERARDO,22,42.6
WILSON MAURICIO,22,41.2
WILSON VICENTE,22,51.9
WILSON XAVIER,22,38.9
XAVIER FRANCESC,22,45.1
XAVIER FRANCISCO,22,38.5
XAVIER MIQUEL,22,38.5
XIAOBING,22,46.3
XIAOKAI,22,29.0
XIAOQING,22,49.8
XIMON,22,16.7
XUN,22,35.5
YAGO JOSE,22,25.5
YANBIN,22,39.7
YANFENG,22,41.6
YANGFAN,22,27.5
YANKIEL,22,32.4
YEIZAN,22,7.0
YERAY ALEXANDER,22,17.9
YERAY MIGUEL,22,29.5
YEROMY,22,24.8
YIBIN,22,32.6
YIQIANG,22,35.8
YIREN,22,29.0
YOEL ALBERTO,22,33.1
YOJAN,22,30.4
YONATHAN JESUS,22,36.0
YONGQI,22,34.4
YORDAN IVANOV,22,48.5
YUHUA,22,46.6
YULE,22,14.8
YUSMEL,22,36.1
YUXI,22,19.8
ZHENGYU,22,23.1
ZHIHENG,22,28.5
ZHILIANG,22,41.0
ZHIXIONG,22,53.2
ZIANG,22,17.1
ZOBAIR,22,30.8
AARON ISRAEL,21,24.7
AARON JOSEPH,21,21.3
AARYAN,21,7.3
AAZIZ,21,44.5
ABDEDDAIM,21,38.2
ABDEL GHAFOUR,21,29.9
ABDELAADIM,21,27.5
ABDELGHAFAR,21,41.8
ABDELHALAK,21,55.2
ABDELOUAHEB,21,43.1
ABDENNASAR,21,46.7
ABDUL JALIL,21,43.4
ABDULLAHI,21,32.9
ABHAY,21,23.0
ABNER DAVID,21,24.2
ABOUBACRY,21,35.0
ABRAHAM EDUARDO,21,25.7
ADAM ALEXANDER,21,24.6
ADAM CHRISTOPHER,21,38.1
ADAM MANUEL,21,15.1
ADAM ROBERT,21,43.2
ADAN MIGUEL,21,30.6
ADOLFO EMILIO,21,58.6
ADOLFO GABRIEL,21,48.3
ADOMAS,21,25.8
ADONAY JESUS,21,29.6
ADRIAN BERNARDO,21,33.8
ADRIAN BORJA,21,35.7
ADRIAN IVAN,21,24.8
ADRIAN RAZVAN,21,30.4
ADRIEL JESUS,21,10.6
AGAM,21,6.5
AGUSTIN LEANDRO,21,31.9
AGUSTIN LUCIANO,21,43.7
AGUSTIN MATEO,21,32.1
AGUSTIN OSCAR,21,48.6
AHMED AMIR,21,5.7
AIGUO,21,53.9
ALAN ADRIAN,21,18.7
ALAN EMANUEL,21,20.5
ALAN ESTEBAN,21,20.9
ALASAN,21,28.2
ALASSAN,21,29.1
ALBERT EDWARD,21,73.5
ALBERTO FLORIN,21,17.0
ALBERTO HORACIO,21,57.0
ALBERTO ISRAEL,21,43.2
ALBINO MANUEL,21,58.5
ALDIN,21,41.5
ALDO ARIEL,21,36.2
ALDO GABRIEL,21,38.1
ALDO RAFAEL,21,40.3
ALEJANDRO CLAUDIO,21,52.2
ALEJANDRO HORACIO,21,42.5
ALEJANDRO NAHUEL,21,25.5
ALESS,21,6.6
ALEX EMANUEL,21,19.2
ALEX GIOVANNI,21,31.1
ALEX RAMON,21,35.5
ALEX ROBERT,21,31.9
ALEX STEVEN,21,24.3
ALEXANDER ISMAEL,21,24.0
ALEXANDER VLADIMIR,21,26.9
ALEXANDRE PIERRE,21,39.2
ALEXANDRU EMANUEL,21,21.8
ALEXIOS,21,27.2
ALEXIS LUIS,21,42.4
ALFONSO RODRIGO,21,44.0
ALFREDO ADOLFO,21,54.6
ALONSO CARLOS,21,45.4
ALONZO,21,30.8
ALVARO JUNIOR,21,26.6
ALVARO MOISES,21,31.9
ALVARO XAVIER,21,36.1
ALVINO,21,63.4
AMADOR LUIS,21,64.9
AMARDEEP,21,36.2
AMEER HAMZA,21,21.9
ANASTASIO JESUS,21,57.5
ANDERSON MAURICIO,21,26.0
ANDRE ALEJANDRO,21,22.6
ANDRE FERNANDO,21,25.4
ANDRE JOSE,21,34.8
ANDRES LUCAS,21,35.3
ANDRES LUCIANO,21,41.8
ANDRES SANTOS,21,52.3
ANESIO,21,71.4
ANGEL ANDRE,21,17.9
ANGEL BASILIO,21,55.9
ANGEL ELISEO,21,46.4
ANGEL PAUL,21,32.7
ANGEL SATURNINO,21,58.5
ANGELICO,21,61.5
ANTHONY ENRIQUE,21,28.2
ANTHONY PHILIP,21,63.4
ANTIOCO,21,57.0
ANTONI GABRIEL,21,26.5
ANTONIO ADAN,21,42.3
ANTONIO DAMASO,21,57.1
ANTONIO RODOLFO,21,57.8
ANTONIO SATURNINO,21,70.5
ANTONIO VENANCIO,21,67.5
APOSTOL,21,51.9
ARBAZ,21,20.5
ARCADIO MANUEL,21,52.8
ARIEL RAMON,21,46.3
ARJEN,21,31.7
ARMANDO ALEJANDRO,21,42.5
ARMENAK,21,46.1
ARNALDO DAVID,21,29.1
ARNOLDAS,21,38.0
ARTHUR HENRIQUE,21,18.2
ARTHUR JOHN,21,66.3
ARTUR JOSE,21,52.4
ASHRAFUL,21,30.4
ASIER JESUS,21,24.8
ASPARUH,21,46.6
ATANAS GEORGIEV,21,49.5
AUGER,21,20.6
AUREL CONSTANTIN,21,42.4
AURELIO DAVID,21,41.6
AURELIO FERNANDO,21,64.7
AWS,21,6.5
AXEL ALBERTO,21,21.2
AXEL FRANCISCO,21,23.6
AYAN GABRIEL,21,5.6
AYMERIC,21,30.4
AYYAD,21,44.5
AZRAEL,21,18.6
BACARI,21,35.2
BACHANA,21,29.9
BADEREDDINE,21,21.7
BADIS,21,27.1
BALLA MOUSSA,21,29.5
BARTOLOME CARLOS,21,51.7
BARTOLOME MANUEL,21,53.4
BARTOLOMEO,21,49.9
BASS,21,28.8
BEN AHMED,21,53.1
BENJAMIN JOSEPH,21,30.2
BENJAMIN SANTIAGO,21,31.1
BERNAT JOSEP,21,41.0
BERTOL,21,39.9
BISMARCK ANTONIO,21,34.7
BLAS IGNACIO,21,56.0
BLESSING,21,32.4
BOGDAN DUMITRU,21,34.3
BOGDAN PETRU,21,34.5
BOLIN,21,34.1
BONIFACIO JOSE,21,59.6
BORJA ANDRES,21,31.9
BOULY,21,39.4
BOYANG,21,20.0
BRAULIO ALEJANDRO,21,33.8
BRAYAN SANTIAGO,21,23.8
BRAYHAN,21,26.1
BRENT,21,43.0
BRIAN ANDREW,21,53.3
BRIAN ARTHUR,21,75.5
BRIAN FRANCIS,21,64.4
BRIAN MARTIN,21,38.0
BRUNO BENJAMIN,21,18.3
BRUNO JOAQUIN,21,22.8
BRUNO MATIAS,21,21.7
BRUNO TOMAS,21,28.4
BRYAN ISMAEL,21,25.6
BRYAN LUIS,21,22.6
BRYAN ORLANDO,21,26.3
BRYAN SMITH,21,23.4
BYRON ROBERTO,21,41.4
BYRON XAVIER,21,35.8
CALEBE,21,17.4
CAMAL,21,32.3
CAMERON JAMES,21,30.7
CAMILLO,21,50.7
CARLOS ANDREY,21,32.6
CARLOS BRYAN,21,27.1
CARLOS ELIECER,21,43.2
CARLOS ERICK,21,36.0
CARLOS OLMEDO,21,50.4
CARLOS REYES,21,51.8
CARLOS SAID,21,17.0
CARLOS TADEO,21,38.8
CARMELO ANDRES,21,50.7
CARMELO PEDRO,21,61.6
CARMELO TOMAS,21,60.6
CASSIANO,21,39.7
CASTOR MANUEL,21,58.5
CATALIN GHEORGHE,21,46.5
CATALIN IULIAN,21,36.8
CEFERINO MANUEL,21,61.7
CELESTINO JESUS,21,63.1
CESAR GEOVANNY,21,41.8
CESAR SALVADOR,21,49.6
CHAMSEDDINE,21,21.5
CHAOJUN,21,43.7
CHAOYANG,21,37.3
CHIMA,21,37.5
CHIRIL,21,31.0
CHRISTIAN JUNIOR,21,21.5
CHRISTOPHER ROY,21,56.4
CHUNYU,21,39.1
CLARENCIO,21,70.1
CLAUDIO AUGUSTO,21,46.7
CLAUDIO RUBEN,21,54.9
CLEMENTE LUIS,21,63.7
COURAGE,21,32.4
CRACIUN,21,52.6
CRISTIAN CLAUDIU,21,42.3
CRISTIAN FERNEY,21,32.3
CRISTIAN LORENZO,21,34.2
CRISTIAN PETRU,21,39.2
CRISTO ALEJANDRO,21,42.4
CRISTOBAL MARTIN,21,49.0
CRISTOBAL VICENTE,21,54.2
CRUZ MIGUEL,21,52.1
DADI,21,40.8
DALVIR,21,36.8
DAMIAN IGNACIO,21,36.9
DAN MARIAN,21,39.1
DANIEL ABEL,21,39.1
DANIEL ADAM,21,37.9
DANIEL CIPRIAN,21,35.1
DANIEL CORNEL,21,38.7
DANIEL LOUIS,21,51.1
DANIEL RENE,21,43.2
DANIEL ROMEO,21,31.5
DANIEL SEGUNDO,21,45.7
DANIEL YERAY,21,36.1
DANILLO,21,32.1
DANNY PATRICIO,21,33.7
DANTE ANTONIO,21,41.2
DANUT GABRIEL,21,30.4
DANUT MARIAN,21,33.8
DARIN,21,24.9
DARIUS CATALIN,21,17.9
DARIUS VASILE,21,19.1
DARWIN RICARDO,21,39.7
DAVID AURELIO,21,45.8
DAVID LUIZ,21,9.8
DAVID NEIL,21,61.5
DAVID WAYNE,21,57.9
DECEBAL,21,41.3
DEIBY ANDRES,21,33.0
DEIVY ALEXANDER,21,27.7
DEMETRIO JAVIER,21,50.2
DEMIS,21,37.9
DENIS JOEL,21,27.8
DENNIS MICHAEL,21,49.3
DEREK ANDRES,21,8.1
DEREK CHARLES,21,74.8
DEREK GAEL,21,6.2
DERLIS JAVIER,21,29.4
DIAE,21,16.2
DIATTA,21,36.3
DIDIER JESUS,21,43.5
DIEGO ALFONZO,21,21.0
DIEGO HECTOR,21,38.3
DIEGO ISAIAS,21,20.9
DIEGO JAIME,21,37.0
DIEGO LUCAS,21,31.1
DIEGO WALTER,21,46.1
DILAN JOSUE,21,15.5
DILAN SAMUEL,21,11.8
DILRAJ,21,15.1
DIMITAR PETROV,21,48.5
DIRK JAN,21,61.0
DMYTRII,21,22.0
DODOU,21,34.8
DOMEKA,21,48.2
DOMINGO FELIX,21,62.4
DOMINGO RICARDO,21,63.3
DOMINGOS ANTONIO,21,63.0
DOMINIC JAMES,21,41.8
DONALDO,21,52.8
DOUGLAS DANIEL,21,35.3
DOUGLAS FERNANDO,21,39.7
DRAGOS BOGDAN,21,32.9
DRAGOS CATALIN,21,33.6
DUNIEL,21,34.1
DUVAN ALEXANDER,21,26.7
DUVAN CAMILO,21,26.5
DYLAN AITOR,21,10.8
DYLAN JADIEL,21,7.6
DYLAN LUIS,21,8.4
EDGAR ELIAS,21,38.3
EDGAR MOISES,21,33.3
EDGARDO MANUEL,21,47.9
EDISSON ANDRES,21,33.9
EDUARD SEBASTIAN,21,19.5
EDUARDO BENJAMIN,21,45.8
EDUARDO ISIDRO,21,50.5
EDUARDO MATEO,21,35.5
EDUARDO RODOLFO,21,59.2
EDUARDO SEGUNDO,21,51.4
EDUARDO VINICIO,21,43.2
EDWARD THOMAS,21,54.0
EDWIN BLADIMIR,21,35.1
EDWIN LUIS,21,45.3
EDWIN WILLIAM,21,46.7
EISA,21,16.3
EL HADJI MOR,21,33.0
EL OUARDANI,21,48.5
EL WALI,21,28.9
ELEAZAR JESUS,21,39.1
ELEUTERIO JESUS,21,57.3
ELEUTERIO JOSE,21,59.1
ELHADJI OUSMANE,21,36.4
ELIAS IGNACIO,21,35.0
ELIAS ISAAC,21,21.9
ELIAS NAHUEL,21,21.9
ELIO ALEJANDRO,21,24.1
ELIO FRANCISCO,21,50.9
ELLIS,21,32.2
ELMER JOSE,21,37.8
ELVIN JOSE,21,31.8
ELVIS AARON,21,23.3
ELVIS ALBERTO,21,41.5
EMILIANO ARIEL,21,36.7
EMILIANO GASTON,21,36.7
EMILIO JAIME,21,55.0
EMILIO SERGIO,21,49.1
EMILIS,21,18.2
EMILIYAN,21,40.2
EMMANUEL SANTIAGO,21,15.4
ENAY,21,11.2
ENMANUEL ENRIQUE,21,24.4
ENRIQUE CLAUDIO,21,55.9
ENRIQUE CRISTOBAL,21,53.3
ENRIQUE OCTAVIO,21,53.2
ENRIQUE SAMUEL,21,39.4
ENZO PAOLO,21,16.8
ERIC EDUARDO,21,30.1
ERIC JOAN,21,26.4
ERICK ANTHONY,21,24.3
ERICK DAMIAN,21,18.5
ERICK PATRICIO,21,27.1
ERIK CRISTIAN,21,17.6
ERIK IONUT,21,6.1
ERIK PAUL,21,32.7
ERNESTO ALBERTO,21,58.5
ERNESTO GUSTAVO,21,57.7
ERON,21,20.1
ERYX,21,12.2
ESSADDIK,21,34.7
ESTEBAN ADOLFO,21,44.8
ESTEBAN CAMILO,21,26.5
ETHAN JESUS,21,10.9
ETHAN MATEO,21,3.7
EUGENIO NICOLAS,21,48.5
EVER JESUS,21,33.8
EVER LUIS,21,37.6
EZEQUIEL DANIEL,21,31.5
FABIAN ARMANDO,21,38.0
FABIAN STIVEN,21,27.5
FAHED,21,28.4
FAKEBA,21,35.8
FAKHR EDDINE,21,30.3
FAUSTO ANIBAL,21,51.5
FAUSTO DAVID,21,36.5
FAUSTO FERNANDO,21,53.3
FAVIO ANDRES,21,25.4
FEDERICO ROBERTO,21,52.7
FELIPE GONZALO,21,47.5
FELIPE GREGORIO,21,60.5
FELIX ALEXIS,21,46.7
FELIX AURELIO,21,61.5
FELIX BERNARDO,21,57.5
FELIX DIEGO,21,46.7
FELIX JUNIOR,21,25.6
FELIX NICOLAS,21,44.6
FERMIN ALEJANDRO,21,42.1
FERMIN EDUARDO,21,59.3
FERMIN PEDRO,21,62.4
FERNANDO EMMANUEL,21,32.3
FERNANDO MARCELINO,21,57.2
FERNANDO SEGUNDO,21,59.5
FIDEL IGNACIO,21,57.4
FIDEL MARIA,21,61.3
FIDELIS,21,45.3
FIORENZO,21,51.6
FLORENTINO ANTONIO,21,62.8
FLORIN AUREL,21,39.4
FLORIN ILIE,21,44.0
FLORIN LIVIU,21,41.6
FOUSSEINY,21,34.5
FRANCISCO ANICETO,21,50.9
FRANCISCO CRISTO,21,41.2
FRANCISCO INDALECIO,21,47.5
FRANCISCO JOSE LUIS,21,68.4
FRANCISCO PAULO,21,53.3
FRANCISCO SENEN,21,56.6
FRANCO EDUARDO,21,39.6
FRANKLIN AUGUSTO,21,44.5
FREDDY ARTURO,21,47.7
GABINO MANUEL,21,62.1
GABRIEL ABRAHAM,21,26.8
GABRIEL GHEORGHE,21,43.5
GABRIEL MARCOS,21,44.0
GABRIEL MARIO,21,40.8
GABRIEL RENE,21,38.3
GABRIEL RUBEN,21,37.8
GABRIELIUS,21,18.4
GARCILASO,21,62.9
GARY ALAN,21,59.8
GARY PETER,21,63.3
GASPAR LUIS,21,63.1
GASTON ENRIQUE,21,42.3
GEOFFREY CHARLES,21,73.9
GEORGE CLAUDIU,21,36.1
GEORGE PAUL,21,39.2
GEORGI ATANASOV,21,44.7
GEORGI TODOROV,21,43.4
GEORGIEV,21,47.7
GEOVANNY JAVIER,21,36.0
GEOVANNY JOSE,21,35.4
GERARD ANTHONY,21,48.4
GERARDO PABLO,21,56.0
GERARDO PEDRO,21,61.9
GERMAN LEONARDO,21,42.2
GERMAN MARTIN,21,46.2
GHALEM,21,44.2
GIAN MARCOS,21,22.2
GILBERT JOSE,21,39.7
GILBERTO RAMON,21,47.1
GINES ALFONSO,21,51.3
GIOVANNI LUCA,21,38.8
GIOVANNY ALEJANDRO,21,32.3
GONZALO CESAR,21,48.2
GONZALO EUGENIO,21,50.2
GRAHAM ANDREW,21,62.5
GREGORIO DOMINGO,21,64.3
GREGORY ANTONIO,21,34.7
GREGORY JAMES,21,50.4
GREGORY JESUS,21,30.2
GUANGRONG,21,54.4
GUANGWEI,21,50.2
GUIDO EDUARDO,21,41.5
GUILLERMO ABEL,21,41.7
GUILLERMO DIEGO,21,40.1
GUILLERMO ELOY,21,54.5
GUILLERMO LORENZO,21,41.6
GUILLERMO PATRICIO,21,49.5
GUOHONG,21,53.5
GUOLIN,21,52.4
GUOQUAN,21,54.6
GURBAJ,21,22.8
HAILIN,21,46.3
HANZA,21,23.4
HAOBO,21,20.5
HARBHAJAN,21,53.4
HARM,21,63.0
HARNEK,21,40.1
HASENNA,21,33.0
HEBERTO,21,51.7
HECTOR BENJAMIN,21,39.3
HECTOR ERNESTO,21,48.4
HECTOR FEDERICO,21,39.9
HECTOR LORENZO,21,44.1
HECTOR MARIANO,21,42.6
HELDER ANTONIO,21,46.2
HERIBERTO MANUEL,21,59.1
HERNAN ROBERTO,21,45.8
HERNAN SANTIAGO,21,38.8
HIRAHI,21,18.0
HORST DIETER,21,76.4
HOSSAME,21,18.6
HUD,21,7.8
HUGO ANDRE,21,36.0
HUGO HECTOR,21,62.7
HUGO MARIA,21,38.4
IAN FRANCIS,21,52.9
IAN GEORGE,21,68.3
IAN LEONARDO,21,8.2
IAN MATTHEW,21,26.9
IBAN CARLOS,21,49.6
IBRAHIM JOSE,21,28.5
IBRAHIM KHALIL,21,20.5
IBRAHIMA KALIL,21,30.1
IDO,21,37.4
IGNACIO DIEGO,21,42.9
IGNACIO IVAN,21,39.7
IGOR MANUEL,21,37.3
IKER ISAAC,21,10.5
IKER IVAN,21,13.9
IKER MARTIN,21,13.6
ILIJA,21,27.6
INARI,21,10.5
INDIANA,21,9.1
INESO,21,72.2
INOCENCIO MANUEL,21,61.1
IOAN CORNEL,21,48.8
IOAN PAUL,21,29.7
IOAN RAUL,21,22.7
IONUT AUREL,21,39.0
IONUT CRISTINEL,21,35.0
IONUT LEONARD,21,28.7
IOURI,21,55.5
ISAAC FELIPE,21,32.9
ISAAC IGNACIO,21,48.6
ISAAC MARIA,21,51.2
ISHAAC,21,8.0
ISIDORO JUAN,21,58.2
ISIDRO ALEJANDRO,21,51.1
ISMAEL MIGUEL,21,41.8
ISRAEL MARIA,21,43.9
ISRAEL SANTIAGO,21,33.0
IVAN CARMELO,21,37.4
IVAN EUGENIO,21,46.7
IVAN ISMAEL,21,34.9
IXENT,21,14.9
IZAN FRANCISCO,21,12.5
IZEL,21,18.1
IÑIGO ALBERTO,21,42.9
JABED,21,34.0
JACINTO FERNANDO,21,61.8
JACK ROBERT,21,33.3
JACOBO DAVID,21,37.2
JACOBO FRANCISCO,21,41.6
JAIME BARTOLOME,21,52.2
JAIME SEGUNDO,21,53.5
JAIME VALENTIN,21,39.1
JAIRO ARMANDO,21,46.8
JALLOUL,21,44.5
JAMES CHARLES,21,54.8
JAMSHID,21,60.1
JAN PAUL,21,41.0
JARED ALEXANDER,21,13.2
JASON STEVEN,21,28.0
JAVIER ABRAHAM,21,32.8
JAVIER BASILIO,21,44.5
JAVIER ISIDORO,21,48.4
JAVIER YERAY,21,36.1
JEANS CARLOS,21,27.4
JEFFERSON OMAR,21,28.2
JEFFREY ALAN,21,58.8
JEFFREY DAVID,21,50.0
JEFFRY ALEXANDER,21,29.6
JEHOVA,21,44.0
JEISON JESUS,21,26.5
JENS PETER,21,57.7
JESUS ANICETO,21,61.1
JESUS EFREN,21,50.6
JESUS GABINO,21,54.5
JESUS HERMINIO,21,60.2
JESUS NORBERTO,21,60.3
JESUS ROLANDO,21,47.4
JETHRO,21,22.6
JHON ANTONY,21,25.3
JHONATAN ALEXIS,21,31.8
JHONIER ALEXANDER,21,28.7
JHONN JAIRO,21,42.2
JHONY JAVIER,21,35.8
JHORMAN ANDRES,21,26.0
JIAEN,21,20.8
JIAJING,21,26.2
JIANLING,21,51.2
JIANYOU,21,45.6
JIMMY ENRIQUE,21,45.4
JIMMY JOEL,21,32.0
JOAN MARCEL,21,31.8
JOAO DEUS,21,56.6
JOAQUIN BENITO,21,54.7
JOAQUIN CRISTOBAL,21,51.6
JOAQUIN FEDERICO,21,47.0
JOAQUIN GERMAN,21,49.2
JOHN ANGEL,21,24.3
JOHN BRANDON,21,27.6
JOHN EDGAR,21,46.0
JOHN EIDER,21,36.4
JOHN GORDON,21,68.6
JOHN JANER,21,36.5
JOHN JOSE,21,38.9
JOHNNY DANIEL,21,38.5
JON XARLES,21,57.2
JONAID,21,5.3
JONAS ALEJANDRO,21,23.2
JONATAN ALBERTO,21,37.2
JONATAN GABRIEL,21,28.7
JONATHAN ANTHONY,21,38.7
JONATHAN DAMIAN,21,32.2
JONATHAN GUILLERMO,21,33.1
JONATHAN JULIAN,21,27.0
JONATHAN PEDRO,21,35.3
JONATHAN RODRIGO,21,30.9
JONAY MIGUEL,21,36.1
JONH JAIRO,21,42.6
JORAM,21,32.9
JORDI JUAN,21,45.4
JORDI SANTIAGO,21,25.9
JORGE ALESSANDRO,21,15.0
JORGE CAMILO,21,44.0
JORGE EDGARDO,21,53.1
JORGE EMMANUEL,21,20.1
JORGE PAULO,21,51.1
JOSE ADALID,21,36.7
JOSE ADRIEL,21,14.3
JOSE ALAN,21,41.4
JOSE ALIPIO,21,63.2
JOSE ANTONIO JESUS,21,63.9
JOSE ARLEX,21,50.7
JOSE CANDELARIO,21,54.6
JOSE CRISANTO,21,61.5
JOSE DESIDERIO,21,65.3
JOSE DIOGO,21,31.5
JOSE FRANCO,21,49.7
JOSE HERMOGENES,21,65.2
JOSE LIZARDO,21,52.5
JOSE LORETO,21,58.1
JOSE MARIA PEDRO,21,74.3
JOSE MARIA VICENTE,21,73.7
JOSE NAUZET,21,32.6
JOSE ORENCIO,21,62.5
JOSE RAYCO,21,43.3
JOSE THOMAS,21,20.3
JOSE TIMOTEO,21,64.8
JOSE TOBIAS,21,59.2
JOSEPH ADRIAN,21,20.9
JOSEPH ALBERTO,21,25.1
JOSEPH ANDRE,21,29.5
JOSEPH JESUS,21,24.7
JOSEPH SANTIAGO,21,15.5
JOSHUA JESUS,21,26.9
JOSHUA SEBASTIAN,21,16.4
JOSIEL,21,30.3
JOSUE LEONARDO,21,23.8
JOSUE MATIAS,21,14.4
JOSUE NATANAEL,21,27.7
JOXE MARI,21,48.5
JUAN ANTOLIN,21,61.4
JUAN CONRADO,21,58.1
JUAN DANILO,21,41.4
JUAN DIMAS,21,48.6
JUAN EPIFANIO,21,52.5
JUAN EUSTAQUIO,21,65.5
JUAN LINO,21,63.2
JUAN STIVEN,21,24.5
JULEN ALEJANDRO,21,11.8
JULIAN LEANDRO,21,36.6
JULIO LEON,21,32.7
JULIO MATIAS,21,51.5
JULIO ROMAN,21,56.3
JUNHONG,21,22.8
JUNIOR GABRIEL,21,26.4
JUNO,21,9.4
JUOZAS,21,55.8
JUSTO MARIA,21,66.8
JUSTO RAFAEL,21,61.3
KABBOUR,21,55.7
KAILE,21,16.5
KECOUTA,21,37.4
KELVIN JOSUE,21,27.0
KEMEL,21,30.2
KENNETH JOSEPH,21,56.4
KENY,21,35.1
KEONI,21,15.8
KEVIN GEOVANNY,21,24.6
KEVIN MARK,21,48.3
KEVIN STALIN,21,25.0
KHALIFA BABACAR,21,21.1
KHAYREDDINE,21,28.2
KLAJDI,21,30.6
KLEVER PATRICIO,21,38.1
KRASTYO,21,54.0
LAERCIO,21,45.9
LAGHDAF,21,47.0
LAHASEN,21,58.1
LARABI,21,47.5
LAUREANO JAVIER,21,53.0
LAURENTIU VASILE,21,39.6
LAUTARO EMANUEL,21,23.2
LAUTARO JAVIER,21,26.1
LAUTARO TOMAS,21,22.7
LEANDRO JOAQUIN,21,30.3
LEON JAVIER,21,32.5
LEONARD ANDREI,21,14.1
LEONARDO MATEO,21,11.8
LEONARDO OSCAR,21,44.4
LEONARDO ROBERTO,21,48.4
LEONARDO SAMUEL,21,17.4
LEONARDO SANTIAGO,21,42.0
LEONEL SEBASTIAN,21,18.7
LESTER ALEXANDER,21,31.7
LESTER JOSE,21,36.4
LEYI,21,33.8
LIAM ANDREW,21,19.5
LIAM ENRIQUE,21,5.3
LIAM JARED,21,5.0
LIANGFENG,21,42.0
LIONEL ALEJANDRO,21,17.1
LIYI,21,36.0
LORENZO AGUSTIN,21,49.5
LORENZO FELIPE,21,52.8
LUARD,21,16.4
LUCA MIHAI,21,11.4
LUCAS ALEXANDRE,21,20.6
LUCAS FLORIN,21,10.2
LUCAS MICHAEL,21,16.3
LUCIAN CRISTIAN,21,45.8
LUCIANO CARLOS,21,51.6
LUCIANO GASTON,21,32.3
LUCIANO HERNAN,21,36.0
LUCIANO NAHUEL,21,27.4
LUCIANO TOMAS,21,33.8
LUCIANO VALENTIN,21,19.5
LUCIO ALEJANDRO,21,38.9
LUI,21,12.8
LUIGINO,21,65.0
LUIS AMBROSIO,21,57.5
LUIS BRUNO,21,56.0
LUIS CONSTANTINO,21,58.2
LUIS DELFIN,21,55.3
LUIS ERICK,21,37.3
LUIS HILARIO,21,61.2
LUIS LAUREANO,21,63.9
LUIS LUCIANO,21,57.8
LUIS REMIGIO,21,53.2
LUIS RONALDO,21,27.1
LUIS UBALDO,21,56.1
LUIS WASHINGTON,21,53.5
LUIZ GUILHERME,21,27.2
MADS,21,35.4
MAHMADOU,21,31.6
MAIKO,21,30.2
MAILO,21,6.2
MAJEED,21,45.2
MAKA,21,36.6
MAMADOU BASSIROU,21,40.0
MAMADOU YERO,21,34.5
MAME ABDOU,21,26.1
MAMMAR,21,49.0
MANAF,21,27.9
MANFREDI,21,37.4
MANJOT SINGH,21,21.5
MANUEL AMBROSIO,21,60.5
MANUEL DAMASO,21,66.5
MANUEL ELEUTERIO,21,62.1
MANUEL ROSARIO,21,61.7
MARC CHRISTIAN,21,39.7
MARC MIQUEL,21,26.0
MARCELINO DOMINGO,21,70.9
MARCELINO ENRIQUE,21,65.2
MARCELINO JUAN,21,60.4
MARCELO HORACIO,21,54.3
MARCELO JULIAN,21,44.0
MARCO GONZALO,21,53.4
MARCO LEONARDO,21,36.5
MARCO RAMIRO,21,47.0
MARCOS AARON,21,21.5
MARCOS MARIANO,21,42.2
MARCOS MAURICIO,21,36.6
MARCOS RENE,21,41.8
MARCOS SERGIO,21,45.1
MARCOS YERAY,21,33.8
MARIAN CIPRIAN,21,38.8
MARIAN DUMITRU,21,38.1
MARIAN LIVIU,21,43.8
MARIANO ADRIAN,21,40.7
MARIANO FELIX,21,65.3
MARIANO JAIME,21,57.8
MARIANO LORENZO,21,59.3
MARIANO RUBEN,21,43.9
MARIO GREGORIO,21,51.3
MARIO LEON,21,44.9
MARIO OSWALDO,21,52.5
MARIO WALTER,21,53.8
MARIOS,21,36.9
MARIUS DORIN,21,40.0
MARIUS OCTAVIAN,21,38.5
MARK CHARLES,21,57.2
MARLON ORLANDO,21,40.2
MARS,21,19.7
MARTIN ANDREW,21,57.4
MARTIN GREGORIO,21,46.9
MARTIN LUCAS,21,32.2
MARTIN LUCIANO,21,32.3
MARTIN VICTOR,21,41.7
MARVIN ENRIQUE,21,37.3
MARWEN,21,30.0
MARZIO,21,45.2
MATEI CRISTIAN,21,11.8
MATEO EMANUEL,21,10.5
MATEO EMILIANO,21,6.1
MATEO FABIAN,21,10.4
MATIAS ANDRE,21,16.5
MATIAS ISMAEL,21,18.6
MAURICIO ADRIAN,21,42.7
MAURICIO ANDRE,21,26.0
MAURICIO OSCAR,21,51.5
MAXIMILIAN ALEXANDER,21,17.8
MAXIMILIANO NAHUEL,21,29.9
MD RASEL,21,32.0
MESSOUD,21,52.4
MICHAEL ANDREAS,21,50.1
MICHAEL OWEN,21,42.6
MICHAEL RAFAEL,21,31.3
MICHAEL RONALD,21,59.1
MICHAL ANDRZEJ,21,39.9
MIGUEL ANSELMO,21,53.7
MIGUEL CECILIO,21,54.9
MIGUEL CRISTIAN,21,35.1
MIGUEL CRUZ,21,55.7
MIGUEL ELADIO,21,56.0
MIGUEL GINES,21,56.0
MIGUEL LEOPOLDO,21,46.2
MIGUEL RODOLFO,21,44.7
MIGUEL ROGELIO,21,58.7
MIGUEL SEGUNDO,21,60.0
MIKEL JESUS,21,28.0
MILAN JOSE,21,10.2
MILTON GABRIEL,21,40.5
MINDIA,21,41.4
MIRCEA FLORIN,21,39.8
MIRCEA MARIAN,21,40.3
MIRCEA VASILE,21,49.5
MODESTO VICENTE,21,59.3
MOH SALEM,21,48.5
MOHAMED EL HADI,21,36.3
MOHAMED MAHER,21,10.5
MOHAMED RAFIK,21,37.7
MOISES ISRAEL,21,37.3
MONDIR,21,15.6
MOUADH,21,18.0
MOUNTASSER,21,26.0
MUHAMMAD ARSHMAN,21,4.8
MUHAMMAD ISMAEL,21,7.3
MUHAMMAD MUNEEB,21,13.5
MUHAMMAD NASIR,21,39.8
MUHAMMAD RIAZ,21,55.3
MUHAMMAD ROHAAN,21,5.2
NAFEES,21,32.3
NAIMI,21,52.4
NASSEREDDINE,21,29.6
NATHAN JOHN,21,38.8
NAVNEET,21,29.7
NAWRAS,21,17.2
NAYEF,21,30.5
NAYER,21,22.9
NEIZAN MANUEL,21,6.5
NEKO,21,8.3
NELSON ALFONSO,21,50.2
NELSON EMILIO,21,45.5
NELSON JUNIOR,21,26.5
NELSON XAVIER,21,35.1
NESSIM,21,29.8
NESTOR LEONARDO,21,44.5
NICHOLAS GEORGE,21,40.2
NICHOLAS ROBERT,21,43.5
NICOLAE OVIDIU,21,46.7
NICOLAE ROBERT,21,37.2
NICOLAS GERARDO,21,41.5
NICOLAS JOEL,21,25.5
NICOLAS JULIO,21,44.6
NICOLAS LEON,21,20.2
NICOLAS OMAR,21,31.9
NICOLAS PHILIPPE,21,37.6
NICUSOR DANIEL,21,39.6
NIK,21,25.6
NIKOLAY NIKOLAEV,21,24.3
NISHANT,21,29.9
NOAH SANTIAGO,21,6.3
NORBERTO ENRIQUE,21,54.5
NORBERTO MIGUEL,21,56.3
NOUR EDINE,21,42.8
OCTAVIO DANIEL,21,36.8
OKTAY,21,40.5
OLIWIER,21,10.9
OMAR ANGEL,21,49.0
OMAR EMILIO,21,46.3
OMAR JULIAN,21,42.5
OMARU,21,29.1
ONOFRIO,21,55.8
OSCAR BENJAMIN,21,36.5
OSCAR BRUNO,21,49.5
OSCAR HECTOR,21,54.2
OSCAR OCTAVIO,21,43.5
OSSIAN,21,21.6
OSVALDO JESUS,21,43.4
OSVEL,21,45.2
PABLO BORJA,21,35.5
PABLO CAMILO,21,36.7
PABLO CAYETANO,21,28.5
PABLO JACINTO,21,54.8
PABLO SAUL,21,27.6
PABLO TADEO,21,26.9
PAPA ALIOUNE,21,38.2
PAPA MOUSSA,21,31.2
PAPA OUSMANE,21,36.5
PARAS,21,24.3
PARDEEP KUMAR,21,40.3
PARDEEP SINGH,21,37.2
PATRICIO FABIAN,21,48.2
PATRICK CHRISTIAN,21,46.0
PAUL FRANÇOIS,21,58.9
PAUL VALENTIN,21,32.2
PAUL VICTOR,21,54.1
PAULO DAVID,21,30.6
PAULO FILIPE,21,41.4
PEDRO ABELARDO,21,60.2
PEDRO ARNALDO,21,46.5
PEDRO GILBERTO,21,53.1
PEDRO NOEL,21,38.3
PEDRO OLIVER,21,42.4
PEKKA JUHANI,21,73.3
PERFECTO MANUEL,21,61.3
PETER RAYMOND,21,72.5
PETRACHE,21,56.8
PHOENIX,21,12.7
PORFIDIO,21,61.6
PREM BAHADUR,21,42.7
PRIMITIVO JOSE,21,59.6
PROMISE,21,24.1
RABIN,21,29.0
RAFAEL BORJA,21,41.2
RAFAEL DIONISIO,21,53.4
RAFAEL EUSEBIO,21,59.6
RAFAEL HERNANDO,21,50.6
RAFAEL TOBIAS,21,45.5
RAM PRASAD,21,41.9
RAMIRO GABRIEL,21,39.0
RAMIRO VICENTE,21,58.5
RAMON EUSEBIO,21,63.9
RAMON SANTOS,21,62.1
RASIM,21,38.8
RAUL EDGARDO,21,50.9
RAUL PATRICIO,21,54.5
REIMUNDO,21,48.7
REINALDO MANUEL,21,50.9
REMUS GABRIEL,21,34.3
REMZI,21,50.5
RENZO ALEJANDRO,21,26.9
REVAZI,21,36.9
REYES JOSE,21,49.0
REYNOLD,21,43.4
RICARDO CARMELO,21,58.7
RICARDO ELOY,21,56.8
RICARDO EMMANUEL,21,27.6
RICARDO ISIDRO,21,56.3
RICARDO MATIAS,21,37.2
RICARDO SEGUNDO,21,52.3
RICHARD MARCELO,21,42.6
RICHARD OSWALDO,21,41.8
ROBBIE,21,31.6
ROBERT FABIAN,21,35.2
ROBERT FRANCISCO,21,39.2
ROBERT LUCIAN,21,28.1
ROBERTO MOISES,21,41.5
ROBINSON JAVIER,21,34.3
RODOLFO ESTEBAN,21,47.7
RODRIGO CESAR,21,38.4
RODRIGO ISMAEL,21,26.4
ROMAN DANIEL,21,32.5
ROMAN DARIO,21,36.2
ROMAN MARIA,21,55.1
RONALD EDWARD,21,69.1
RONALD FABRICIO,21,33.1
RONEN,21,47.1
RONGSHENG,21,47.4
RONNY DANIEL,21,30.1
ROQUE DAVID,21,41.3
ROUMEN,21,59.4
ROY DAVID,21,53.6
RUBEN ANIBAL,21,54.8
RUBEN FABIAN,21,44.9
RUBEN ROBERTO,21,46.9
RUBEN YERAY,21,33.5
RUBER,21,39.2
SABI,21,38.4
SAIYD,21,38.2
SAJED,21,9.8
SALAHDDIN,21,24.0
SALAR,21,11.3
SALVADOR ALEXIS,21,43.5
SALVADOR LORENZO,21,55.2
SALVADOR RAUL,21,51.1
SAMI YOUSSEF,21,10.4
SAMIR ANTONIO,21,25.8
SAMUEL ALONSO,21,21.4
SAMUEL WILLIAM,21,31.5
SANDRO RAFAEL,21,46.5
SANTANA,21,56.7
SANTIAGO LUCAS,21,35.4
SANTOS DANIEL,21,38.8
SANTOS FELIX,21,65.8
SANTOS PEDRO,21,61.1
SANTY,21,15.0
SASHKO,21,50.0
SEBASTIAN EMMANUEL,21,26.6
SEBASTIAN GERARDO,21,35.5
SEBASTIAN GREGORIO,21,46.7
SEBASTIAN JOEL,21,20.6
SEBASTIAN MARCOS,21,44.7
SEBASTIAN MARIO,21,38.9
SEBASTIAN VASILE,21,32.4
SEBENSUI,21,35.3
SEDAT,21,46.8
SEDIK,21,36.6
SEGUNDO DAVID,21,51.2
SEGUNDO HUMBERTO,21,58.5
SEKU,21,27.2
SENSEN,21,31.6
SERGIO ELOY,21,37.4
SERGIO FEDERICO,21,43.2
SERGIO HORACIO,21,52.2
SERGIO WALTER,21,51.2
SERGIU MARIAN,21,34.0
SERHAT,21,37.5
SERIGNE TOUBA,21,34.2
SERYOZHA,21,43.5
SEYDINA ALIOUNE,21,24.7
SEZGIN,21,48.2
SHAHEER,21,16.7
SHAMSHAD,21,43.6
SHARAF,21,20.7
SHARANJIT,21,35.5
SHENGHAO,21,23.5
SHUHAO,21,21.6
SHUJAAT,21,34.6
SIAVASH,21,34.3
SIDDHARTHA,21,25.0
SILVERIO ANTONIO,21,53.2
SILVIO FERNANDO,21,48.3
SILVIO RAMON,21,43.9
SIMAO PEDRO,21,36.0
SIMON ERNESTO,21,32.6
SIMON THOMAS,21,45.5
SIMONAS,21,30.5
SOBHI,21,44.4
SOHRAB,21,37.6
SOMA,21,30.1
SORIN IULIAN,21,39.8
SOTIRIOS,21,47.8
SPIRIDON,21,41.6
STALIN JOSE,21,35.6
STARLYN,21,24.1
STEFAN CONSTANTIN,21,35.9
STEFAN DAVID,21,21.5
STEFAN GEORGIEV,21,53.0
STEFANO ALESSANDRO,21,15.1
STEPHEN ALAN,21,58.9
STEPHEN BRIAN,21,63.0
STEVEN ALAN,21,60.6
STIJN,21,31.5
SUGAR,21,19.3
SUHAYB,21,8.6
SUMIN,21,52.2
TABASSUM,21,36.8
TAHA YASSINE,21,19.0
TAHMID,21,9.1
TAIR,21,28.1
TEOFANES,21,63.7
TERENCE ANTHONY,21,64.4
TERENCE EDWARD,21,72.4
THEODORO,21,13.6
THIERNO ABDOULAYE,21,30.4
THIERNO OUSMANE,21,36.2
THOMAS SAMUEL,21,32.9
TIDIANI,21,33.9
TIMOTHY ANDREW,21,56.3
TIMOTHY MICHAEL,21,50.8
TIMOTHY PETER,21,56.7
TITEL,21,52.3
TODOR GEORGIEV,21,47.7
TOMAS DAMIAN,21,45.0
TOMAS DIEGO,21,39.8
ULRIC,21,13.7
USMAN ALI,21,31.1
USTARITZ,21,25.4
UTHMAN,21,12.4
VALENTIN IGNACIO,21,36.2
VALENTIN MARIUS,21,37.4
VANIA,21,37.9
VASILE DUMITRU,21,45.1
VASILE OVIDIU,21,42.8
VENANCI,21,61.7
VICENTE GERARDO,21,59.8
VICTOR ENMANUEL,21,28.5
VICTOR HENRIQUE,21,26.3
VICTORIANO JUAN,21,61.8
VIDAR,21,46.3
VILIAM,21,30.6
VITOR GABRIEL,21,22.1
VLADIMIR IVANOV,21,50.9
VLADIMIR JOSE,21,46.4
WALTER ADOLFO,21,48.9
WALTER ANIBAL,21,51.1
WALTER EZEQUIEL,21,31.5
WALTER PAUL,21,39.7
WALTER SAMUEL,21,32.1
WASHINGTON ENRIQUE,21,52.5
WEIGUANG,21,53.5
WEILONG,21,35.2
WEIQI,21,24.8
WENDER,21,33.8
WENHAI,21,45.3
WENMING,21,48.4
WENYU,21,25.4
WILL,21,23.3
WILLIAM JOSUE,21,26.3
WILLIAN ALFREDO,21,47.2
WILLY ALEXANDER,21,35.4
WILSON HUMBERTO,21,49.4
XARLES,21,39.8
XAVIER ANTONI,21,52.4
XENDE,21,29.8
XINFENG,21,34.5
XINJUN,21,33.1
YAJUN,21,33.5
YAKHOUBA,21,35.1
YANDER,21,31.9
YANGYANG,21,30.4
YANJIE,21,30.0
YASSIRE,21,21.3
YECID,21,45.1
YERSON DAVID,21,26.8
YOHAN ANDRES,21,31.5
YONGHUI,21,44.8
YONGYONG,21,41.3
YOSBANY,21,41.7
YUDEL,21,39.3
YUNIOR JOSE,21,33.7
YUNPENG,21,31.9
YUVRAJ SINGH,21,14.6
ZAFER,21,41.6
ZAMFIR,21,51.1
ZANKE,21,33.7
ZARKO,21,43.2
ZEID,21,23.1
ZHENGYONG,21,46.7
ZHIGUANG,21,61.2
ZHIHAN,21,20.0
ZHIRONG,21,48.0
ZHORA,21,44.6
ZYGIMANTAS,21,31.4
AARON ANGEL,20,31.3
AART,20,64.3
ABDELJALAK,20,57.8
ABDERRAZIK,20,45.9
ABDOUL KADER,20,33.1
ABDUL LATIF,20,36.4
ABDUL WAHID,20,27.5
ABEL ALFREDO,20,40.0
ABEL ISAAC,20,32.4
ABOUBAKRY,20,33.8
ACHERAF,20,15.1
ADAM PETER,20,39.9
ADAN JAVIER,20,35.8
ADELINO JOSE,20,55.8
ADELO,20,64.0
ADILE,20,36.7
ADJUTORI,20,63.8
ADRIAM,20,26.2
ADRIAN AARON,20,18.3
ADRIAN CORNEL,20,41.4
ADRIAN DIEGO,20,36.4
ADRIAN FELIX,20,31.8
ADRIAN GERARDO,20,38.0
ADRIAN JAMES,20,42.6
ADRIAN PATRICIO,20,35.4
ADRIAN SERGIO,20,36.7
ADRIANO VALENTINO,20,9.6
ADY,20,42.0
AGUSTIN BENITO,20,60.9
AGUSTIN EMANUEL,20,28.2
AGUSTIN EUGENIO,20,57.4
AGUSTIN JULIO,20,64.6
AGUSTIN MARCOS,20,52.5
AHITOR,20,32.1
AHMAD RAZA,20,21.7
AHMED RAZA,20,18.6
AHMED SAID,20,42.6
AIBIN,20,50.1
AIGUANG,20,60.0
AITOR ALBERTO,20,28.6
AITOR MARTIN,20,34.9
AITOR PEDRO,20,42.0
AITOR RAFAEL,20,22.9
AITOR SANTIAGO,20,27.8
AKKA,20,43.7
ALAGI,20,36.5
ALAN DARIO,20,22.3
ALAN IVAN,20,30.5
ALAN LEONEL,20,25.6
ALAN MARK,20,46.6
ALBERT CRISTIAN,20,17.9
ALBERTO AMADOR,20,54.1
ALBERTO BORJA,20,38.4
ALBERTO LEON,20,44.6
ALDO ALEJANDRO,20,33.1
ALEJANDRO ALVARO,20,41.1
ALEJANDRO AMADOR,20,40.0
ALEJANDRO EMMANUEL,20,23.1
ALEJANDRO IONUT,20,12.9
ALEJANDRO ISAIAS,20,25.6
ALEJANDRO ISIDORO,20,45.6
ALEJANDRO JACOBO,20,44.1
ALEJANDRO OCTAVIO,20,39.0
ALEKSANDAR GEORGIEV,20,45.1
ALEKSANDAR IVANOV,20,41.6
ALESSANDRO GAEL,20,5.7
ALESSANDRO JAVIER,20,13.3
ALEX GUILLERMO,20,28.8
ALEX GUSTAVO,20,31.2
ALEX JAMES,20,35.8
ALEXANDER ADRIAN,20,19.0
ALEXANDER FABRICIO,20,29.1
ALEXANDER NICHOLAS,20,32.2
ALEXANDER OMAR,20,37.2
ALEXANDRE NICOLAS,20,34.2
ALEXANDRE XAVIER,20,38.9
ALEXIS ARIEL,20,30.2
ALEXIS JOSUE,20,21.9
ALEXIS RAUL,20,38.4
ALEXO,20,28.9
ALFONSO ARTURO,20,48.7
ALFONSO DAMIAN,20,52.8
ALFREDO FABIAN,20,43.3
ALFREDO GONZALO,20,54.6
ALFREDO LORENZO,20,69.6
ALGENIS,20,32.9
ALGIMANTAS,20,56.9
ALIN SEBASTIAN,20,39.1
ALISALEM,20,34.9
ALISHER,20,29.4
ALISTAIR JOHN,20,51.8
ALLAN JAVIER,20,32.9
ALONSO GABRIEL,20,18.2
ALPHA OUSMANE,20,22.0
ALVARO HERNANDO,20,53.8
ALYOSHA,20,48.6
AMADEUS,20,17.5
AMARO JOSE,20,38.8
AMBROSIO MANUEL,20,57.0
AMIL,20,29.1
AMRIK SINGH,20,43.8
ANAN,20,30.5
ANDOR,20,30.1
ANDRE DANIEL,20,26.3
ANDREAS JOHANNES,20,55.6
ANDREI DARIUS,20,14.2
ANDREI LIVIU,20,27.6
ANDRES DANILO,20,37.1
ANDRES FERMIN,20,52.7
ANDRES JOEL,20,25.6
ANDREW IAN,20,56.8
ANDRIJA,20,35.7
ANDRZEJ JAN,20,57.2
ANGEL ADAY,20,23.3
ANGEL IVANOV,20,40.9
ANGEL JONAS,20,32.5
ANGEL JONAY,20,36.6
ANGEL JOSEP,20,42.0
ANGEL MICHAEL,20,30.6
ANGEL OVIDIO,20,57.4
ANGEL PORFIRIO,20,53.8
ANGEL TEOFILO,20,64.3
ANIBAL DAVID,20,32.8
ANICETO JOSE,20,53.8
ANOOP,20,37.0
ANSH,20,12.8
ANTHONY GAEL,20,4.1
ANTONIO GAEL,20,5.5
ANTONIO STEFAN,20,16.7
ANTONIO ULISES,20,46.8
ANZOR,20,46.7
AQUILINO ANTONIO,20,58.5
ARCANGELO,20,57.1
ARIEL IGNACIO,20,35.3
ARIEL MATIAS,20,36.7
ARMANDO EDUARDO,20,52.0
ARMANDO IGNACIO,20,57.3
ARMANDO NICOLAS,20,35.7
ARSAL,20,18.2
ARSENIO MANUEL,20,56.5
ARTEMY,20,33.3
ARTURO ROBERTO,20,54.1
ARTURO TOMAS,20,47.8
ARUNA,20,35.4
ARYA,20,18.3
ASDRUBAL JESUS,20,42.5
AURELIO CARLOS,20,59.3
AUSBERTO,20,49.7
AVETIS,20,35.5
AVI,20,22.3
AVIV,20,30.0
AYSAR,20,14.6
AYTHAMI MANUEL,20,28.2
AZAHEL,20,16.0
AZAREL,20,20.8
AZZAM,20,42.9
BABA AHMED,20,46.3
BABUL,20,44.0
BAHAA,20,34.9
BAHOREH,20,44.5
BALDOMER,20,65.2
BARTOLOME DAVID,20,48.4
BASTIAAN,20,41.0
BASTIAN GAEL,20,7.0
BAUTISTA JOSE,20,55.9
BAYE SALIOU,20,26.6
BEN ABDELLAH,20,52.6
BENIGNO LUIS,20,65.4
BENITO ENRIQUE,20,60.1
BENITO IGNACIO,20,57.3
BENJAMIN ALONSO,20,22.2
BENJAMIN JOSUE,20,19.2
BENJAMIN JUAN,20,55.8
BENJAMIN MATEO,20,10.4
BENJAMIN VICENTE,20,47.4
BENXAMIN,20,39.2
BENYAMINE,20,19.8
BERNABE JOSE,20,52.8
BERNARDO JOAQUIN,20,54.9
BERTINO,20,60.2
BIENVENIDO MANUEL,20,65.8
BILLY JOEL,20,31.6
BLADIMIR ANTONIO,20,38.4
BLAS GABRIEL,20,39.7
BLAS JOAQUIN,20,57.5
BOBI,20,40.3
BORJA ENRIQUE,20,35.3
BOSKO,20,41.6
BOTOND,20,25.6
BOUBACARY,20,32.4
BOUCIF,20,52.0
BOUGARY,20,30.2
BRAHIAM,20,24.6
BRAIAN NICOLAS,20,26.6
BRALLAN,20,22.7
BRANDON MANUEL,20,22.7
BRIAN CARLOS,20,24.1
BRUNO ALEXIS,20,32.1
BRUNO EMILIO,20,33.6
BRUNO MAURICIO,20,33.4
BRYAN GEOVANNY,20,27.0
BRYAN RENE,20,29.8
BYRON FABRICIO,20,32.6
BYRON OSWALDO,20,41.3
CANDIDO DAVID,20,48.1
CARLES LLUIS,20,59.9
CARLITOS,20,45.2
CARLOS ALESSANDRO,20,18.2
CARLOS BORROMEO,20,51.2
CARLOS FACUNDO,20,37.8
CARLOS GUIDO,20,45.5
CARLOS MARCEL,20,39.8
CARLOS MELCHOR,20,53.8
CARLOS OVIDIO,20,48.4
CARLOS SILVESTRE,20,47.7
CARLOS WILFRIDO,20,51.5
CEFERINO ANTONIO,20,63.7
CELSO DAVID,20,40.1
CESAR GIOVANNI,20,38.5
CESAR ISAAC,20,27.5
CESAR ISIDRO,20,48.8
CESAR RODOLFO,20,49.8
CHAFI,20,43.7
CHAOPING,20,51.1
CHARLES FREDERICK,20,59.6
CHARLES RICHARD,20,55.9
CHAWKI,20,36.3
CHEN YU,20,12.1
CHETAN,20,34.8
CHINEDU,20,35.4
CHRISTIAN ADOLFO,20,36.0
CHRISTIAN ALESSANDRO,20,20.4
CHRISTIAN ANDREAS,20,37.2
CHRISTIAN DANILO,20,36.4
CHRISTIAN DIEGO,20,35.8
CHRISTIAN EZEQUIEL,20,30.5
CHRISTIAN FRANÇOIS,20,61.9
CHRISTIAN JACQUES,20,64.1
CHRISTIAN LEANDRO,20,31.1
CHRISTIAN MARCEL,20,55.5
CHRISTIAN PETER,20,47.1
CHUNYONG,20,44.3
CIPRIAN STEFAN,20,37.0
CIRO ALBERTO,20,48.8
CIRO JOSE,20,43.0
CLAUDIO MARIA,20,48.1
CLAUDIO PATRICIO,20,46.2
CLAUDIO RODRIGO,20,42.4
CLAUDIU IULIAN,20,34.1
CLIMACO,20,62.2
CORNEL MARIAN,20,40.2
COSME JOSE,20,45.6
COSMIN CRISTIAN,20,36.9
COSMIN GHEORGHE,20,40.3
COSTEL ALIN,20,37.6
CRAIG ANTHONY,20,46.0
CRISTHIAN ALFREDO,20,34.0
CRISTHIAN ARMANDO,20,30.5
CRISTHIAN RAMON,20,30.5
CRISTHIAN RICARDO,20,33.1
CRISTIAN AITOR,20,30.7
CRISTIAN COSTEL,20,37.5
CRISTIAN GIOVANNY,20,31.5
CRISTIAN JOHAN,20,29.0
CRISTIAN KEVIN,20,27.4
CRISTIAN OVIDIU,20,38.4
CRISTIAN TEODOR,20,28.3
CRISTOFE,20,37.6
CRISTOPHER SEBASTIAN,20,21.1
DACIANO,20,72.9
DALWINDER,20,39.7
DAMASO JESUS,20,49.8
DAMIAN MATIAS,20,32.5
DAMIAN MIGUEL,20,51.8
DAN GHEORGHE,20,48.4
DANIEL ANDREW,20,36.1
DANIEL BLAS,20,42.7
DANIEL ISAI,20,20.2
DANIEL LAURENTIU,20,40.7
DANIEL NORBERTO,20,48.5
DANIEL REYES,20,40.2
DANILO GABRIEL,20,29.8
DANKO,20,37.0
DANTE NICOLAS,20,16.4
DANY ALEJANDRO,20,32.2
DAOIZ,20,46.7
DAPENG,20,37.8
DARI,20,27.0
DARIEL ALEJANDRO,20,17.2
DARIO ANDREI,20,9.9
DARIO OSCAR,20,48.2
DARIO RAMON,20,39.7
DARIUS VALENTIN,20,14.0
DARWIN ARIEL,20,29.4
DARWIN MARCELO,20,39.0
DARWIN RAMON,20,40.7
DAVID ALFRED,20,64.1
DAVID BARTOLOME,20,43.1
DAVID GORDON,20,69.6
DAVID HERNANDO,20,38.7
DAVID HUGO,20,41.1
DAVID JACOB,20,37.7
DAVID LEOPOLDO,20,42.7
DAVID MALCOLM,20,69.5
DAVID MICHEL,20,43.3
DAVID RODOLFO,20,41.9
DELFIM,20,56.2
DENIS RAFAEL,20,26.2
DENNIS ANDRES,20,31.6
DENNIS WILLIAM,20,63.1
DEVON,20,21.4
DIAMOND,20,11.0
DIEGO ANTHONY,20,24.7
DIEGO ELOY,20,35.1
DIEGO RODOLFO,20,44.8
DILAN ALEXIS,20,16.7
DILAN JESUS,20,18.3
DIOGO MANUEL,20,34.3
DJIGUI,20,34.3
DOLORES,20,68.6
DOMINGO BENITO,20,64.2
DOMINGO CARMELO,20,62.8
DONATO JOSE,20,48.6
DONGPING,20,52.2
DRAGOS GEORGE,20,30.6
DUMITRU CIPRIAN,20,43.2
DYLAN ANDREI,20,5.8
DYLAN CALEB,20,6.1
DYLAN JOAN,20,13.5
DYLAN MAURICIO,20,13.5
EAMON,20,51.6
EAMONN,20,48.4
EDDY ANDRES,20,28.1
EDGAR ADOLFO,20,43.8
EDGAR ISMAEL,20,34.5
EDGARDO ARIEL,20,50.7
EDGARDO RAFAEL,20,45.3
EDINSON DAVID,20,32.5
EDIS,20,29.7
EDISON HUMBERTO,20,48.8
EDISON OMAR,20,32.8
EDUARDO ARMANDO,20,49.9
EDUARDO DARIO,20,40.0
EDUARDO MAXIMILIANO,20,42.8
EDUARDS,20,42.0
EDWIN HERNANDO,20,42.5
EDWIN LEONEL,20,36.1
EGE,20,15.0
EISENHOWER,20,45.3
EITHAN MATEO,20,1.6
ELADIO ANGEL,20,63.3
ELAM,20,23.2
ELI SAUL,20,34.8
ELIAN JOSUE,20,14.1
ELIAS CARLOS,20,52.4
ELIAS JOEL,20,21.6
ELIAS PEDRO,20,53.8
ELIAS RICARDO,20,42.1
ELIASS,20,18.3
ELICERIO,20,71.5
ELIECER JOSE,20,39.0
ELISEO FRANCISCO,20,55.9
ELOINO,20,66.8
ELON,20,6.9
ELVIS ADRIAN,20,26.4
ELVIS MIGUEL,20,34.0
EMERIC,20,47.0
EMERSON ALEXANDER,20,23.6
EMERSON ANDRES,20,28.1
EMILIANO CARLOS,20,56.7
EMILIANO LUIS,20,47.7
EMILIO ERNESTO,20,46.6
EMILIO OSCAR,20,53.0
EMMANUEL KOFI,20,32.7
ENRIQUE AMADOR,20,55.2
ENRIQUE BENJAMIN,20,51.0
ENRIQUE CAMILO,20,59.7
ENRIQUE ISIDRO,20,54.4
ENRIQUE JOSUE,20,21.9
ENRIQUE ORLANDO,20,53.1
ENZO MARCELO,20,21.6
ENZO SANTIAGO,20,9.1
ERAI,20,6.6
ERASMO JOSE,20,45.4
ERDAL,20,44.6
ERHAN,20,37.1
ERIC GEORGE,20,37.3
ERIC MATEO,20,8.6
ERIC RAFAEL,20,25.0
ERICK ANDREI,20,7.8
ERICK ISMAEL,20,19.4
ERICK LUIS,20,28.7
ERICK MATIAS,20,10.4
ERICK MICHAEL,20,30.1
ERIK ALEXANDRU,20,11.2
ERIK RAFAEL,20,21.4
ERNESTO RUBEN,20,49.3
ERRADI,20,46.9
ESAM,20,31.8
ESTEBAN BENJAMIN,20,34.9
ESTEBAN GUILLERMO,20,45.8
ESTEBAN MATEO,20,26.5
ESTEBAN SAMUEL,20,29.8
EUDOXIO,20,71.6
EULOGI,20,64.0
EURIPIDES,20,60.5
EVELIO JESUS,20,51.6
EVIAN,20,14.9
EZEQUIEL LUIS,20,48.0
EZEQUIEL MARIA,20,46.0
FABIAN ALFREDO,20,40.6
FABIAN CARLOS,20,53.6
FABIAN EMILIO,20,36.0
FABIAN OSCAR,20,52.4
FABIAN SEBASTIAN,20,32.6
FABIO ERNESTO,20,38.7
FABIO GABRIEL,20,25.0
FABRIZIO SEBASTIAN,20,20.7
FANDILA,20,54.0
FARAN,20,32.3
FAUSI,20,36.4
FAUSTO PATRICIO,20,48.4
FEDERICO EMILIO,20,59.6
FEDERICO SALVADOR,20,50.6
FEIXIANG,20,23.3
FELIPE ARMANDO,20,50.3
FELIPE NERY,20,54.7
FELIX GERARDO,20,56.4
FERNANDO AITOR,20,39.0
FERNANDO BARTOLOME,20,50.6
FERNANDO BERNARDO,20,61.3
FERNANDO EUSEBIO,20,52.7
FERNANDO JERONIMO,20,54.7
FERNANDO LUCIANO,20,51.3
FERRAN LLUIS,20,48.6
FERRAN XAVIER,20,50.8
FILIP ANDREI,20,13.0
FIONN,20,15.0
FLAVIO ALBERTO,20,43.0
FLEMMING,20,66.7
FLORIS,20,40.4
FRANCISCO ADONAY,20,14.2
FRANCISCO CIPRIANO,20,55.7
FRANCISCO FELICIANO,20,60.2
FRANCISCO FULGENCIO,20,54.8
FRANCISCO GUZMAN,20,53.0
FRANCISCO HERIBERTO,20,51.5
FRANCISCO JACOB,20,40.1
FRANCISCO NAUZET,20,33.4
FRANCO ENRIQUE,20,31.4
FRANCO VALENTINO,20,17.6
FRANK JOSEPH,20,44.8
FRANK RICHARD,20,55.8
FRANKLIN IVAN,20,48.7
FRANKLIN LEONEL,20,32.3
FREDDY JOEL,20,31.4
FREDDY MIGUEL,20,38.4
FREDERIC MICHEL,20,55.3
FREDY EDUARDO,20,43.4
FREDY GUSTAVO,20,41.0
FREDY JESUS,20,44.0
FRITS,20,64.2
FUCO,20,13.5
FUJUN,20,42.8
GABRIEL ALIN,20,34.0
GABRIEL CESAR,20,44.2
GABRIEL EDGARDO,20,45.4
GABRIEL FELIX,20,46.1
GABRIEL LEON,20,21.4
GABRIEL LUCAS,20,26.4
GABRIEL OSVALDO,20,46.7
GABRIEL OSWALDO,20,35.5
GABRIEL ROBERT,20,28.4
GAGA,20,33.1
GALASSE,20,40.0
GALLO,20,38.2
GALO ANTONIO,20,50.2
GANA,20,37.6
GARY ANDREW,20,59.6
GARY EDWARD,20,63.0
GASPAR ANDRES,20,43.2
GENCHO,20,54.9
GEOFFREY ALAN,20,71.3
GEORGE LUCIAN,20,34.5
GEORGE NICOLAE,20,33.5
GEORGI HRISTOV,20,49.9
GEOVANE,20,38.0
GERALD DAVID,20,39.7
GERARD GABRIEL,20,19.0
GERARDO FELIPE,20,50.7
GERARDO RUBEN,20,52.5
GERMAN ELIAS,20,46.3
GERMAN HUMBERTO,20,45.5
GHEORGHE DAN,20,50.7
GIAN PIERRE,20,26.2
GILBERTO ALEJANDRO,20,43.6
GILVAN,20,43.1
GINES CARLOS,20,54.1
GINES JUAN,20,50.0
GIOVANNY ALBERTO,20,43.0
GLAUCO,20,51.1
GONZALO ALEXIS,20,39.1
GONZALO VICTOR,20,47.4
GRAHAM EDWARD,20,68.3
GREGORIO FELIPE,20,60.1
GREGORIO FELIX,20,60.5
GREGORIO JOAQUIN,20,62.0
GREGORIO SANTIAGO,20,57.8
GUANJUN,20,51.5
GUANMIN,20,62.7
GUENTER,20,67.5
GUILLERMO GERARDO,20,45.4
GURJANT SINGH,20,32.1
GURSEWAK SINGH,20,32.3
GUSTAVO FELIPE,20,43.7
GUSTAVO SALVADOR,20,52.1
GUSTAVO TOMAS,20,44.3
HADDI,20,43.0
HADIL,20,34.2
HAILIANG,20,37.7
HAIM,20,44.0
HAIRO,20,29.6
HAMMOUN,20,51.9
HANOT,20,27.1
HANS ALEXANDER,20,34.3
HAOKAI,20,19.3
HAOYUAN,20,22.0
HARBEY,20,53.4
HARMANJIT,20,24.4
HARMEET,20,28.5
HARRY JOHN,20,29.4
HARRY WILLIAM,20,35.3
HARSHIT,20,22.4
HECTOR CESAR,20,44.8
HECTOR EUGENIO,20,47.4
HECTOR EZEQUIEL,20,27.8
HECTOR GREGORIO,20,44.3
HECTOR LEON,20,32.6
HECTOR MOISES,20,33.9
HECTOR ULISES,20,37.8
HENNI,20,37.5
HENRRY DAVID,20,41.7
HENRY ALONSO,20,38.2
HERLAND,20,43.2
HERMES ANTONIO,20,44.8
HERNAN JORGE,20,49.9
HERNANDO ENRIQUE,20,47.7
HEVER,20,48.6
HLEB,20,20.0
HORACIO ALEJANDRO,20,49.0
HRISTOFOR,20,50.1
HUGO ADOLFO,20,39.5
HUGO GUSTAVO,20,39.1
HUGUES,20,45.2
HUMBERTO GABRIEL,20,35.7
HUSSAIN ALI,20,6.2
IACOV,20,28.6
IAN CAMILO,20,8.6
IAN FRANCO,20,18.8
IAN KEITH,20,64.1
IAN LESLIE,20,67.5
IAN LUIS,20,13.7
IAN VALENTINO,20,6.4
IANKO,20,46.2
IGNACIO AUGUSTO,20,44.0
IGNACIO CESAR,20,46.6
IGNACIO JACOBO,20,46.3
IGNACIO ROMAN,20,37.4
IKER RAUL,20,15.1
IKHLAQ,20,40.9
ILIE CRISTIAN,20,39.0
ILIE FLORIN,20,41.3
INDI,20,8.7
IOAN EUGEN,20,50.1
IOAN LAURENTIU,20,43.5
IOAN MARCEL,20,49.2
IOAN ROBERT,20,31.7
IOL,20,10.0
ION ALIN,20,38.1
ION GURUTZ,20,54.9
ION NICOLAE,20,47.6
IONUT DUMITRU,20,34.0
IONUT EUGEN,20,37.1
IOZSEF,20,53.2
ISAAC ABRAHAM,20,25.5
ISAAC ANGEL,20,50.8
ISHAAQ,20,4.6
ISIDRO AGUSTIN,20,60.2
ISIDRO PEDRO,20,65.3
ISMAEL DANIEL,20,34.3
ISMAEL IGNACIO,20,44.8
IULIAN NICOLAE,20,37.0
IVAN GREGORIO,20,43.0
IVAN LUCAS,20,31.3
IVAYLO GEORGIEV,20,43.9
IÑAKI MIREN,20,63.1
JACINTO DAVID,20,50.0
JACK DANIEL,20,26.8
JACK JAMES,20,30.5
JACK THOMAS,20,23.3
JACKSON ANDRES,20,27.8
JAIME ANIBAL,20,48.6
JAIME GERARDO,20,43.6
JAIME MARIANO,20,46.1
JAIME RODOLFO,20,48.5
JAIR JOSE,20,32.4
JAIRO ALEXIS,20,35.4
JAIRO SAMUEL,20,30.0
JALAL EDDINE,20,30.0
JALIHENNA,20,34.7
JAMES BRIAN,20,68.1
JAMES FERNANDO,20,39.6
JAMMEH,20,32.2
JAN PAWEL,20,32.1
JANEL,20,37.7
JANUARIO,20,62.6
JARED DAVID,20,13.8
JARI,20,25.6
JASHIM,20,45.4
JASON ANDRES,20,27.0
JASON ANTHONY,20,46.1
JASON JAVIER,20,24.4
JAUAD,20,26.1
JAUME JORDI,20,53.0
JAVIER AVELINO,20,54.2
JAVIER FABIAN,20,43.2
JAVIER JERONIMO,20,46.0
JAVIER LEON,20,40.7
JAVIER RENE,20,40.8
JAVIER REYES,20,46.3
JAVIER STEVEN,20,25.4
JAZZ,20,9.3
JEFERSON ANTONIO,20,25.4
JEFERSON DANIEL,20,22.3
JEFFERSON MIGUEL,20,28.7
JEREMIAS GABRIEL,20,18.5
JEREMIAS JESUS,20,22.2
JEREMY MANUEL,20,24.8
JERONIMO ALEJANDRO,20,36.9
JERONIMO CARLOS,20,53.5
JERREH,20,30.0
JERSSON,20,24.7
JESUS AQUILINO,20,63.2
JESUS ARLEY,20,44.8
JESUS ARNALDO,20,46.3
JESUS GENARO,20,69.0
JESUS VIRGILIO,20,49.1
JHOAN ALBERTO,20,32.1
JHON ANDERSSON,20,35.4
JHON DAIRO,20,39.4
JHON HARRY,20,37.0
JHON KENNEDY,20,35.6
JHON RICHARD,20,42.5
JHON WALTER,20,40.7
JHONNIER,20,28.0
JHONNY EDUARDO,20,38.4
JHONNY ENRIQUE,20,45.9
JHONNY GABRIEL,20,32.3
JHONNY PATRICIO,20,36.9
JHORMAN,20,27.8
JIABIN,20,38.6
JIANNAN,20,47.8
JIANUO,20,11.5
JIANXIAO,20,39.2
JIAPENG,20,18.8
JIEHAO,20,19.5
JINJUN,20,42.3
JOAN GERARD,20,32.8
JOAQUIM JOSEP,20,51.2
JOAQUIN RUBEN,20,43.2
JOEL DARIO,20,24.1
JOEL RAMON,20,32.6
JOEL SAMUEL,20,21.9
JOHAN ANDREY,20,23.6
JOHAN ARLEY,20,29.7
JOHN JESUS,20,36.4
JOHN NICHOLAS,20,61.3
JOHN WILMAR,20,42.6
JOHNNY DAVID,20,37.3
JOLLY,20,41.2
JON IÑIGO,20,41.0
JONATAN ALEXIS,20,35.8
JONATHAN GUSTAVO,20,32.1
JONATHAN LEONEL,20,27.4
JONAY CRISTO,20,31.8
JORDAN JOEL,20,18.6
JORDI ALEXIS,20,20.2
JORDI NICOLAS,20,12.8
JORDI SEBASTIAN,20,14.9
JORGE AMADEO,20,51.5
JORGE BENIGNO,20,49.6
JORGE GIOVANNY,20,45.9
JORGE OLIVER,20,39.3
JORGE VLADIMIR,20,42.7
JOS,20,31.4
JOSE ADELMO,20,45.5
JOSE BRAYAN,20,29.9
JOSE DIONICIO,20,49.5
JOSE GALO,20,60.0
JOSE HELIODORO,20,57.2
JOSE JHONATAN,20,36.3
JOSE LENIN,20,42.4
JOSE LUIS JUAN,20,70.4
JOSE MARIA CARLOS,20,71.0
JOSE MARIA FERNANDO,20,70.5
JOSE ROSALINO,20,61.1
JOSE WASHINGTON,20,54.2
JOSHUA ANDRES,20,15.8
JOSHUA CALEB,20,14.9
JOSHUA EMANUEL,20,11.8
JOSHUA EMMANUEL,20,12.4
JOSHUA ROBERT,20,29.2
JOSIP,20,36.1
JOSU AINGERU,20,48.2
JOSUE ANGEL,20,32.9
JOUSSEF,20,19.4
JUAN BAUTISTA JOSE,20,70.9
JUAN ENMANUEL,20,25.8
JUAN JOSE FRANCISCO,20,67.6
JUAN KARLOS,20,51.6
JUAN M,20,68.5
JUAN NELSON,20,50.2
JUAN SIMEON,20,56.7
JUAN WENCESLAO,20,56.3
JUL,20,15.8
JULEN DANIEL,20,8.4
JULEN JAVIER,20,15.4
JULEN MANUEL,20,12.2
JULIAN BENITO,20,59.4
JULIAN FEDERICO,20,45.1
JULIAN JOAQUIN,20,45.3
JULIAN VICTOR,20,53.1
JULIO BENIGNO,20,59.8
JULIO ELOY,20,58.5
JULITO,20,60.8
JUN XI,20,12.0
JUN YI,20,16.7
JUNIOR IVAN,20,27.9
JUNPENG,20,29.9
JUNYAN,20,26.7
JUSTO ANDRES,20,56.0
JUSTO DANIEL,20,46.1
JUSTO JOAQUIN,20,58.2
KABIL,20,33.5
KAIWEI,20,22.2
KAREM,20,32.2
KARL MICHAEL,20,54.9
KASPARS,20,39.8
KEITH ALAN,20,69.5
KEITH ANDREW,20,57.9
KEVIN DOUGLAS,20,36.8
KEVIN FRANCIS,20,59.8
KEVIN JHOAN,20,24.3
KIARASH,20,29.2
KLEBER PATRICIO,20,46.5
KLEVER ANTONIO,20,47.8
KOJI,20,53.8
KRASIMIR GEORGIEV,20,47.0
KUI,20,44.8
KYLIAN DAVID,20,3.7
LABAT,20,35.8
LAGO,20,3.7
LAIMONAS,20,43.7
LARRY JOSE,20,41.7
LARTAUN,20,34.1
LAURENS,20,29.4
LAURENTIU IULIAN,20,37.7
LEANDRO CESAR,20,42.5
LEANDRO EMMANUEL,20,30.4
LEITH,20,8.3
LENIN EDUARDO,20,37.5
LENY,20,21.4
LEONARD FLORIN,20,26.4
LEONEL ARMANDO,20,37.7
LERI,20,43.0
LESLIE WILLIAM,20,72.5
LEX,20,15.6
LHABIB,20,46.9
LIAM VALENTINO,20,6.2
LIAN DAVID,20,5.8
LIANGJIE,20,37.3
LIMBERTH,20,39.7
LINO ALBERTO,20,55.1
LINO MIGUEL,20,46.8
LIVIU MARIUS,20,40.7
LIWEN,20,34.4
LLOP,20,7.3
LLUIS FERRAN,20,44.5
LUCAS ALEXIS,20,20.9
LUCAS ANTHONY,20,14.5
LUCAS EXEQUIEL,20,30.4
LUCAS FABRICIO,20,19.3
LUCAS MARCOS,20,25.5
LUCAS THIAGO,20,12.1
LUCIANO DAMIAN,20,40.3
LUCIO VICENTE,20,52.8
LUIS ALEJO,20,50.8
LUIS ARNOLDO,20,51.7
LUIS ARNULFO,20,51.5
LUIS EDILBERTO,20,54.8
LUIS ESTANISLAO,20,58.7
LUIS GUALBERTO,20,57.2
LUIS PORFIRIO,20,59.2
LUIS SERAFIN,20,46.4
LUO,20,32.1
MAAROUF,20,43.1
MACODOU,20,37.3
MADIENG,20,42.2
MADIOR,20,38.8
MAHAMADY,20,36.9
MAHAMMAD,20,35.9
MAHAMUD,20,45.7
MAHAN,20,23.3
MAHBOOB,20,48.5
MAHBUB,20,32.1
MAKHOUDIA,20,46.0
MALIN,20,47.3
MAMBAYE,20,40.7
MAMOU,20,37.1
MANISH KUMAR,20,39.0
MANOHAR,20,58.4
MANUEL AITOR,20,37.2
MANUEL ALESSANDRO,20,16.2
MANUEL ASUNCION,20,54.2
MANUEL HERNANDO,20,52.8
MANUEL JOSE MARIA,20,71.6
MANUEL RIGOBERTO,20,53.2
MANUEL SATURNINO,20,60.6
MANUEL TEOFILO,20,54.0
MANUEL ULISES,20,45.8
MARC EDUARD,20,34.5
MARC NICOLAS,20,21.5
MARCELO ERNESTO,20,52.1
MARCELO HECTOR,20,57.3
MARCIN TOMASZ,20,43.2
MARCO AGUSTIN,20,34.8
MARCOS ABRAHAM,20,31.2
MARCOS ANIBAL,20,44.3
MARCOS BENJAMIN,20,40.7
MARCOS DIEGO,20,45.5
MARCOS ELOY,20,39.5
MARCOS GAEL,20,7.6
MARCOS GASTON,20,40.3
MARCOS JORGE,20,51.4
MARCOS LEONEL,20,31.5
MARCOS ULISES,20,44.3
MAREK JAN,20,54.6
MARIAN GEORGE,20,35.8
MARIO CRISTOBAL,20,50.8
MARIO MOISES,20,40.1
MARIO VINICIO,20,47.4
MARIUS CALIN,20,44.4
MARIUSZ PIOTR,20,49.3
MARK ALLEN,20,49.4
MARK SIMON,20,54.4
MARLON ARIEL,20,27.0
MARLON MIGUEL,20,28.9
MARTIN CESAR,20,48.4
MARTIN CHARLES,20,64.1
MARTIN EMANUEL,20,28.9
MARTIN GERMAN,20,40.5
MARTIN JERONIMO,20,21.2
MASSIMO ANTONIO,20,29.6
MATAN,20,32.9
MATEO ALFONSO,20,28.3
MATEO CARLOS,20,41.8
MATEO JOEL,20,12.4
MATEO MARTIN,20,24.6
MATEO STEFAN,20,7.3
MATIAS FACUNDO,20,30.4
MATTHEW EDWARD,20,40.4
MAURICIO VICENTE,20,42.6
MAURO SERGIO,20,43.6
MAXIMILIANO MATIAS,20,35.7
MAXIMILIANO MIGUEL,20,40.0
MAYNOR ANTONIO,20,27.2
MAYNOR JOSUE,20,24.1
MESSIAS,20,40.9
MHAMAD,20,41.8
MICHAEL ARTURO,20,31.0
MICHAEL STEVENS,20,31.4
MICHEL DANIEL,20,40.1
MICHEL GEORGES,20,68.5
MIECZYSLAW,20,65.8
MIGUEL AMADEO,20,52.0
MIGUEL TEODORO,20,58.4
MIHAI NICOLAE,20,37.5
MIHAILO,20,27.2
MIHAITA GABRIEL,20,33.6
MIKEL ANDRES,20,16.3
MIKEL DAVID,20,19.5
MIKEL GABRIEL,20,14.4
MIKEL JAVIER,20,23.6
MILAGROS,20,77.6
MILTON GERMAN,20,49.6
MINCHO,20,50.6
MISAEL JOSE,20,25.3
MOHAD,20,27.1
MOHAMED ABDALLAHI,20,31.7
MOHAMED NADJIB,20,27.9
MOHAMED RASSOUL,20,11.2
MOHAMED TAOUFIK,20,31.4
MOHAMED YASER,20,13.9
MOHAMED ZAID,20,12.0
MOHAMMAD AHMAD,20,22.5
MOHAMMAD IQBAL,20,60.6
MOHAMMED LAMINE,20,42.3
MOHAMMED YASSER,20,23.4
MOHIB,20,22.3
MOHTAR,20,53.9
MOISES SEBASTIAN,20,30.2
MUHAMMAD ADAM,20,4.8
MUHAMMAD AFFAN,20,8.7
MUHAMMAD ILYAS,20,41.1
MUHAMMAD MOIZ,20,7.4
MUHAMMAD RAFAY,20,12.4
MUHAMMAD REHMAN,20,16.6
MUHAMMAD SHAHEER,20,13.0
MUHAMMAD USAMA,20,27.0
MUHAMMAD ZAVIYAR,20,2.8
NABIH,20,36.3
NASRDIN,20,17.8
NATALIO JOSE,20,59.1
NEDIR,20,9.5
NEIL ALEXANDER,20,48.0
NELSON ANIBAL,20,52.1
NELSON CARLOS,20,50.6
NELSON GERMAN,20,50.1
NELSON GREGORIO,20,47.6
NELSON JOSUE,20,23.4
NELSON RENE,20,48.9
NEWEN,20,9.2
NGOM,20,33.8
NICANOR JOSE,20,60.6
NICHOLAS EDWARD,20,44.5
NICOLAE LIVIU,20,47.3
NICOLAS JOHN,20,35.7
NICOLAS OSCAR,20,36.7
NICOLAS ROBERT,20,20.8
NIGEL DAVID,20,64.1
NIGEL JAMES,20,58.6
NIHAD,20,39.6
NIRVAIR,20,10.5
NITA,20,54.3
NODARI,20,35.6
NOH,20,21.8
NOJUS,20,16.2
NORBERTO OSCAR,20,62.5
NORDI,20,36.0
NOUFAL,20,24.8
NOURADIN,20,44.0
ODION,20,40.2
OFER,20,46.6
OHIAN,20,18.9
OLIVER JOSUE,20,19.4
OMAR FELIPE,20,32.1
OMAR IGNACIO,20,38.9
OMAR JOSUE,20,31.5
ORELVYS,20,42.0
OSCAR ABRAHAM,20,35.9
OSCAR AITOR,20,44.9
OSCAR ALBEIRO,20,46.1
OSCAR EZEQUIEL,20,31.1
OSCAR STIVEN,20,29.1
OSCAR YERAY,20,35.6
OSIAN,20,24.7
OSWALDO DANIEL,20,35.8
OVIDIU IULIAN,20,33.2
OVIDIU STEFAN,20,37.0
OZMAN,20,12.9
PABLO CHRISTIAN,20,42.7
PABLO FACUNDO,20,35.4
PABLO HECTOR,20,47.3
PABLO HENRIQUE,20,22.9
PABLO JACOBO,20,43.0
PABLO JERONIMO,20,32.5
PABLO MARCELINO,20,46.0
PABLO ORLANDO,20,50.0
PABLO OSVALDO,20,46.8
PAOLO ANDRES,20,29.6
PAOLO FRANCESCO,20,34.2
PAPE OUSMANE,20,29.8
PASCUAL ALEJANDRO,20,48.3
PASCUAL CARLOS,20,63.8
PAUL CONSTANTIN,20,30.8
PAUL MANUEL,20,32.0
PAUL MARK,20,55.3
PAUL NICOLAS,20,19.5
PEDRO CAYETANO,20,58.0
PEDRO CECILIO,20,56.2
PEDRO ILDEFONSO,20,56.7
PEDRO OSWALDO,20,53.3
PEDRO VICTORIANO,20,64.6
PELEGRI,20,59.3
PETTER,20,45.2
PHILIP ALEXANDER,20,42.2
PHILIPE,20,37.7
PIERO SEBASTIAN,20,21.8
PIERRE MICHEL,20,56.4
PLACIDO FRANCISCO,20,54.4
QIU,20,41.7
QUNFENG,20,40.6
RAFAEL ANDREI,20,11.3
RAFAEL GASPAR,20,51.6
RAFAEL HENRIQUE,20,33.0
RAFAEL JUSTO,20,60.3
RAFAEL LEONIDAS,20,55.7
RAFAEL MARCELINO,20,57.7
RAFIQUE,20,48.2
RAIKO,20,25.6
RAMIRO ALEXANDER,20,32.6
RAMIRO DANIEL,20,42.3
RAMIRO FERNANDO,20,49.1
RAMIRO JUAN,20,51.4
RAMON ALBERT,20,54.7
RAMON ALVARO,20,53.1
RAMON FEDERICO,20,59.5
RAMON ISRAEL,20,40.0
RAMON MAURICIO,20,59.6
RAMON SERGIO,20,54.6
RANDY MANUEL,20,26.2
RANJODH,20,35.5
RASTISLAV,20,48.5
RAUL ALONSO,20,41.7
RAUL GEORGE,20,23.3
RAUL GERMAN,20,50.3
RAUL HERNANDO,20,52.4
RAUL LORENZO,20,47.5
RENATAS,20,46.4
RENE GUSTAVO,20,49.7
RENNY,20,39.1
RENZO MANUEL,20,34.5
REYDEL,20,34.1
RICARDO LUCAS,20,41.9
RICARDO MAXIMILIANO,20,39.8
RICARDO NUNO,20,47.6
RICHARD ARTHUR,20,68.6
RICHARD ARTURO,20,39.7
RICHARD BRYAN,20,38.8
RICHARD ROBERT,20,54.2
RICHARD STEPHEN,20,58.6
RIEL,20,24.9
RIMVYDAS,20,45.6
ROBERT ADAM,20,43.7
ROBERT BRIAN,20,67.2
ROBERTO GERARDO,20,54.1
ROBERTO HERNAN,20,47.8
ROBIN DAVID,20,42.8
RODOLFO GUILLERMO,20,54.1
RODOLFO MARIO,20,60.6
RODRIGO ABEL,20,26.5
RODRIGO ALEXANDRE,20,24.7
RODRIGO EMILIO,20,41.1
RODULFO,20,68.3
ROELOF,20,63.1
ROGELIO ANGEL,20,60.9
ROGER ANTHONY,20,63.7
ROGER AUGUSTO,20,46.8
ROGER FRANCISCO,20,44.5
ROGER STEVEN,20,33.6
ROGERS,20,41.2
ROMAN EDUARDO,20,38.4
ROMEO JR,20,42.5
RONAL JOSE,20,35.7
RONALD LEONARDO,20,32.3
RONGGUANG,20,55.1
RONIE,20,42.5
ROONEY,20,14.3
ROSENDO JESUS,20,46.9
ROSENDO LUIS,20,63.7
ROSENDO MIGUEL,20,51.0
ROY ALEJANDRO,20,31.1
RUBEN EUGENIO,20,52.0
RUBEN JULIAN,20,40.2
RUBEN MAURICIO,20,45.4
RUHUL,20,32.0
RUPERTO JOSE,20,60.6
RUSSELL JAMES,20,48.8
SABINO MANUEL,20,64.9
SAIMIR,20,38.5
SALAHADIN,20,15.7
SALAHEDINE,20,23.9
SALH,20,35.5
SALOMON DAVID,20,19.3
SALVADOR OSCAR,20,51.8
SAMAY,20,11.1
SAMIR ANDRES,20,23.6
SAMUEL DOMINGO,20,29.6
SAMUEL JUNIOR,20,17.9
SANTIAGO ABRAHAM,20,15.8
SANTIAGO ARMANDO,20,36.2
SANTOS GABRIEL,20,46.6
SAUD,20,24.5
SAUL FERNANDO,20,34.6
SAUL JAVIER,20,26.5
SAYDOU,20,33.4
SCOTT MICHAEL,20,41.1
SEBASTIAN OMAR,20,35.8
SEGUNDO SALVADOR,20,53.0
SEGUNDO SANTIAGO,20,55.4
SEHAJPREET,20,11.9
SELVIN OMAR,20,30.9
SEMIR,20,26.2
SERGEJUS,20,54.2
SERGIO MAXIMILIANO,20,40.4
SERGIO RAMIRO,20,38.1
SERGIO VLADIMIR,20,40.8
SERIGNE BARA,20,23.4
SHAFIQUL,20,46.2
SHAM,20,51.8
SHANGWEI,20,40.6
SHAOMIN,20,56.5
SHAOYONG,20,45.1
SHIYONG,20,46.5
SHUANGYI,20,40.2
SIAN,20,14.7
SIGURD,20,26.5
SILVIU IOAN,20,39.5
SIMBARA,20,37.5
SIMON JUAN,20,47.5
SMITH,20,32.5
SOEREN,20,49.9
SOUHAYB,20,14.6
STEFAN COSMIN,20,35.7
STEFAN RAZVAN,20,30.0
STEFANO ALEJANDRO,20,19.8
STEPHEN FRANCIS,20,60.3
STIVEN DAVID,20,25.0
SUKHJEET,20,32.4
SULAMAN,20,32.9
SUN,20,37.7
TALIBE,20,36.3
TARIQ MEHMOOD,20,50.8
TAULANT,20,40.0
TAYSSIR,20,18.5
TENG,20,26.9
TEODOR CRISTIAN,20,30.3
TEODOR DANIEL,20,39.3
TEODORO MIGUEL,20,56.8
TEOFILO ANTONIO,20,59.2
TEOFILO MANUEL,20,55.2
THIAGO LEANDRO,20,9.5
TOBIAS DANIEL,20,24.1
TOBIAS EZEQUIEL,20,18.4
TOBY,20,27.0
TOMAS BERNARDO,20,57.2
TOMAZ,20,40.4
TONI JOAN,20,19.0
TORCUATO MANUEL,20,59.2
UBALDO MANUEL,20,57.1
UCHA,20,39.2
UMESH,20,37.7
UZTARITZ,20,19.2
VALDECI,20,53.6
VALENTIN CATALIN,20,31.6
VALENTIN IOAN,20,43.9
VALENTIN PABLO,20,53.2
VALENTIN SANTIAGO,20,48.4
VALENTINO BENJAMIN,20,10.0
VALERIJS,20,50.4
VARDGES,20,51.9
VASIL DIMITROV,20,50.6
VASILE CONSTANTIN,20,47.5
VASILE DORIN,20,46.1
VELIN,20,45.7
VENICIO,20,58.9
VENTURA JOSE,20,53.8
VICENT ANTONI,20,44.0
VICENTE ADOLFO,20,64.3
VICENTE ALVARO,20,52.9
VICTOR MARCIAL,20,48.1
VICTOR MARCOS,20,50.9
VICTOR YERAY,20,31.0
VICTORAS,20,46.8
VIDAS,20,49.5
VINCENT PAUL,20,50.2
VIOREL CONSTANTIN,20,45.0
VLADIMIR ALEJANDRO,20,33.3
WALTER CARLOS,20,57.1
WALTER GERMAN,20,45.7
WALTER JOSUE,20,28.3
WALTER OSVALDO,20,54.2
WALTER RODOLFO,20,49.8
WALTER ROLANDO,20,41.2
WALTER SANTIAGO,20,36.2
WANLI,20,35.8
WASHINGTON PATRICIO,20,49.8
WASHINGTON RODRIGO,20,54.4
WEISHENG,20,44.5
WENYUAN,20,46.6
WILLAM,20,44.8
WILLIAM ADRIAN,20,30.9
WILLIAM GUILLERMO,20,35.1
WILLIAM GUSTAVO,20,43.4
WILLIAM RODRIGO,20,43.9
WILLIAN DANIEL,20,26.8
WILLIAN JAVIER,20,35.7
WILLIAN PATRICIO,20,41.8
WILLY JOSE,20,40.2
WILSON ALEXIS,20,33.0
WILSON ESTEBAN,20,32.1
WILSON JOSUE,20,28.5
WILY,20,38.4
XABIER ANDONI,20,43.1
XABIER IÑAKI,20,51.6
XALOC,20,25.0
XAVIER ALBERTO,20,34.8
XIANBIN,20,48.9
XIANGXIANG,20,33.4
XOSE HENRIQUE,20,52.0
XUYANG,20,24.3
YAACOB,20,7.8
YAKO,20,32.8
YANIS NICOLAS,20,7.4
YASNIEL,20,30.4
YEHAO,20,18.0
YEISON ALEXIS,20,30.7
YEISON ANTONIO,20,30.1
YERAY CRISTO,20,39.8
YERIAN,20,13.4
YESLEM,20,27.4
YIHUI,20,30.8
YILEI,20,28.1
YILUN,20,27.1
YIZHE,20,16.7
YONEL,20,33.1
YONGHAI,20,51.6
YONIEL,20,25.0
YONNY ALEXANDER,20,40.3
YORMAN ENRIQUE,20,33.9
YOUSOF,20,21.6
YSAAC,20,39.4
YUKAI,20,15.3
YUNUSA,20,29.9
YUTA,20,32.3
ZHENGJUN,20,47.2
ZHENGRONG,20,48.5
ZI HAN,20,9.7
ZILE,20,11.6
ZINE ELABIDINE,20,32.6
ZISHUO,20,8.9
ZIXI,20,13.8
ZUNAIR,20,24.7
